priority_rank,district,rollout_year,store_id,channel,turnover_band,est_monthly_turnover_pkr,latitude,longitude,phase
1,Karachi,2025,CS0018614,Pharmacy,High,1968825,24.855528,66.904221,Phase 1
1,Karachi,2025,CS0021592,Grocery,High,1922006,25.111479,67.236016,Phase 1
1,Karachi,2025,CS0023459,Bakery,High,1907674,24.785833,67.161393,Phase 1
1,Karachi,2025,CS0036701,Pharmacy,High,1853363,25.105746,67.133129,Phase 1
1,Karachi,2025,CS0046635,Bakery,High,1818241,25.178981,67.267176,Phase 1
1,Karachi,2025,CS0018699,Supermarket,High,1756299,25.070497,67.230305,Phase 1
1,Karachi,2025,CS0023772,Grocery,High,1736663,25.079718,67.290238,Phase 1
1,Karachi,2025,CS0048832,Supermarket,High,1734387,24.873934,66.982993,Phase 1
1,Karachi,2025,CS0034283,Grocery,High,1728418,25.209306,67.313817,Phase 1
1,Karachi,2025,CS0018741,Bakery,High,1679572,25.152093,67.191834,Phase 1
1,Karachi,2025,CS0034297,Grocery,High,1676934,25.138634,67.215974,Phase 1
1,Karachi,2025,CS0030031,Supermarket,High,1655653,24.776397,67.227493,Phase 1
1,Karachi,2025,CS0027367,Grocery,High,1633284,25.04193,67.414709,Phase 1
1,Karachi,2025,CS0021544,Pharmacy,High,1627087,24.820159,66.908577,Phase 1
1,Karachi,2025,CS0037426,Grocery,High,1624566,24.844557,67.073008,Phase 1
1,Karachi,2025,CS0045657,Grocery,High,1618775,24.801406,67.181246,Phase 1
1,Karachi,2025,CS0017534,Supermarket,High,1600271,24.876862,67.196069,Phase 1
1,Karachi,2025,CS0034570,Petro Mart,High,1598439,25.180667,67.239834,Phase 1
1,Karachi,2025,CS0043105,Supermarket,High,1597830,25.24979,67.228621,Phase 1
1,Karachi,2025,CS0040182,Petro Mart,High,1596648,25.060849,67.281235,Phase 1
1,Karachi,2025,CS0026598,Grocery,High,1591251,25.133913,67.235468,Phase 1
1,Karachi,2025,CS0020533,Bakery,High,1585601,25.116426,67.116624,Phase 1
1,Karachi,2025,CS0027864,Grocery,High,1575174,24.841865,66.853611,Phase 1
1,Karachi,2025,CS0047592,Grocery,High,1557335,25.243677,67.159385,Phase 1
1,Karachi,2025,CS0042067,Grocery,High,1556641,25.200855,67.212271,Phase 1
1,Karachi,2025,CS0019360,Petro Mart,High,1552737,24.873832,66.995709,Phase 1
1,Karachi,2025,CS0036339,Grocery,High,1545176,24.800187,67.311759,Phase 1
1,Karachi,2025,CS0038200,Bakery,High,1523586,24.838515,66.835113,Phase 1
1,Karachi,2025,CS0017355,Grocery,High,1518089,24.808647,67.136365,Phase 1
1,Karachi,2025,CS0024774,Grocery,High,1496396,25.292181,67.23034,Phase 1
1,Karachi,2025,CS0037092,Grocery,High,1486036,25.126124,67.094612,Phase 1
1,Karachi,2025,CS0037812,Supermarket,High,1484529,25.143524,67.269658,Phase 1
1,Karachi,2025,CS0027091,Grocery,High,1484395,24.839847,67.259155,Phase 1
1,Karachi,2025,CS0040730,Grocery,High,1483011,24.815644,67.087823,Phase 1
1,Karachi,2025,CS0039188,Bakery,High,1482928,24.823322,66.881409,Phase 1
1,Karachi,2025,CS0041440,Grocery,High,1470921,25.103285,67.249302,Phase 1
1,Karachi,2025,CS0033431,Petro Mart,High,1470039,25.150154,67.07795,Phase 1
1,Karachi,2025,CS0049892,Grocery,High,1469155,24.829998,67.186182,Phase 1
1,Karachi,2025,CS0047839,Bakery,High,1463788,25.080289,67.207869,Phase 1
1,Karachi,2025,CS0026358,Grocery,High,1459860,25.225589,67.30252,Phase 1
1,Karachi,2025,CS0038966,Bakery,High,1457265,25.081302,67.148049,Phase 1
1,Karachi,2025,CS0046715,Grocery,High,1452851,24.840991,66.82181,Phase 1
1,Karachi,2025,CS0029513,Pharmacy,High,1451921,24.866013,67.132743,Phase 1
1,Karachi,2025,CS0034258,Pharmacy,High,1444175,25.108239,67.167148,Phase 1
1,Karachi,2025,CS0029980,Grocery,High,1440245,24.876534,66.737337,Phase 1
1,Karachi,2025,CS0021307,Grocery,High,1435941,25.250894,67.172649,Phase 1
1,Karachi,2025,CS0042621,Pharmacy,High,1435109,24.79462,67.154213,Phase 1
1,Karachi,2025,CS0023216,Bakery,High,1434755,25.151767,67.250793,Phase 1
1,Karachi,2025,CS0029466,Petro Mart,High,1434284,25.200389,67.242953,Phase 1
1,Karachi,2025,CS0020390,Grocery,High,1433108,25.084779,67.18158,Phase 1
1,Karachi,2025,CS0017747,Grocery,High,1429702,25.144202,67.257982,Phase 1
1,Karachi,2025,CS0025527,Pharmacy,High,1425412,25.301821,67.23806,Phase 1
1,Karachi,2025,CS0036437,Pharmacy,High,1425223,24.786559,67.13128,Phase 1
1,Karachi,2025,CS0047827,Grocery,High,1422139,25.221745,67.288852,Phase 1
1,Karachi,2025,CS0043404,Grocery,High,1413632,24.895846,66.886599,Phase 1
1,Karachi,2025,CS0037794,Petro Mart,High,1408410,24.854721,66.76644,Phase 1
1,Karachi,2025,CS0023868,Grocery,High,1401212,25.313176,67.253898,Phase 1
1,Karachi,2025,CS0036817,Grocery,High,1399257,25.226199,67.186858,Phase 1
1,Karachi,2025,CS0027802,Supermarket,High,1397728,25.235122,67.213084,Phase 1
1,Karachi,2025,CS0028607,Grocery,High,1393970,25.130874,67.193148,Phase 1
1,Karachi,2025,CS0045760,Supermarket,High,1390218,25.219307,67.231263,Phase 1
1,Karachi,2025,CS0043756,Grocery,High,1389561,25.110005,67.241027,Phase 1
1,Karachi,2025,CS0037789,Bakery,High,1380037,24.832513,67.217681,Phase 1
1,Karachi,2025,CS0032829,Pharmacy,High,1376836,25.254178,67.227119,Phase 1
1,Karachi,2025,CS0028048,Pharmacy,High,1371517,24.975302,67.149023,Phase 1
1,Karachi,2025,CS0026885,Grocery,High,1371054,25.191615,67.214779,Phase 1
1,Karachi,2025,CS0037839,Grocery,High,1369821,25.177899,67.24725,Phase 1
1,Karachi,2025,CS0049748,Grocery,High,1369359,25.171034,67.183524,Phase 1
1,Karachi,2025,CS0022732,Grocery,High,1368546,25.209014,67.165113,Phase 1
1,Karachi,2025,CS0023167,Grocery,High,1367630,25.068004,67.067121,Phase 1
1,Karachi,2025,CS0018081,Grocery,High,1366564,24.868426,67.151309,Phase 1
1,Karachi,2025,CS0042893,Pharmacy,High,1361349,24.785602,67.149175,Phase 1
1,Karachi,2025,CS0041994,Bakery,High,1358893,25.109303,67.17176,Phase 1
1,Karachi,2025,CS0031349,Grocery,High,1357704,24.776222,67.154676,Phase 1
1,Karachi,2025,CS0031384,Petro Mart,High,1347372,25.116999,67.087988,Phase 1
1,Karachi,2025,CS0033265,Grocery,High,1344818,25.063433,67.184295,Phase 1
1,Karachi,2025,CS0043778,Grocery,High,1343693,24.928927,66.822662,Phase 1
1,Karachi,2025,CS0035861,Grocery,High,1343162,25.131859,67.257816,Phase 1
1,Karachi,2025,CS0032706,Bakery,High,1341520,25.249679,67.227197,Phase 1
1,Karachi,2025,CS0037579,Grocery,High,1341174,25.269577,67.251747,Phase 1
1,Karachi,2025,CS0033454,Petro Mart,High,1339991,24.944225,67.183051,Phase 1
1,Karachi,2025,CS0027192,Grocery,High,1339756,25.229144,67.226206,Phase 1
1,Karachi,2025,CS0024027,Grocery,High,1338871,25.062512,67.147446,Phase 1
1,Karachi,2025,CS0038311,Grocery,High,1336976,24.965108,67.13309,Phase 1
1,Karachi,2025,CS0024300,Grocery,High,1336757,25.13304,67.288747,Phase 1
1,Karachi,2025,CS0019613,Petro Mart,High,1336534,25.328887,67.327044,Phase 1
1,Karachi,2025,CS0033732,Grocery,High,1334547,25.10512,67.287155,Phase 1
1,Karachi,2025,CS0035334,Supermarket,High,1334089,25.228034,67.171288,Phase 1
1,Karachi,2025,CS0030249,Grocery,High,1330718,25.226228,67.223422,Phase 1
1,Karachi,2025,CS0042407,Grocery,High,1327221,25.257861,67.25483,Phase 1
1,Karachi,2025,CS0034265,Bakery,High,1324614,24.895995,67.132452,Phase 1
1,Karachi,2025,CS0037280,Bakery,High,1321682,24.845324,67.135941,Phase 1
1,Karachi,2025,CS0038937,Bakery,High,1320773,25.229928,67.235401,Phase 1
1,Karachi,2025,CS0034096,Grocery,High,1319285,25.149641,67.204911,Phase 1
1,Karachi,2025,CS0042695,Bakery,High,1314566,24.799593,67.107015,Phase 1
1,Karachi,2025,CS0027352,Grocery,High,1308852,24.946923,66.983508,Phase 1
1,Karachi,2025,CS0042806,Grocery,High,1307805,24.998219,67.203741,Phase 1
1,Karachi,2025,CS0037055,Pharmacy,High,1307031,25.13701,67.135048,Phase 1
1,Karachi,2025,CS0021577,Bakery,High,1306447,24.921069,66.902846,Phase 1
1,Karachi,2025,CS0034977,Grocery,High,1301814,24.950771,67.151618,Phase 1
1,Karachi,2025,CS0022453,Grocery,High,1301689,24.816146,66.897626,Phase 1
1,Karachi,2025,CS0022734,Petro Mart,High,1301574,25.185022,67.150291,Phase 1
1,Karachi,2025,CS0041160,Bakery,High,1301059,25.211801,67.300873,Phase 1
1,Karachi,2025,CS0048407,Grocery,High,1300902,24.929632,66.843054,Phase 1
1,Karachi,2025,CS0022867,Grocery,High,1300753,25.141463,67.157316,Phase 1
1,Karachi,2025,CS0035859,Grocery,High,1299701,24.866033,66.962604,Phase 1
1,Karachi,2025,CS0045756,Bakery,High,1299127,24.833819,66.92509,Phase 1
1,Karachi,2025,CS0049861,Grocery,High,1297665,25.041004,67.159683,Phase 1
1,Karachi,2025,CS0035754,Grocery,High,1296425,25.022176,67.351713,Phase 1
1,Karachi,2025,CS0044442,Pharmacy,High,1296350,25.274847,67.297485,Phase 1
1,Karachi,2025,CS0025941,Grocery,High,1295211,24.926685,67.126433,Phase 1
1,Karachi,2025,CS0019674,Grocery,High,1295095,24.843216,67.069111,Phase 1
1,Karachi,2025,CS0036857,Grocery,High,1292786,24.997563,67.166242,Phase 1
1,Karachi,2025,CS0025462,Grocery,High,1292744,25.154252,67.139304,Phase 1
1,Karachi,2025,CS0039014,Grocery,High,1291342,25.191378,67.252467,Phase 1
1,Karachi,2025,CS0033534,Grocery,High,1288374,25.199772,67.21218,Phase 1
1,Karachi,2025,CS0042994,Petro Mart,High,1287672,25.090319,67.169665,Phase 1
1,Karachi,2025,CS0029251,Bakery,High,1287141,24.934712,66.812399,Phase 1
1,Karachi,2025,CS0041227,Grocery,High,1282935,25.23912,67.16272,Phase 1
1,Karachi,2025,CS0049948,Pharmacy,High,1281663,25.170034,67.225679,Phase 1
1,Karachi,2025,CS0019298,Grocery,High,1279847,24.886493,66.820783,Phase 1
1,Karachi,2025,CS0024940,Bakery,High,1279337,25.244753,67.200974,Phase 1
1,Karachi,2025,CS0030406,Grocery,High,1275062,25.178038,67.195836,Phase 1
1,Karachi,2025,CS0024603,Pharmacy,High,1272626,25.004266,67.17431,Phase 1
1,Karachi,2025,CS0042669,Supermarket,High,1271441,24.797905,67.256416,Phase 1
1,Karachi,2025,CS0019136,Bakery,High,1271310,25.30108,67.261354,Phase 1
1,Karachi,2025,CS0022153,Grocery,High,1271102,24.998277,67.153387,Phase 1
1,Karachi,2025,CS0043846,Pharmacy,High,1270475,25.108801,67.147002,Phase 1
1,Karachi,2025,CS0018873,Petro Mart,High,1268585,24.919907,66.918986,Phase 1
1,Karachi,2025,CS0021725,Pharmacy,High,1266091,25.18066,67.178293,Phase 1
1,Karachi,2025,CS0029396,Supermarket,High,1265374,24.778003,67.192844,Phase 1
1,Karachi,2025,CS0026145,Grocery,High,1264733,25.101064,67.271031,Phase 1
1,Karachi,2025,CS0048238,Grocery,High,1264469,25.069706,67.173754,Phase 1
1,Karachi,2025,CS0037549,Grocery,High,1262852,24.799531,67.039854,Phase 1
1,Karachi,2025,CS0033916,Supermarket,High,1261795,24.920679,67.165873,Phase 1
1,Karachi,2025,CS0043919,Bakery,High,1257213,24.816016,67.127122,Phase 1
1,Karachi,2025,CS0028964,Grocery,High,1257137,25.206639,67.263394,Phase 1
1,Karachi,2025,CS0035030,Bakery,High,1256986,25.104116,67.130071,Phase 1
1,Karachi,2025,CS0035893,Grocery,High,1256199,25.261113,67.165379,Phase 1
1,Karachi,2025,CS0025795,Grocery,High,1251408,25.173831,67.241766,Phase 1
1,Karachi,2025,CS0048451,Pharmacy,High,1250094,25.207967,67.190893,Phase 1
1,Karachi,2025,CS0019407,Grocery,High,1248901,25.263304,67.160499,Phase 1
1,Karachi,2025,CS0024932,Grocery,High,1248724,25.047309,67.317805,Phase 1
1,Karachi,2025,CS0029904,Grocery,High,1247939,25.225347,67.162261,Phase 1
1,Karachi,2025,CS0022360,Bakery,High,1246704,25.084397,67.111321,Phase 1
1,Karachi,2025,CS0032464,Grocery,High,1245538,24.883292,67.186997,Phase 1
1,Karachi,2025,CS0045142,Grocery,High,1243899,25.134826,67.187247,Phase 1
1,Karachi,2025,CS0030939,Grocery,High,1243893,25.212807,67.219785,Phase 1
1,Karachi,2025,CS0032904,Pharmacy,High,1242673,25.183324,67.24019,Phase 1
1,Karachi,2025,CS0047874,Bakery,High,1242094,25.299734,67.249588,Phase 1
1,Karachi,2025,CS0043575,Bakery,High,1241678,25.141164,67.223138,Phase 1
1,Karachi,2025,CS0024160,Grocery,High,1240744,25.189586,67.201185,Phase 1
1,Karachi,2025,CS0038631,Grocery,High,1240714,24.830715,67.221771,Phase 1
1,Karachi,2025,CS0045732,Petro Mart,High,1238995,24.899424,67.101674,Phase 1
1,Karachi,2025,CS0034352,Grocery,High,1238925,24.739911,67.190475,Phase 1
1,Karachi,2025,CS0048821,Pharmacy,High,1237819,25.259036,67.245695,Phase 1
1,Karachi,2025,CS0050241,Bakery,High,1236926,24.933967,67.084679,Phase 1
1,Karachi,2025,CS0042417,Grocery,High,1236288,24.868084,67.167764,Phase 1
1,Karachi,2025,CS0040308,Pharmacy,High,1236221,25.21677,67.256943,Phase 1
1,Karachi,2025,CS0037171,Grocery,High,1235276,24.783994,67.16076,Phase 1
1,Karachi,2025,CS0019646,Bakery,High,1234717,25.19338,67.190362,Phase 1
1,Karachi,2025,CS0029314,Grocery,High,1233269,25.159423,67.140509,Phase 1
1,Karachi,2025,CS0020195,Pharmacy,High,1231647,24.829104,67.043713,Phase 1
1,Karachi,2025,CS0043764,Grocery,High,1229778,25.083375,67.160092,Phase 1
1,Karachi,2025,CS0043452,Grocery,High,1229645,24.951605,66.836901,Phase 1
1,Karachi,2025,CS0038581,Grocery,High,1228798,25.074193,67.213868,Phase 1
1,Karachi,2025,CS0031124,Grocery,High,1226829,25.143752,67.236665,Phase 1
1,Karachi,2025,CS0017102,Bakery,High,1225232,25.12886,67.229515,Phase 1
1,Karachi,2025,CS0039880,Bakery,High,1225045,24.817411,67.095025,Phase 1
1,Karachi,2025,CS0040113,Bakery,High,1224505,25.182265,67.238356,Phase 1
1,Karachi,2025,CS0048706,Grocery,High,1223159,24.868866,67.231583,Phase 1
1,Karachi,2025,CS0050174,Pharmacy,High,1222795,24.875089,67.162693,Phase 1
1,Karachi,2025,CS0050026,Grocery,High,1222617,24.790363,67.132519,Phase 1
1,Karachi,2025,CS0021971,Grocery,High,1222046,24.798677,67.218736,Phase 1
1,Karachi,2025,CS0039584,Grocery,High,1220890,25.129071,67.120671,Phase 1
1,Karachi,2025,CS0033060,Grocery,High,1220597,25.161157,67.302714,Phase 1
1,Karachi,2025,CS0043261,Grocery,High,1220205,25.003482,67.203489,Phase 1
1,Karachi,2025,CS0032470,Supermarket,High,1218694,25.109521,67.146533,Phase 1
1,Karachi,2025,CS0047931,Grocery,High,1218199,24.865449,67.056665,Phase 1
1,Karachi,2025,CS0028939,Pharmacy,High,1217423,24.862691,67.123113,Phase 1
1,Karachi,2025,CS0041081,Grocery,High,1215561,24.909176,67.18995,Phase 1
1,Karachi,2025,CS0038222,Grocery,High,1214807,24.734308,67.147585,Phase 1
1,Karachi,2025,CS0032377,Pharmacy,High,1212386,25.287607,67.267724,Phase 1
1,Karachi,2025,CS0036280,Grocery,High,1210955,25.220358,67.16594,Phase 1
1,Karachi,2025,CS0023763,Grocery,High,1210743,25.10577,67.177653,Phase 1
1,Karachi,2025,CS0043069,Petro Mart,High,1210127,24.858846,67.246254,Phase 1
1,Karachi,2025,CS0024983,Bakery,High,1210113,24.896328,67.170823,Phase 1
1,Karachi,2025,CS0028229,Grocery,High,1209867,24.844986,66.995948,Phase 1
1,Karachi,2025,CS0049186,Grocery,High,1208532,25.208324,67.129323,Phase 1
1,Karachi,2025,CS0050293,Grocery,High,1206410,25.265296,67.234158,Phase 1
1,Karachi,2025,CS0036432,Grocery,High,1202691,24.921247,66.881973,Phase 1
1,Karachi,2025,CS0038997,Grocery,High,1201488,25.229043,67.164306,Phase 1
1,Karachi,2025,CS0048153,Pharmacy,High,1200881,25.233005,67.172416,Phase 1
1,Karachi,2025,CS0037919,Supermarket,High,1198753,25.051275,67.049241,Phase 1
1,Karachi,2025,CS0026930,Pharmacy,High,1196630,25.072387,67.17758,Phase 1
1,Karachi,2025,CS0023747,Grocery,High,1196578,24.914737,67.078327,Phase 1
1,Karachi,2025,CS0021210,Bakery,High,1195607,25.175003,67.309909,Phase 1
1,Karachi,2025,CS0031588,Grocery,High,1194827,24.873315,66.817937,Phase 1
1,Karachi,2025,CS0030372,Bakery,High,1191767,24.886591,66.830149,Phase 1
1,Karachi,2025,CS0019822,Grocery,High,1191637,25.177416,67.154529,Phase 1
1,Karachi,2025,CS0017347,Grocery,High,1191389,25.190991,67.230895,Phase 1
1,Karachi,2025,CS0034512,Grocery,High,1190308,24.913296,67.246346,Phase 1
1,Karachi,2025,CS0042226,Grocery,High,1189778,25.306624,67.258403,Phase 1
1,Karachi,2025,CS0038583,Grocery,High,1189423,24.823015,67.163993,Phase 1
1,Karachi,2025,CS0040748,Grocery,High,1188431,25.03923,67.090301,Phase 1
1,Karachi,2025,CS0041184,Bakery,High,1188012,24.796217,67.310589,Phase 1
1,Karachi,2025,CS0031529,Pharmacy,High,1187790,25.246991,67.235807,Phase 1
1,Karachi,2025,CS0027889,Grocery,High,1187702,24.948009,67.170588,Phase 1
1,Karachi,2025,CS0027496,Pharmacy,High,1184032,24.818007,67.153421,Phase 1
1,Karachi,2025,CS0023437,Petro Mart,High,1183515,25.204375,67.25243,Phase 1
1,Karachi,2025,CS0024967,Grocery,High,1182496,25.181875,67.308855,Phase 1
1,Karachi,2025,CS0020783,Pharmacy,High,1181824,24.882592,67.284841,Phase 1
1,Karachi,2025,CS0050198,Grocery,High,1179522,24.825256,66.88653,Phase 1
1,Karachi,2025,CS0043152,Grocery,High,1178928,25.106471,67.251492,Phase 1
1,Karachi,2025,CS0020916,Grocery,High,1177597,25.000349,67.123359,Phase 1
1,Karachi,2025,CS0050133,Grocery,High,1177572,24.934158,67.227872,Phase 1
1,Karachi,2025,CS0020652,Pharmacy,High,1177558,25.27752,67.24856,Phase 1
1,Karachi,2025,CS0038476,Grocery,High,1176674,24.826553,66.919952,Phase 1
1,Karachi,2025,CS0046799,Grocery,High,1175850,24.82356,67.208128,Phase 1
1,Karachi,2025,CS0042883,Bakery,High,1174253,25.211709,67.287091,Phase 1
1,Karachi,2025,CS0029860,Grocery,High,1173743,24.802804,67.128552,Phase 1
1,Karachi,2025,CS0024248,Grocery,High,1173228,24.832899,67.141266,Phase 1
1,Karachi,2025,CS0027405,Grocery,High,1173207,24.968446,67.136649,Phase 1
1,Karachi,2025,CS0037172,Grocery,High,1172959,25.207388,67.31859,Phase 1
1,Karachi,2025,CS0019525,Grocery,High,1172846,24.867078,66.893071,Phase 1
1,Karachi,2025,CS0034128,Grocery,High,1172804,25.068333,67.160031,Phase 1
1,Karachi,2025,CS0031763,Grocery,High,1172732,24.746884,67.197952,Phase 1
1,Karachi,2025,CS0026340,Grocery,High,1171632,25.161977,67.181646,Phase 1
1,Karachi,2025,CS0038849,Grocery,High,1170638,25.127137,67.100531,Phase 1
1,Karachi,2025,CS0041241,Grocery,High,1169685,24.842593,67.077899,Phase 1
1,Karachi,2025,CS0046422,Bakery,High,1168836,25.070089,67.140924,Phase 1
1,Karachi,2025,CS0043193,Grocery,High,1168226,24.987332,66.998499,Phase 1
1,Karachi,2025,CS0036743,Pharmacy,High,1167770,24.955752,67.06156,Phase 1
1,Karachi,2025,CS0034721,Grocery,High,1166415,24.886565,66.954777,Phase 1
1,Karachi,2025,CS0040699,Grocery,High,1166221,25.150833,67.191547,Phase 1
1,Karachi,2025,CS0020571,Grocery,High,1166003,25.269597,67.179381,Phase 1
1,Karachi,2025,CS0022524,Supermarket,High,1164412,25.232226,67.336662,Phase 1
1,Karachi,2025,CS0028507,Grocery,High,1162002,25.210001,67.217298,Phase 1
1,Karachi,2025,CS0018145,Bakery,High,1161900,24.940189,67.178839,Phase 1
1,Karachi,2025,CS0045058,Grocery,High,1161760,24.8672,67.023326,Phase 1
1,Karachi,2025,CS0044262,Grocery,High,1160033,24.789489,67.189179,Phase 1
1,Karachi,2025,CS0050232,Grocery,High,1160027,25.175944,67.222012,Phase 1
1,Karachi,2025,CS0017910,Grocery,High,1159308,24.869561,66.998293,Phase 1
1,Karachi,2025,CS0033485,Grocery,High,1158997,25.149506,67.060742,Phase 1
1,Karachi,2025,CS0041795,Grocery,High,1158991,25.193223,67.189216,Phase 1
1,Karachi,2025,CS0043422,Pharmacy,High,1157131,24.894817,67.001068,Phase 1
1,Karachi,2025,CS0035913,Grocery,High,1155506,25.051313,67.205917,Phase 1
1,Karachi,2025,CS0027400,Supermarket,High,1155065,25.25921,67.233723,Phase 1
1,Karachi,2025,CS0048274,Grocery,High,1154898,25.119613,67.158385,Phase 1
1,Karachi,2025,CS0017524,Grocery,High,1152711,25.302934,67.261132,Phase 1
1,Karachi,2025,CS0031352,Grocery,High,1151892,25.244528,67.160706,Phase 1
1,Karachi,2025,CS0023011,Grocery,High,1151891,25.196205,67.323438,Phase 1
1,Karachi,2025,CS0019408,Grocery,High,1149559,24.85,67.196977,Phase 1
1,Karachi,2025,CS0043942,Grocery,High,1149365,25.128384,67.199263,Phase 1
1,Karachi,2025,CS0041853,Supermarket,High,1148863,24.915706,67.265578,Phase 1
1,Karachi,2025,CS0038746,Grocery,High,1148486,25.220825,67.235443,Phase 1
1,Karachi,2025,CS0024729,Bakery,High,1147858,24.950033,67.15851,Phase 1
1,Karachi,2025,CS0044911,Pharmacy,High,1146515,24.839202,67.271315,Phase 1
1,Karachi,2025,CS0036537,Pharmacy,High,1146335,24.771488,67.233326,Phase 1
1,Karachi,2025,CS0027724,Pharmacy,High,1145572,25.263122,67.237529,Phase 1
1,Karachi,2025,CS0047734,Grocery,High,1144507,25.147829,67.177203,Phase 1
1,Karachi,2025,CS0022929,Grocery,High,1143635,25.166518,67.199289,Phase 1
1,Karachi,2025,CS0027617,Grocery,High,1142951,24.877389,67.204908,Phase 1
1,Karachi,2025,CS0030992,Grocery,High,1142328,24.845494,67.188274,Phase 1
1,Karachi,2025,CS0044495,Grocery,High,1141176,25.210603,67.227189,Phase 1
1,Karachi,2025,CS0043621,Petro Mart,High,1139242,25.180714,67.256209,Phase 1
1,Karachi,2025,CS0045304,Bakery,High,1137891,25.221689,67.255731,Phase 1
1,Karachi,2025,CS0046092,Pharmacy,High,1136585,24.799323,67.036394,Phase 1
1,Karachi,2025,CS0041898,Pharmacy,High,1134798,25.281214,67.38452,Phase 1
1,Karachi,2025,CS0032599,Supermarket,High,1134485,25.150679,67.278997,Phase 1
1,Karachi,2025,CS0043476,Grocery,High,1134449,25.226151,67.251228,Phase 1
1,Karachi,2025,CS0039819,Grocery,High,1133175,24.902315,67.169193,Phase 1
1,Karachi,2025,CS0032358,Grocery,High,1132036,24.947163,67.179324,Phase 1
1,Karachi,2025,CS0032119,Grocery,High,1131496,24.767704,67.18198,Phase 1
1,Karachi,2025,CS0047189,Bakery,High,1131466,24.845754,67.202047,Phase 1
1,Karachi,2025,CS0030549,Grocery,High,1131137,25.117918,67.215757,Phase 1
1,Karachi,2025,CS0041613,Grocery,High,1130554,24.906943,66.982903,Phase 1
1,Karachi,2025,CS0024628,Grocery,High,1130515,24.872589,66.866915,Phase 1
1,Karachi,2025,CS0024597,Grocery,High,1130196,24.934593,66.952564,Phase 1
1,Karachi,2025,CS0040017,Bakery,High,1129880,24.77405,67.086071,Phase 1
1,Karachi,2025,CS0050531,Bakery,High,1129813,25.114654,67.152273,Phase 1
1,Karachi,2025,CS0034852,Pharmacy,High,1129325,24.762716,67.161632,Phase 1
1,Karachi,2025,CS0037934,Grocery,High,1128996,24.934514,66.937004,Phase 1
1,Karachi,2025,CS0034006,Grocery,High,1128855,24.79271,67.167282,Phase 1
1,Karachi,2025,CS0039998,Bakery,High,1128610,25.108969,67.284285,Phase 1
1,Karachi,2025,CS0028079,Grocery,High,1126472,25.182038,67.206414,Phase 1
1,Karachi,2025,CS0032089,Grocery,High,1126055,25.1733,67.219419,Phase 1
1,Karachi,2025,CS0046961,Bakery,High,1125166,24.81598,67.175348,Phase 1
1,Karachi,2025,CS0020499,Grocery,High,1124731,24.810321,67.047971,Phase 1
1,Karachi,2025,CS0029277,Pharmacy,High,1124636,24.876542,67.037394,Phase 1
1,Karachi,2025,CS0048609,Grocery,High,1124083,25.164272,67.119654,Phase 1
1,Karachi,2025,CS0034412,Grocery,High,1123736,25.322306,67.184564,Phase 1
1,Karachi,2025,CS0018419,Petro Mart,High,1123461,25.181927,67.294341,Phase 1
1,Karachi,2025,CS0029289,Pharmacy,High,1122590,24.930945,66.929878,Phase 1
1,Karachi,2025,CS0032518,Pharmacy,High,1122536,24.885555,66.902661,Phase 1
1,Karachi,2025,CS0018593,Grocery,High,1121260,25.165849,67.242388,Phase 1
1,Karachi,2025,CS0047303,Bakery,High,1121250,24.8594,67.218376,Phase 1
1,Karachi,2025,CS0040375,Grocery,High,1120563,25.093727,67.218251,Phase 1
1,Karachi,2025,CS0045656,Grocery,High,1120326,25.059406,67.339133,Phase 1
1,Karachi,2025,CS0041286,Supermarket,High,1120280,25.134644,67.097528,Phase 1
1,Karachi,2025,CS0036586,Grocery,High,1118785,25.119446,67.091479,Phase 1
1,Karachi,2025,CS0032482,Grocery,High,1118622,24.871746,67.087952,Phase 1
1,Karachi,2025,CS0050464,Pharmacy,High,1117815,25.20861,67.195623,Phase 1
1,Karachi,2025,CS0033306,Bakery,High,1117764,25.127252,67.259767,Phase 1
1,Karachi,2025,CS0033728,Supermarket,High,1117728,25.127997,67.224593,Phase 1
1,Karachi,2025,CS0050041,Grocery,High,1117536,24.908768,67.194328,Phase 1
1,Karachi,2025,CS0035293,Pharmacy,High,1117365,25.302164,67.254695,Phase 1
1,Karachi,2025,CS0020956,Supermarket,High,1117339,25.263921,67.308604,Phase 1
1,Karachi,2025,CS0046890,Petro Mart,High,1115090,25.133161,67.072562,Phase 1
1,Karachi,2025,CS0035210,Bakery,High,1115069,24.842437,67.147273,Phase 1
1,Karachi,2025,CS0035481,Grocery,High,1114437,25.080958,67.299914,Phase 1
1,Karachi,2025,CS0022245,Pharmacy,High,1113947,24.830997,66.871852,Phase 1
1,Karachi,2025,CS0022644,Grocery,High,1113707,25.194757,67.145783,Phase 1
1,Karachi,2025,CS0047769,Grocery,High,1113651,25.083834,67.182766,Phase 1
1,Karachi,2025,CS0025046,Grocery,High,1113574,25.157022,67.258844,Phase 1
1,Karachi,2025,CS0043267,Grocery,High,1113196,25.186416,67.239733,Phase 1
1,Karachi,2025,CS0028291,Supermarket,High,1113171,24.816212,67.088954,Phase 1
1,Karachi,2025,CS0047212,Grocery,High,1111798,25.129409,67.157834,Phase 1
1,Karachi,2025,CS0049062,Petro Mart,High,1111564,25.064947,67.182673,Phase 1
1,Karachi,2025,CS0028669,Pharmacy,High,1111265,24.861086,66.821283,Phase 1
1,Karachi,2025,CS0048347,Pharmacy,High,1110860,25.116034,67.258246,Phase 1
1,Karachi,2025,CS0027896,Bakery,High,1110043,25.199059,67.227751,Phase 1
1,Karachi,2025,CS0044958,Grocery,High,1109669,25.211454,67.177669,Phase 1
1,Karachi,2025,CS0038820,Supermarket,High,1109625,25.065909,67.201152,Phase 1
1,Karachi,2025,CS0044775,Grocery,High,1109436,24.859474,66.880348,Phase 1
1,Karachi,2025,CS0024464,Grocery,High,1108961,24.879077,67.044779,Phase 1
1,Karachi,2025,CS0050480,Grocery,High,1108818,24.777983,67.130345,Phase 1
1,Karachi,2025,CS0033754,Grocery,High,1108803,24.753777,67.154503,Phase 1
1,Karachi,2025,CS0044879,Grocery,High,1108630,24.850654,67.093496,Phase 1
1,Karachi,2025,CS0035998,Bakery,High,1108289,25.248032,67.175113,Phase 1
1,Karachi,2025,CS0027679,Grocery,High,1108100,24.766727,67.09932,Phase 1
1,Karachi,2025,CS0048190,Supermarket,High,1108032,25.228552,67.288329,Phase 1
1,Karachi,2025,CS0028859,Bakery,High,1107946,25.149247,67.099677,Phase 1
1,Karachi,2025,CS0042199,Grocery,High,1107918,25.131651,67.150777,Phase 1
1,Karachi,2025,CS0028312,Grocery,High,1105859,25.220204,67.236354,Phase 1
1,Karachi,2025,CS0021832,Bakery,High,1105513,24.756512,67.244715,Phase 1
1,Karachi,2025,CS0020476,Pharmacy,High,1105433,24.90277,67.230902,Phase 1
1,Karachi,2025,CS0036584,Pharmacy,High,1104576,25.225919,67.269106,Phase 1
1,Karachi,2025,CS0030681,Petro Mart,High,1103962,25.103406,67.239444,Phase 1
1,Karachi,2025,CS0025395,Pharmacy,High,1103724,25.181568,67.212219,Phase 1
1,Karachi,2025,CS0020730,Grocery,High,1103623,24.768232,67.238104,Phase 1
1,Karachi,2025,CS0028808,Bakery,High,1103500,24.812314,67.07684,Phase 1
1,Karachi,2025,CS0032168,Petro Mart,High,1103456,25.220411,67.242853,Phase 1
1,Karachi,2025,CS0035415,Bakery,High,1103263,24.857565,66.866524,Phase 1
1,Karachi,2025,CS0032601,Grocery,High,1102771,25.237245,67.230123,Phase 1
1,Karachi,2025,CS0019476,Pharmacy,High,1101910,24.845083,67.061721,Phase 1
1,Karachi,2025,CS0049900,Grocery,High,1101111,25.110211,67.269961,Phase 1
1,Karachi,2025,CS0041651,Grocery,High,1100630,25.122703,67.135654,Phase 1
1,Karachi,2025,CS0020184,Grocery,High,1098364,25.15324,67.20464,Phase 1
1,Karachi,2025,CS0037571,Grocery,High,1097639,24.859475,67.186841,Phase 1
1,Karachi,2025,CS0040203,Grocery,High,1096892,25.142933,67.188779,Phase 1
1,Karachi,2025,CS0029920,Grocery,High,1096426,25.122477,67.175081,Phase 1
1,Karachi,2025,CS0035120,Grocery,High,1095865,25.288798,67.32971,Phase 1
1,Karachi,2025,CS0042553,Grocery,High,1095678,25.200368,67.12788,Phase 1
1,Karachi,2025,CS0025748,Supermarket,High,1094906,24.85776,67.05163,Phase 1
1,Karachi,2025,CS0044242,Grocery,High,1094660,24.93245,67.20711,Phase 1
1,Karachi,2025,CS0021784,Grocery,High,1094529,24.900889,67.083862,Phase 1
1,Karachi,2025,CS0029597,Supermarket,High,1094195,25.160693,67.24051,Phase 1
1,Karachi,2025,CS0031015,Grocery,High,1094092,24.927736,67.188061,Phase 1
1,Karachi,2025,CS0027274,Grocery,High,1093466,24.844659,67.024072,Phase 1
1,Karachi,2025,CS0034938,Pharmacy,High,1093132,25.213867,67.164632,Phase 1
1,Karachi,2025,CS0046315,Grocery,High,1092622,24.865584,67.186222,Phase 1
1,Karachi,2025,CS0022593,Supermarket,High,1092255,25.110813,67.127681,Phase 1
1,Karachi,2025,CS0043517,Bakery,High,1091623,24.838304,66.868307,Phase 1
1,Karachi,2025,CS0027746,Bakery,High,1090068,24.849364,66.855777,Phase 1
1,Karachi,2025,CS0028467,Petro Mart,High,1088692,25.278738,67.203656,Phase 1
1,Karachi,2025,CS0042400,Bakery,High,1085966,24.887162,67.07205,Phase 1
1,Karachi,2025,CS0027079,Petro Mart,High,1085845,25.10337,67.147861,Phase 1
1,Karachi,2025,CS0035462,Grocery,High,1085808,25.199039,67.20729,Phase 1
1,Karachi,2025,CS0019907,Grocery,High,1084871,25.121362,67.220933,Phase 1
1,Karachi,2025,CS0023098,Grocery,High,1084411,25.20862,67.255538,Phase 1
1,Karachi,2025,CS0049596,Grocery,High,1084401,25.123693,67.100132,Phase 1
1,Karachi,2025,CS0038221,Grocery,High,1084044,25.05551,67.186913,Phase 1
1,Karachi,2025,CS0038048,Grocery,High,1083598,25.22125,67.256574,Phase 1
1,Karachi,2025,CS0017977,Grocery,High,1083265,25.178621,67.222703,Phase 1
1,Karachi,2025,CS0022385,Grocery,High,1082644,25.173944,67.14795,Phase 1
1,Karachi,2025,CS0024591,Grocery,High,1082039,24.860037,67.172272,Phase 1
1,Karachi,2025,CS0039093,Grocery,High,1081672,25.15912,67.171865,Phase 1
1,Karachi,2025,CS0041456,Grocery,High,1081339,25.190378,67.109324,Phase 1
1,Karachi,2025,CS0032966,Grocery,High,1080615,25.180572,67.263391,Phase 1
1,Karachi,2025,CS0046979,Grocery,High,1080577,24.888099,67.066574,Phase 1
1,Karachi,2025,CS0042539,Bakery,High,1079204,24.87028,67.022168,Phase 1
1,Karachi,2025,CS0020561,Grocery,High,1078656,25.173778,67.168547,Phase 1
1,Karachi,2025,CS0026587,Grocery,High,1078384,24.904197,67.280079,Phase 1
1,Karachi,2025,CS0049986,Grocery,High,1078185,24.909046,66.778378,Phase 1
1,Karachi,2025,CS0028975,Grocery,High,1078181,24.821751,66.947824,Phase 1
1,Karachi,2025,CS0024294,Grocery,High,1077973,24.819317,67.027179,Phase 1
1,Karachi,2025,CS0048505,Grocery,High,1077850,24.802302,66.922323,Phase 1
1,Karachi,2025,CS0022251,Grocery,High,1076675,25.044343,67.107877,Phase 1
1,Karachi,2025,CS0018684,Grocery,High,1076436,24.793903,67.207053,Phase 1
1,Karachi,2025,CS0041564,Pharmacy,High,1075452,25.141116,67.16743,Phase 1
1,Karachi,2025,CS0047194,Grocery,High,1075362,25.038987,67.077904,Phase 1
1,Karachi,2025,CS0034210,Grocery,High,1073533,25.168423,67.309692,Phase 1
1,Karachi,2025,CS0023299,Supermarket,High,1073061,25.072,67.314778,Phase 1
1,Karachi,2025,CS0037368,Supermarket,High,1073006,25.102234,67.214039,Phase 1
1,Karachi,2025,CS0034200,Pharmacy,High,1071830,25.210028,67.228715,Phase 1
1,Karachi,2025,CS0043907,Bakery,High,1071313,24.994021,67.159514,Phase 1
1,Karachi,2025,CS0033914,Pharmacy,High,1071010,24.754092,67.116144,Phase 1
1,Karachi,2025,CS0040119,Pharmacy,High,1069032,25.132224,67.23073,Phase 1
1,Karachi,2025,CS0027560,Pharmacy,High,1068279,25.192131,67.28908,Phase 1
1,Karachi,2025,CS0042770,Grocery,High,1066214,25.193029,67.228458,Phase 1
1,Karachi,2025,CS0040194,Pharmacy,High,1066140,25.119887,67.133192,Phase 1
1,Karachi,2025,CS0029154,Bakery,High,1065944,24.897906,66.826888,Phase 1
1,Karachi,2025,CS0022124,Bakery,High,1065722,25.143043,67.18643,Phase 1
1,Karachi,2025,CS0034088,Grocery,High,1065524,25.198145,67.173485,Phase 1
1,Karachi,2025,CS0027773,Grocery,High,1065417,24.75091,67.159417,Phase 1
1,Karachi,2025,CS0040673,Grocery,High,1065179,24.793651,67.067291,Phase 1
1,Karachi,2025,CS0042069,Bakery,High,1063890,25.129402,67.094282,Phase 1
1,Karachi,2025,CS0034750,Grocery,High,1063098,24.9058,67.160234,Phase 1
1,Karachi,2025,CS0036866,Pharmacy,High,1063095,25.222702,67.27504,Phase 1
1,Karachi,2025,CS0033567,Grocery,High,1062146,25.230355,67.198279,Phase 1
1,Karachi,2025,CS0035710,Supermarket,High,1061905,24.847951,66.876003,Phase 1
1,Karachi,2025,CS0045686,Supermarket,High,1060602,25.201473,67.190099,Phase 1
1,Karachi,2025,CS0018799,Grocery,High,1060533,24.838684,66.971964,Phase 1
1,Karachi,2025,CS0026263,Grocery,High,1060206,25.19039,67.117426,Phase 1
1,Karachi,2025,CS0040670,Bakery,High,1058076,24.862386,66.919107,Phase 1
1,Karachi,2025,CS0036531,Grocery,High,1057596,25.223128,67.184029,Phase 1
1,Karachi,2025,CS0022465,Supermarket,High,1056964,24.835771,67.069758,Phase 1
1,Karachi,2025,CS0048485,Grocery,High,1056886,25.202074,67.166162,Phase 1
1,Karachi,2025,CS0022407,Grocery,High,1056116,24.898909,67.080504,Phase 1
1,Karachi,2025,CS0025313,Grocery,High,1055125,25.216787,67.231417,Phase 1
1,Karachi,2025,CS0049630,Bakery,High,1054671,25.18493,67.219835,Phase 1
1,Karachi,2025,CS0040790,Pharmacy,High,1054268,24.940057,67.059894,Phase 1
1,Karachi,2025,CS0042981,Bakery,High,1054040,25.064154,67.053233,Phase 1
1,Karachi,2025,CS0031239,Grocery,High,1053932,25.201255,67.195216,Phase 1
1,Karachi,2025,CS0039363,Grocery,High,1053460,24.797596,67.036556,Phase 1
1,Karachi,2025,CS0023208,Grocery,High,1052974,24.90927,67.165558,Phase 1
1,Karachi,2025,CS0027833,Supermarket,High,1052881,25.233824,67.303951,Phase 1
1,Karachi,2025,CS0046805,Grocery,High,1052775,24.862123,67.143605,Phase 1
1,Karachi,2025,CS0048551,Grocery,High,1052725,25.132261,67.264757,Phase 1
1,Karachi,2025,CS0027302,Grocery,High,1051379,25.185599,67.299066,Phase 1
1,Karachi,2025,CS0049925,Pharmacy,High,1051075,25.162543,67.24271,Phase 1
1,Karachi,2025,CS0049336,Bakery,High,1051050,25.175959,67.265185,Phase 1
1,Karachi,2025,CS0025371,Grocery,High,1050597,25.143699,67.133584,Phase 1
1,Karachi,2025,CS0049280,Grocery,High,1050585,24.874097,67.200535,Phase 1
1,Karachi,2025,CS0033919,Petro Mart,High,1050414,25.30269,67.218088,Phase 1
1,Karachi,2025,CS0030327,Bakery,High,1049979,24.821866,67.162816,Phase 1
1,Karachi,2025,CS0029937,Grocery,High,1049843,25.184658,67.257453,Phase 1
1,Karachi,2025,CS0026732,Bakery,High,1049423,25.102038,67.192429,Phase 1
1,Karachi,2025,CS0037566,Bakery,High,1048345,24.836388,67.013999,Phase 1
1,Karachi,2025,CS0020273,Grocery,High,1048226,24.945945,66.909067,Phase 1
1,Karachi,2025,CS0042901,Grocery,High,1048086,25.127281,67.234048,Phase 1
1,Karachi,2025,CS0020000,Pharmacy,High,1048024,25.17166,67.136548,Phase 1
1,Karachi,2025,CS0034719,Grocery,High,1047963,25.250727,67.234705,Phase 1
1,Karachi,2025,CS0024475,Grocery,High,1047752,25.269612,67.183049,Phase 1
1,Karachi,2025,CS0023625,Grocery,High,1047323,24.828748,66.996409,Phase 1
1,Karachi,2025,CS0025678,Bakery,High,1045552,25.255084,67.320567,Phase 1
1,Karachi,2025,CS0040624,Grocery,High,1044008,25.214476,67.228392,Phase 1
1,Karachi,2025,CS0035688,Petro Mart,High,1043766,25.176206,67.145431,Phase 1
1,Karachi,2025,CS0017647,Grocery,High,1043302,25.094969,67.1371,Phase 1
1,Karachi,2025,CS0039125,Pharmacy,High,1043220,25.108217,67.192418,Phase 1
1,Karachi,2025,CS0024495,Grocery,High,1042650,25.239267,67.23628,Phase 1
1,Karachi,2025,CS0036324,Grocery,High,1042537,25.219915,67.149891,Phase 1
1,Karachi,2025,CS0017899,Grocery,High,1042210,24.917392,67.170919,Phase 1
1,Karachi,2025,CS0018841,Grocery,High,1041994,25.272409,67.181266,Phase 1
1,Karachi,2025,CS0021059,Grocery,High,1041886,25.180987,67.274652,Phase 1
1,Karachi,2025,CS0026567,Pharmacy,High,1041885,25.125965,67.237102,Phase 1
1,Karachi,2025,CS0036182,Supermarket,High,1041729,25.127564,67.127292,Phase 1
1,Karachi,2025,CS0029813,Grocery,High,1041616,24.795954,67.104558,Phase 1
1,Karachi,2025,CS0019051,Pharmacy,High,1041196,25.205236,67.16053,Phase 1
1,Karachi,2025,CS0022567,Grocery,High,1040225,24.857298,67.141886,Phase 1
1,Karachi,2025,CS0027492,Pharmacy,High,1039803,25.110516,67.15614,Phase 1
1,Karachi,2025,CS0038551,Grocery,High,1038118,25.20503,67.18935,Phase 1
1,Karachi,2025,CS0047582,Bakery,High,1037118,24.91106,66.773517,Phase 1
1,Karachi,2025,CS0049836,Grocery,High,1036870,24.986003,67.009775,Phase 1
1,Karachi,2025,CS0017279,Grocery,High,1036677,24.848939,67.236392,Phase 1
1,Karachi,2025,CS0024378,Supermarket,High,1036437,24.866809,66.841564,Phase 1
1,Karachi,2025,CS0033110,Grocery,High,1036205,25.162704,67.168374,Phase 1
1,Karachi,2025,CS0020482,Grocery,High,1035902,25.251422,67.232056,Phase 1
1,Karachi,2025,CS0021814,Supermarket,High,1034490,25.069833,67.200138,Phase 1
1,Karachi,2025,CS0019854,Pharmacy,High,1034127,24.887861,66.930925,Phase 1
1,Karachi,2025,CS0035253,Petro Mart,High,1034036,24.945817,66.882795,Phase 1
1,Karachi,2025,CS0020216,Grocery,High,1033880,25.173162,67.089352,Phase 1
1,Karachi,2025,CS0027955,Grocery,High,1033813,25.093488,67.169775,Phase 1
1,Karachi,2025,CS0046337,Bakery,High,1033634,25.189144,67.140169,Phase 1
1,Karachi,2025,CS0047999,Pharmacy,High,1033257,25.150439,67.241722,Phase 1
1,Karachi,2025,CS0047607,Grocery,High,1032596,25.097137,67.277457,Phase 1
1,Karachi,2025,CS0021928,Supermarket,High,1031445,25.162434,67.255981,Phase 1
1,Karachi,2025,CS0023152,Pharmacy,High,1031094,24.84804,67.160085,Phase 1
1,Karachi,2025,CS0033474,Grocery,High,1029707,25.25487,67.211633,Phase 1
1,Karachi,2025,CS0048469,Grocery,High,1029492,24.859397,67.107602,Phase 1
1,Karachi,2025,CS0019050,Grocery,High,1029288,25.267658,67.157992,Phase 1
1,Karachi,2025,CS0037420,Grocery,High,1028495,25.143528,67.235326,Phase 1
1,Karachi,2025,CS0019779,Pharmacy,High,1027569,25.115544,67.174596,Phase 1
1,Karachi,2025,CS0026718,Pharmacy,High,1027111,25.012393,67.201116,Phase 1
1,Karachi,2025,CS0030805,Bakery,High,1026951,25.109788,67.160035,Phase 1
1,Karachi,2025,CS0038699,Grocery,High,1025854,25.269708,67.1768,Phase 1
1,Karachi,2025,CS0045694,Grocery,High,1025663,25.057942,67.300803,Phase 1
1,Karachi,2025,CS0048912,Petro Mart,High,1025532,25.088405,67.178206,Phase 1
1,Karachi,2025,CS0048601,Grocery,High,1025308,24.84135,66.881526,Phase 1
1,Karachi,2025,CS0021429,Pharmacy,High,1025211,24.941466,66.890073,Phase 1
1,Karachi,2025,CS0024790,Bakery,High,1024197,24.726175,67.160947,Phase 1
1,Karachi,2025,CS0026067,Grocery,High,1023358,25.194664,67.294026,Phase 1
1,Karachi,2025,CS0023153,Grocery,High,1023299,25.167482,67.11098,Phase 1
1,Karachi,2025,CS0034381,Grocery,High,1023279,25.195852,67.13917,Phase 1
1,Karachi,2025,CS0028998,Grocery,High,1022905,25.232544,67.250022,Phase 1
1,Karachi,2025,CS0039055,Grocery,High,1022034,25.245958,67.154284,Phase 1
1,Karachi,2025,CS0026175,Grocery,High,1021120,25.163907,67.254191,Phase 1
1,Karachi,2025,CS0025770,Grocery,High,1020981,25.219154,67.297617,Phase 1
1,Karachi,2025,CS0048261,Pharmacy,High,1020747,25.04209,67.282391,Phase 1
1,Karachi,2025,CS0017454,Grocery,High,1020498,25.113925,67.189274,Phase 1
1,Karachi,2025,CS0048917,Grocery,High,1020364,25.136366,67.129336,Phase 1
1,Karachi,2025,CS0026666,Grocery,High,1020267,24.800877,67.246028,Phase 1
1,Karachi,2025,CS0024974,Grocery,High,1019222,24.8876,67.124236,Phase 1
1,Karachi,2025,CS0040023,Grocery,High,1019146,25.186941,67.192386,Phase 1
1,Karachi,2025,CS0030541,Grocery,High,1018939,25.008748,67.196525,Phase 1
1,Karachi,2025,CS0046054,Grocery,High,1018182,24.76112,67.244523,Phase 1
1,Karachi,2025,CS0046318,Supermarket,High,1017899,24.865338,67.086581,Phase 1
1,Karachi,2025,CS0020393,Bakery,High,1017727,25.160044,67.264224,Phase 1
1,Karachi,2025,CS0040042,Supermarket,High,1017443,25.156168,67.264486,Phase 1
1,Karachi,2025,CS0025788,Bakery,High,1016269,24.857273,66.749383,Phase 1
1,Karachi,2025,CS0046641,Grocery,High,1015719,25.187804,67.195019,Phase 1
1,Karachi,2025,CS0040327,Grocery,High,1015432,25.008162,67.152916,Phase 1
1,Karachi,2025,CS0035531,Pharmacy,High,1015275,24.820244,66.96887,Phase 1
1,Karachi,2025,CS0043314,Supermarket,High,1014600,24.929055,67.200337,Phase 1
1,Karachi,2025,CS0034270,Grocery,High,1013783,24.896906,67.237701,Phase 1
1,Karachi,2025,CS0035511,Bakery,High,1013387,25.192128,67.207547,Phase 1
1,Karachi,2025,CS0044211,Grocery,High,1013373,25.162133,67.2504,Phase 1
1,Karachi,2025,CS0029785,Grocery,High,1013294,24.819962,67.073788,Phase 1
1,Karachi,2025,CS0017922,Grocery,High,1013235,25.198086,67.315943,Phase 1
1,Karachi,2025,CS0030577,Supermarket,High,1012911,25.195957,67.155477,Phase 1
1,Karachi,2025,CS0035070,Supermarket,High,1012694,25.13729,67.064787,Phase 1
1,Karachi,2025,CS0041861,Pharmacy,High,1012439,25.194399,67.235598,Phase 1
1,Karachi,2025,CS0036808,Pharmacy,High,1012108,25.1345,67.27038,Phase 1
1,Karachi,2025,CS0033321,Pharmacy,High,1012071,25.189393,67.239833,Phase 1
1,Karachi,2025,CS0021713,Grocery,High,1011777,24.84411,67.146191,Phase 1
1,Karachi,2025,CS0028715,Pharmacy,High,1011521,25.216752,67.144781,Phase 1
1,Karachi,2025,CS0021867,Grocery,High,1011429,25.099044,67.134122,Phase 1
1,Karachi,2025,CS0033666,Grocery,High,1011403,25.303835,67.206427,Phase 1
1,Karachi,2025,CS0048607,Grocery,High,1011012,25.211037,67.238904,Phase 1
1,Karachi,2025,CS0047729,Bakery,High,1010407,25.130332,67.193047,Phase 1
1,Karachi,2025,CS0024791,Grocery,High,1009839,24.874448,67.068803,Phase 1
1,Karachi,2025,CS0027130,Supermarket,High,1009368,25.364709,67.27749,Phase 1
1,Karachi,2025,CS0033125,Bakery,High,1009307,24.822054,67.106788,Phase 1
1,Karachi,2025,CS0035648,Grocery,High,1009004,24.788699,67.158524,Phase 1
1,Karachi,2025,CS0036585,Grocery,High,1008773,24.962723,67.180427,Phase 1
1,Karachi,2025,CS0049594,Pharmacy,High,1008586,25.330046,67.279014,Phase 1
1,Karachi,2025,CS0025747,Grocery,High,1008116,24.837868,67.282752,Phase 1
1,Karachi,2025,CS0043429,Supermarket,High,1007576,25.222542,67.197312,Phase 1
1,Karachi,2025,CS0036898,Pharmacy,High,1007394,24.781975,67.251257,Phase 1
1,Karachi,2025,CS0019205,Supermarket,High,1007261,25.241622,67.172335,Phase 1
1,Karachi,2025,CS0021168,Grocery,High,1007178,24.874476,67.101225,Phase 1
1,Karachi,2025,CS0017482,Grocery,High,1006752,24.800233,67.102392,Phase 1
1,Karachi,2025,CS0036340,Grocery,High,1006660,25.230012,67.179871,Phase 1
1,Karachi,2025,CS0018853,Pharmacy,High,1006467,25.178979,67.184563,Phase 1
1,Karachi,2025,CS0038162,Bakery,High,1006007,24.828738,67.000134,Phase 1
1,Karachi,2025,CS0037041,Grocery,High,1005826,25.026317,67.239689,Phase 1
1,Karachi,2025,CS0026378,Grocery,High,1005776,25.250994,67.228389,Phase 1
1,Karachi,2025,CS0022264,Supermarket,High,1005315,25.167689,67.156921,Phase 1
1,Karachi,2025,CS0025962,Grocery,High,1004786,25.21071,67.154144,Phase 1
1,Karachi,2025,CS0048560,Grocery,High,1004642,24.805777,67.173851,Phase 1
1,Karachi,2025,CS0036661,Grocery,High,1004638,25.168955,67.2049,Phase 1
1,Karachi,2025,CS0034117,Grocery,High,1004125,25.064777,67.138288,Phase 1
1,Karachi,2025,CS0041269,Pharmacy,High,1004003,24.916638,67.174407,Phase 1
1,Karachi,2025,CS0045468,Bakery,High,1003787,24.785201,67.222449,Phase 1
1,Karachi,2025,CS0024075,Grocery,High,1003305,24.903525,67.137571,Phase 1
1,Karachi,2025,CS0031001,Grocery,High,1003057,24.947282,67.095122,Phase 1
1,Karachi,2025,CS0031336,Petro Mart,High,1003017,24.78668,67.328633,Phase 1
1,Karachi,2025,CS0033274,Grocery,High,1002752,24.799965,67.038892,Phase 1
1,Karachi,2025,CS0039488,Grocery,High,1002494,25.213541,67.171557,Phase 1
1,Karachi,2025,CS0029934,Grocery,High,1001633,24.957651,66.897231,Phase 1
1,Karachi,2025,CS0021657,Supermarket,High,1001276,24.848283,67.177891,Phase 1
1,Karachi,2025,CS0026028,Bakery,High,1001006,24.915774,67.066834,Phase 1
1,Karachi,2025,CS0038665,Grocery,High,1000936,25.116498,67.284832,Phase 1
1,Karachi,2025,CS0047900,Pharmacy,High,1000074,25.070863,67.276041,Phase 1
1,Karachi,2025,CS0036087,Grocery,High,999960,25.155915,67.154189,Phase 1
1,Karachi,2025,CS0037037,Supermarket,High,999902,24.867599,67.188197,Phase 1
1,Karachi,2025,CS0020028,Grocery,High,999522,25.099069,67.133307,Phase 1
1,Karachi,2025,CS0018896,Grocery,High,998033,25.150885,67.195033,Phase 1
1,Karachi,2025,CS0018809,Pharmacy,High,996838,25.228982,67.18437,Phase 1
1,Karachi,2025,CS0018520,Pharmacy,High,996217,25.128426,67.232281,Phase 1
1,Karachi,2025,CS0048375,Grocery,High,996046,25.132958,67.225977,Phase 1
1,Karachi,2025,CS0017779,Bakery,High,995359,25.150751,67.14208,Phase 1
1,Karachi,2025,CS0047072,Bakery,High,995245,25.175493,67.238533,Phase 1
1,Karachi,2025,CS0036824,Grocery,High,994845,24.845649,67.200211,Phase 1
1,Karachi,2025,CS0024435,Grocery,High,994528,24.879607,66.828967,Phase 1
1,Karachi,2025,CS0044191,Grocery,High,994503,25.228577,67.17801,Phase 1
1,Karachi,2025,CS0025200,Bakery,High,994181,25.11726,67.140819,Phase 1
1,Karachi,2025,CS0029355,Grocery,High,994077,25.095712,67.155519,Phase 1
1,Karachi,2025,CS0022981,Pharmacy,High,993956,25.128876,67.256052,Phase 1
1,Karachi,2025,CS0019389,Supermarket,High,993385,25.323441,67.228132,Phase 1
1,Karachi,2025,CS0040502,Pharmacy,High,993327,25.18751,67.172206,Phase 1
1,Karachi,2025,CS0045516,Grocery,High,993279,24.987966,67.152019,Phase 1
1,Karachi,2025,CS0019941,Grocery,High,993190,25.145511,67.257563,Phase 1
1,Karachi,2025,CS0038641,Grocery,High,992529,24.822814,67.059862,Phase 1
1,Karachi,2025,CS0041313,Pharmacy,High,991146,25.220981,67.239786,Phase 1
1,Karachi,2025,CS0046168,Grocery,High,990294,25.136485,67.141016,Phase 1
1,Karachi,2025,CS0033242,Grocery,High,990260,24.831683,67.163363,Phase 1
1,Karachi,2025,CS0022594,Grocery,High,989985,25.191105,67.307898,Phase 1
1,Karachi,2025,CS0022752,Grocery,High,989157,25.143863,67.226822,Phase 1
1,Karachi,2025,CS0025978,Grocery,High,988834,24.899207,67.168025,Phase 1
1,Karachi,2025,CS0020512,Grocery,High,988603,25.102097,67.070211,Phase 1
1,Karachi,2025,CS0047379,Grocery,High,988599,25.08833,67.197335,Phase 1
1,Karachi,2025,CS0022654,Pharmacy,High,987592,24.867291,67.142256,Phase 1
1,Karachi,2025,CS0029120,Grocery,High,987385,24.786933,67.122608,Phase 1
1,Karachi,2025,CS0020900,Grocery,High,986825,25.118339,67.263903,Phase 1
1,Karachi,2025,CS0030816,Bakery,High,985946,25.046841,67.220549,Phase 1
1,Karachi,2025,CS0049215,Supermarket,High,984593,24.851944,66.818245,Phase 1
1,Karachi,2025,CS0043315,Supermarket,High,984128,25.220931,67.187741,Phase 1
1,Karachi,2025,CS0047674,Grocery,High,983775,24.88797,67.16804,Phase 1
1,Karachi,2025,CS0019315,Grocery,High,983538,25.158901,67.272576,Phase 1
1,Karachi,2025,CS0035877,Grocery,High,983278,24.931686,66.86916,Phase 1
1,Karachi,2025,CS0040498,Bakery,High,983177,24.855528,67.000852,Phase 1
1,Karachi,2025,CS0037244,Grocery,High,982801,24.947631,67.128274,Phase 1
1,Karachi,2025,CS0029091,Bakery,High,982587,24.88063,66.875381,Phase 1
1,Karachi,2025,CS0029703,Petro Mart,High,982299,25.161353,67.064832,Phase 1
1,Karachi,2025,CS0042334,Grocery,High,982298,24.989135,67.229065,Phase 1
1,Karachi,2025,CS0027090,Grocery,High,981751,25.212454,67.156135,Phase 1
1,Karachi,2025,CS0025306,Grocery,High,981583,24.968689,67.192584,Phase 1
1,Karachi,2025,CS0028655,Grocery,High,980815,25.256644,67.232591,Phase 1
1,Karachi,2025,CS0019175,Bakery,High,980484,25.144224,67.245945,Phase 1
1,Karachi,2025,CS0035137,Grocery,High,980329,24.90753,67.221528,Phase 1
1,Karachi,2025,CS0019013,Bakery,High,980284,25.233226,67.215761,Phase 1
1,Karachi,2025,CS0033698,Grocery,High,979272,25.106393,67.284098,Phase 1
1,Karachi,2025,CS0039872,Grocery,High,979095,24.738406,67.269384,Phase 1
1,Karachi,2025,CS0042542,Grocery,High,978311,25.1622,67.234422,Phase 1
1,Karachi,2025,CS0029858,Grocery,High,977772,25.155788,67.272979,Phase 1
1,Karachi,2025,CS0023823,Grocery,High,977545,25.250397,67.197266,Phase 1
1,Karachi,2025,CS0019640,Grocery,High,977053,24.918968,66.880475,Phase 1
1,Karachi,2025,CS0031962,Grocery,High,976681,24.825812,66.92939,Phase 1
1,Karachi,2025,CS0037380,Pharmacy,High,976288,24.781677,67.084674,Phase 1
1,Karachi,2025,CS0035703,Grocery,High,975997,25.056583,67.245531,Phase 1
1,Karachi,2025,CS0028328,Pharmacy,High,975944,24.92303,67.09158,Phase 1
1,Karachi,2025,CS0047198,Supermarket,High,975939,25.047386,67.232295,Phase 1
1,Karachi,2025,CS0029290,Bakery,High,975710,25.293206,67.199565,Phase 1
1,Karachi,2025,CS0017160,Grocery,High,974752,25.234904,67.154284,Phase 1
1,Karachi,2025,CS0045723,Pharmacy,High,974452,24.866069,67.189086,Phase 1
1,Karachi,2025,CS0031612,Grocery,High,974341,24.838134,66.895525,Phase 1
1,Karachi,2025,CS0040621,Petro Mart,High,974046,24.792363,66.96321,Phase 1
1,Karachi,2025,CS0021658,Grocery,High,973891,25.334377,67.243917,Phase 1
1,Karachi,2025,CS0038226,Bakery,High,973562,25.075556,67.044683,Phase 1
1,Karachi,2025,CS0032299,Grocery,High,973486,24.926741,67.147928,Phase 1
1,Karachi,2025,CS0028103,Grocery,High,972763,25.264968,67.244963,Phase 1
1,Karachi,2025,CS0038886,Grocery,High,972427,25.208556,67.247519,Phase 1
1,Karachi,2025,CS0038328,Grocery,High,972321,24.887155,67.184988,Phase 1
1,Karachi,2025,CS0040583,Pharmacy,High,970149,25.057422,67.243999,Phase 1
1,Karachi,2025,CS0023575,Bakery,High,969492,24.839353,66.836755,Phase 1
1,Karachi,2025,CS0044398,Grocery,High,969057,25.134734,67.165078,Phase 1
1,Karachi,2025,CS0025542,Pharmacy,High,967961,25.130864,67.193067,Phase 1
1,Karachi,2025,CS0039493,Grocery,High,967519,24.865175,67.167213,Phase 1
1,Karachi,2025,CS0024871,Grocery,High,966796,24.899666,67.053491,Phase 1
1,Karachi,2025,CS0048183,Bakery,High,966448,25.137185,67.117583,Phase 1
1,Karachi,2025,CS0023601,Grocery,High,966175,25.145956,67.293689,Phase 1
1,Karachi,2025,CS0018125,Grocery,High,966026,24.835379,67.243613,Phase 1
1,Karachi,2025,CS0035864,Grocery,High,966008,25.198422,67.223766,Phase 1
1,Karachi,2025,CS0027761,Bakery,High,965812,25.198131,67.283057,Phase 1
1,Karachi,2025,CS0040091,Grocery,High,965102,25.26124,67.219652,Phase 1
1,Karachi,2025,CS0039489,Grocery,High,964881,25.146543,67.276479,Phase 1
1,Karachi,2025,CS0028668,Grocery,High,964685,25.294076,67.24531,Phase 1
1,Karachi,2025,CS0033235,Petro Mart,High,964159,24.781945,67.165327,Phase 1
1,Karachi,2025,CS0033002,Petro Mart,High,964151,25.143795,67.139845,Phase 1
1,Karachi,2025,CS0021492,Grocery,High,963078,25.169404,67.234891,Phase 1
1,Karachi,2025,CS0043479,Grocery,High,962722,25.144669,67.162812,Phase 1
1,Karachi,2025,CS0046220,Grocery,High,962344,24.790444,67.084232,Phase 1
1,Karachi,2025,CS0035145,Grocery,High,962311,25.151241,67.223969,Phase 1
1,Karachi,2025,CS0030684,Grocery,High,961903,25.159093,67.234994,Phase 1
1,Karachi,2025,CS0039684,Grocery,High,961607,24.864673,67.096406,Phase 1
1,Karachi,2025,CS0035494,Grocery,High,961288,25.192396,67.163924,Phase 1
1,Karachi,2025,CS0020189,Grocery,High,960597,24.841265,66.90277,Phase 1
1,Karachi,2025,CS0026137,Pharmacy,High,960578,25.13298,67.229219,Phase 1
1,Karachi,2025,CS0028920,Grocery,High,959721,24.73466,67.147584,Phase 1
1,Karachi,2025,CS0022233,Grocery,High,958901,24.864295,67.225547,Phase 1
1,Karachi,2025,CS0024371,Grocery,High,958484,25.145961,67.130928,Phase 1
1,Karachi,2025,CS0017319,Bakery,High,958196,25.236102,67.189996,Phase 1
1,Karachi,2025,CS0020065,Bakery,High,958193,25.200091,67.346553,Phase 1
1,Karachi,2025,CS0039148,Grocery,High,958092,25.193444,67.280683,Phase 1
1,Karachi,2025,CS0026905,Grocery,High,957429,25.265028,67.221897,Phase 1
1,Karachi,2025,CS0047064,Grocery,High,957240,24.837612,66.880351,Phase 1
1,Karachi,2025,CS0027510,Grocery,High,957155,25.080705,67.200457,Phase 1
1,Karachi,2025,CS0028888,Pharmacy,High,957133,25.097993,67.155729,Phase 1
1,Karachi,2025,CS0020077,Bakery,High,956615,25.29837,67.217107,Phase 1
1,Karachi,2025,CS0022696,Grocery,High,956433,24.880314,67.289695,Phase 1
1,Karachi,2025,CS0035072,Pharmacy,High,956103,25.292812,67.239504,Phase 1
1,Karachi,2026,CS0027374,Supermarket,High,956058,25.174304,67.229834,Phase 1
1,Karachi,2026,CS0028811,Pharmacy,High,955999,24.88323,67.129156,Phase 1
1,Karachi,2026,CS0045357,Petro Mart,High,955964,25.265879,67.199136,Phase 1
1,Karachi,2026,CS0021240,Grocery,High,955013,25.147699,67.158653,Phase 1
1,Karachi,2026,CS0030960,Petro Mart,High,954701,25.247982,67.305742,Phase 1
1,Karachi,2026,CS0039411,Grocery,High,953779,25.218347,67.165358,Phase 1
1,Karachi,2026,CS0020906,Pharmacy,High,952987,25.102119,67.187974,Phase 1
1,Karachi,2026,CS0019849,Bakery,High,952939,24.837604,67.117621,Phase 1
1,Karachi,2026,CS0031311,Bakery,High,952652,25.368279,67.191401,Phase 1
1,Karachi,2026,CS0042415,Grocery,High,952459,24.767127,67.167132,Phase 1
1,Karachi,2026,CS0031702,Pharmacy,High,951324,25.292431,67.205124,Phase 1
1,Karachi,2026,CS0038049,Bakery,High,951131,25.112261,67.138836,Phase 1
1,Karachi,2026,CS0029481,Grocery,High,950907,25.078235,67.247152,Phase 1
1,Karachi,2026,CS0040100,Petro Mart,High,950823,24.813592,67.136903,Phase 1
1,Karachi,2026,CS0029359,Grocery,High,950625,25.123482,67.142427,Phase 1
1,Karachi,2026,CS0020108,Grocery,High,949657,24.888575,67.053389,Phase 1
1,Karachi,2026,CS0019975,Pharmacy,High,948914,25.25879,67.18242,Phase 1
1,Karachi,2026,CS0037939,Grocery,High,948889,25.10714,67.166335,Phase 1
1,Karachi,2026,CS0030066,Grocery,High,948464,24.920116,67.148998,Phase 1
1,Karachi,2026,CS0023717,Petro Mart,High,948164,24.846096,67.113164,Phase 1
1,Karachi,2026,CS0028387,Pharmacy,High,948038,24.81427,66.915506,Phase 1
1,Karachi,2026,CS0036709,Petro Mart,High,947917,24.816047,67.122934,Phase 1
1,Karachi,2026,CS0037162,Supermarket,High,947908,25.234208,67.237341,Phase 1
1,Karachi,2026,CS0035639,Pharmacy,High,946489,24.8161,67.10076,Phase 1
1,Karachi,2026,CS0049072,Grocery,High,945956,25.159776,67.221456,Phase 1
1,Karachi,2026,CS0033678,Grocery,High,945709,24.755916,67.178065,Phase 1
1,Karachi,2026,CS0026727,Grocery,High,945047,24.948789,67.068906,Phase 1
1,Karachi,2026,CS0019461,Bakery,High,944908,24.813451,67.137288,Phase 1
1,Karachi,2026,CS0026868,Pharmacy,High,944726,25.146349,67.257527,Phase 1
1,Karachi,2026,CS0018287,Pharmacy,High,944660,24.894189,67.150206,Phase 1
1,Karachi,2026,CS0032748,Grocery,High,944419,25.108197,67.164832,Phase 1
1,Karachi,2026,CS0023715,Grocery,High,944266,25.31366,67.26599,Phase 1
1,Karachi,2026,CS0045269,Grocery,High,944240,25.362891,67.262226,Phase 1
1,Karachi,2026,CS0024541,Grocery,High,944225,25.277665,67.280151,Phase 1
1,Karachi,2026,CS0017607,Supermarket,High,943834,25.22414,67.265905,Phase 1
1,Karachi,2026,CS0030637,Bakery,High,943698,25.174131,67.307975,Phase 1
1,Karachi,2026,CS0024647,Grocery,High,942487,24.859801,66.939574,Phase 1
1,Karachi,2026,CS0018869,Pharmacy,High,942285,24.798682,67.107993,Phase 1
1,Karachi,2026,CS0047275,Supermarket,High,941922,24.957732,67.137353,Phase 1
1,Karachi,2026,CS0049929,Grocery,High,941305,25.160674,67.209799,Phase 1
1,Karachi,2026,CS0035325,Bakery,High,941193,25.132127,67.216224,Phase 1
1,Karachi,2026,CS0032616,Grocery,High,940854,25.08264,67.212773,Phase 1
1,Karachi,2026,CS0033503,Grocery,High,940666,24.855159,67.241291,Phase 1
1,Karachi,2026,CS0030801,Grocery,High,940617,25.155824,67.182153,Phase 1
1,Karachi,2026,CS0034471,Petro Mart,High,940393,25.257962,67.210025,Phase 1
1,Karachi,2026,CS0033974,Grocery,High,939243,24.90429,66.798008,Phase 1
1,Karachi,2026,CS0021794,Bakery,High,939216,24.79723,67.167893,Phase 1
1,Karachi,2026,CS0030811,Grocery,High,939152,25.268925,67.176826,Phase 1
1,Karachi,2026,CS0028643,Petro Mart,High,939088,25.213494,67.17514,Phase 1
1,Karachi,2026,CS0032810,Pharmacy,High,938786,25.096916,67.183926,Phase 1
1,Karachi,2026,CS0025722,Pharmacy,High,938090,24.857249,67.055964,Phase 1
1,Karachi,2026,CS0049745,Grocery,High,937984,25.126275,67.043627,Phase 1
1,Karachi,2026,CS0049781,Bakery,High,937929,24.830699,66.858166,Phase 1
1,Karachi,2026,CS0032574,Grocery,High,937887,25.129575,67.151148,Phase 1
1,Karachi,2026,CS0026548,Grocery,High,937833,25.241238,67.162134,Phase 1
1,Karachi,2026,CS0036990,Grocery,High,937773,25.255723,67.165325,Phase 1
1,Karachi,2026,CS0044362,Grocery,High,937034,24.768353,67.125929,Phase 1
1,Karachi,2026,CS0044041,Grocery,High,936700,24.861948,67.247243,Phase 1
1,Karachi,2026,CS0047024,Pharmacy,High,936411,24.873766,67.306183,Phase 1
1,Karachi,2026,CS0046155,Pharmacy,High,936374,25.223081,67.228705,Phase 1
1,Karachi,2026,CS0047859,Grocery,High,936222,25.18427,67.235355,Phase 1
1,Karachi,2026,CS0032156,Pharmacy,High,936217,24.929934,66.782227,Phase 1
1,Karachi,2026,CS0028582,Pharmacy,High,936044,24.872689,66.952734,Phase 1
1,Karachi,2026,CS0019705,Grocery,High,935192,25.20549,67.162341,Phase 1
1,Karachi,2026,CS0030565,Pharmacy,High,934529,25.060211,67.188522,Phase 1
1,Karachi,2026,CS0046819,Grocery,High,934280,25.195964,67.313208,Phase 1
1,Karachi,2026,CS0031531,Bakery,High,933221,25.090969,67.234083,Phase 1
1,Karachi,2026,CS0023901,Pharmacy,High,933187,25.061872,67.207728,Phase 1
1,Karachi,2026,CS0021259,Bakery,High,933173,25.154776,67.074852,Phase 1
1,Karachi,2026,CS0049476,Supermarket,High,933033,24.869136,66.966173,Phase 1
1,Karachi,2026,CS0020969,Grocery,High,932078,25.230953,67.2205,Phase 1
1,Karachi,2026,CS0045213,Supermarket,High,932042,24.989314,67.187679,Phase 1
1,Karachi,2026,CS0025265,Grocery,High,931951,25.117028,67.247423,Phase 1
1,Karachi,2026,CS0029621,Grocery,High,931245,25.220736,67.288162,Phase 1
1,Karachi,2026,CS0037640,Grocery,High,930899,25.212391,67.156718,Phase 1
1,Karachi,2026,CS0017434,Supermarket,High,930550,25.232382,67.163829,Phase 1
1,Karachi,2026,CS0018516,Grocery,High,930114,24.795234,67.150769,Phase 1
1,Karachi,2026,CS0024130,Bakery,High,930085,24.851392,67.29155,Phase 1
1,Karachi,2026,CS0023528,Pharmacy,High,929911,24.812653,67.115628,Phase 1
1,Karachi,2026,CS0029885,Pharmacy,High,928803,25.015205,67.24143,Phase 1
1,Karachi,2026,CS0022483,Supermarket,High,928295,25.165205,67.074833,Phase 1
1,Karachi,2026,CS0048875,Grocery,High,927978,25.112111,67.229046,Phase 1
1,Karachi,2026,CS0041467,Grocery,High,927683,25.279828,67.300284,Phase 1
1,Karachi,2026,CS0017025,Bakery,High,927613,24.778865,67.13376,Phase 1
1,Karachi,2026,CS0018938,Grocery,High,927206,25.115923,67.113,Phase 1
1,Karachi,2026,CS0043751,Grocery,High,927003,25.330623,67.189342,Phase 1
1,Karachi,2026,CS0034517,Bakery,High,926905,24.85657,67.145957,Phase 1
1,Karachi,2026,CS0039968,Grocery,High,926319,25.056322,67.275852,Phase 1
1,Karachi,2026,CS0047056,Grocery,High,926179,24.846656,67.177578,Phase 1
1,Karachi,2026,CS0035554,Pharmacy,High,925854,24.82717,67.081655,Phase 1
1,Karachi,2026,CS0039516,Grocery,High,925775,25.17953,67.196136,Phase 1
1,Karachi,2026,CS0030130,Grocery,High,925489,25.144308,67.186704,Phase 1
1,Karachi,2026,CS0047053,Grocery,High,924722,24.829983,66.945478,Phase 1
1,Karachi,2026,CS0017781,Grocery,High,924126,24.979946,67.194373,Phase 1
1,Karachi,2026,CS0047954,Grocery,High,923729,25.19849,67.221802,Phase 1
1,Karachi,2026,CS0039442,Grocery,High,923640,25.068286,67.12938,Phase 1
1,Karachi,2026,CS0026183,Pharmacy,High,923164,24.847044,67.049756,Phase 1
1,Karachi,2026,CS0042689,Grocery,High,921519,25.181875,67.233613,Phase 1
1,Karachi,2026,CS0034194,Grocery,High,921019,25.151594,67.200584,Phase 1
1,Karachi,2026,CS0028493,Supermarket,High,920873,24.886887,67.028562,Phase 1
1,Karachi,2026,CS0019138,Supermarket,High,920766,25.180714,67.28251,Phase 1
1,Karachi,2026,CS0045153,Bakery,High,920462,25.221792,67.189602,Phase 1
1,Karachi,2026,CS0022384,Grocery,High,920210,25.223325,67.279485,Phase 1
1,Karachi,2026,CS0041220,Petro Mart,High,919822,24.896668,67.180409,Phase 1
1,Karachi,2026,CS0021937,Grocery,High,919557,25.024587,67.265666,Phase 1
1,Karachi,2026,CS0045237,Supermarket,High,919139,24.913286,67.2128,Phase 1
1,Karachi,2026,CS0017151,Grocery,High,918870,25.198101,67.243093,Phase 1
1,Karachi,2026,CS0024472,Bakery,High,918754,24.929639,67.058923,Phase 1
1,Karachi,2026,CS0034780,Grocery,High,918565,24.876389,67.089376,Phase 1
1,Karachi,2026,CS0033702,Grocery,High,918522,25.147085,67.229734,Phase 1
1,Karachi,2026,CS0041623,Grocery,High,918255,25.094328,67.208758,Phase 1
1,Karachi,2026,CS0047368,Grocery,High,918195,25.217399,67.209087,Phase 1
1,Karachi,2026,CS0030511,Bakery,High,918168,24.964202,67.261937,Phase 1
1,Karachi,2026,CS0046087,Grocery,High,917954,25.338344,67.258078,Phase 1
1,Karachi,2026,CS0039735,Pharmacy,High,917781,24.757489,67.157773,Phase 1
1,Karachi,2026,CS0030647,Grocery,High,917778,25.133259,67.241495,Phase 1
1,Karachi,2026,CS0031146,Grocery,High,917665,24.841322,67.272024,Phase 1
1,Karachi,2026,CS0027949,Grocery,High,916856,25.040961,67.261214,Phase 1
1,Karachi,2026,CS0047078,Pharmacy,High,916715,25.115334,67.120757,Phase 1
1,Karachi,2026,CS0023047,Grocery,High,916171,24.868004,67.066843,Phase 1
1,Karachi,2026,CS0022688,Grocery,High,916153,24.792398,67.157723,Phase 1
1,Karachi,2026,CS0039293,Grocery,High,915684,24.861181,67.262636,Phase 1
1,Karachi,2026,CS0018760,Bakery,High,914962,25.085266,67.182171,Phase 1
1,Karachi,2026,CS0048089,Pharmacy,High,914849,25.108484,67.145209,Phase 1
1,Karachi,2026,CS0019313,Petro Mart,High,914621,24.901577,67.136225,Phase 1
1,Karachi,2026,CS0020732,Grocery,High,914384,24.907291,67.007961,Phase 1
1,Karachi,2026,CS0024437,Grocery,High,914193,25.165711,67.251406,Phase 1
1,Karachi,2026,CS0032455,Bakery,High,913866,25.124909,67.256948,Phase 1
1,Karachi,2026,CS0023043,Grocery,High,913558,24.900378,66.924095,Phase 1
1,Karachi,2026,CS0027862,Supermarket,High,913330,25.22976,67.27674,Phase 1
1,Karachi,2026,CS0041202,Grocery,High,913097,25.295316,67.303056,Phase 1
1,Karachi,2026,CS0025976,Grocery,High,912977,24.881882,67.13343,Phase 1
1,Karachi,2026,CS0032652,Grocery,High,912879,24.906152,67.113799,Phase 1
1,Karachi,2026,CS0035459,Pharmacy,High,912454,24.806469,67.199436,Phase 1
1,Karachi,2026,CS0032922,Pharmacy,High,912201,25.17917,67.310762,Phase 1
1,Karachi,2026,CS0038001,Grocery,High,912043,25.158125,67.25542,Phase 1
1,Karachi,2026,CS0018370,Grocery,High,911804,24.840532,67.346276,Phase 1
1,Karachi,2026,CS0030091,Grocery,High,911558,25.143803,67.254037,Phase 1
1,Karachi,2026,CS0041475,Grocery,High,911541,25.264949,67.157463,Phase 1
1,Karachi,2026,CS0046348,Grocery,High,911471,25.190805,67.143726,Phase 1
1,Karachi,2026,CS0034718,Grocery,High,911100,25.116646,67.128474,Phase 1
1,Karachi,2026,CS0038384,Supermarket,High,910898,25.181992,67.241297,Phase 1
1,Karachi,2026,CS0028713,Pharmacy,High,910670,24.90898,66.839472,Phase 1
1,Karachi,2026,CS0039866,Grocery,High,910163,25.072579,67.277042,Phase 1
1,Karachi,2026,CS0023922,Bakery,High,909455,25.133847,67.14046,Phase 1
1,Karachi,2026,CS0048549,Grocery,High,909345,24.856589,67.089412,Phase 1
1,Karachi,2026,CS0039256,Grocery,High,908987,24.842959,67.299942,Phase 1
1,Karachi,2026,CS0019171,Grocery,High,908512,25.277743,67.238828,Phase 1
1,Karachi,2026,CS0028473,Grocery,High,907896,25.243831,67.316018,Phase 1
1,Karachi,2026,CS0048376,Grocery,High,907652,25.092269,67.144486,Phase 1
1,Karachi,2026,CS0019161,Grocery,High,907149,25.161266,67.261664,Phase 1
1,Karachi,2026,CS0022848,Grocery,High,906436,25.056734,67.241998,Phase 1
1,Karachi,2026,CS0032057,Grocery,High,906265,25.04112,67.150709,Phase 1
1,Karachi,2026,CS0035102,Grocery,High,905954,25.210669,67.164178,Phase 1
1,Karachi,2026,CS0048961,Grocery,High,905750,24.87012,66.954392,Phase 1
1,Karachi,2026,CS0044743,Bakery,High,905584,25.21586,67.261912,Phase 1
1,Karachi,2026,CS0042946,Bakery,High,905471,25.113263,67.140707,Phase 1
1,Karachi,2026,CS0047766,Grocery,High,905155,24.840018,67.17293,Phase 1
1,Karachi,2026,CS0018530,Grocery,High,904580,25.178438,67.155447,Phase 1
1,Karachi,2026,CS0042581,Pharmacy,High,904403,24.816922,67.280665,Phase 1
1,Karachi,2026,CS0042445,Grocery,High,904064,25.086327,67.088355,Phase 1
1,Karachi,2026,CS0025990,Grocery,High,903896,24.764223,67.186911,Phase 1
1,Karachi,2026,CS0023800,Grocery,High,903573,25.180103,67.138456,Phase 1
1,Karachi,2026,CS0050195,Grocery,High,903485,24.870778,66.808754,Phase 1
1,Karachi,2026,CS0050029,Grocery,High,902988,25.27555,67.35901,Phase 1
1,Karachi,2026,CS0028881,Grocery,High,902855,24.940137,67.059013,Phase 1
1,Karachi,2026,CS0044356,Bakery,High,902523,25.261813,67.233854,Phase 1
1,Karachi,2026,CS0025560,Grocery,High,902505,25.048024,67.32221,Phase 1
1,Karachi,2026,CS0049297,Pharmacy,High,902459,24.908458,67.111214,Phase 1
1,Karachi,2026,CS0033143,Grocery,High,902321,24.877373,67.054406,Phase 1
1,Karachi,2026,CS0045810,Grocery,High,902128,24.924725,66.977356,Phase 1
1,Karachi,2026,CS0031101,Grocery,High,901905,25.059844,67.080728,Phase 1
1,Karachi,2026,CS0032603,Grocery,High,901306,25.133035,67.206069,Phase 1
1,Karachi,2026,CS0038155,Bakery,High,901271,24.87288,67.043773,Phase 1
1,Karachi,2026,CS0021480,Grocery,High,901162,25.119755,67.213645,Phase 1
1,Karachi,2026,CS0021632,Grocery,High,901056,25.190694,67.17975,Phase 1
1,Karachi,2026,CS0034220,Grocery,High,900840,25.141418,67.287883,Phase 1
1,Karachi,2026,CS0048626,Supermarket,High,900631,25.207797,67.210918,Phase 1
1,Karachi,2026,CS0035321,Pharmacy,High,900618,25.310906,67.307329,Phase 1
1,Karachi,2026,CS0026958,Bakery,High,899858,25.195023,67.280032,Phase 1
1,Karachi,2026,CS0027033,Grocery,High,899304,24.89486,67.16717,Phase 1
1,Karachi,2026,CS0019438,Pharmacy,High,898681,25.222012,67.22164,Phase 1
1,Karachi,2026,CS0031973,Grocery,High,898619,24.938984,67.11031,Phase 1
1,Karachi,2026,CS0030154,Grocery,High,898130,24.865545,67.02755,Phase 1
1,Karachi,2026,CS0024298,Grocery,High,897901,25.08275,67.127075,Phase 1
1,Karachi,2026,CS0039275,Petro Mart,High,897485,24.978393,67.308914,Phase 1
1,Karachi,2026,CS0046927,Grocery,High,897082,24.846126,67.102786,Phase 1
1,Karachi,2026,CS0025764,Grocery,High,896823,24.755399,67.102992,Phase 1
1,Karachi,2026,CS0017881,Grocery,High,896674,24.946989,67.126142,Phase 1
1,Karachi,2026,CS0040463,Bakery,High,896498,25.188901,67.240117,Phase 1
1,Karachi,2026,CS0028814,Grocery,High,896334,24.982776,66.991546,Phase 1
1,Karachi,2026,CS0018822,Grocery,High,896232,25.141204,67.164604,Phase 1
1,Karachi,2026,CS0033972,Supermarket,High,896200,24.84925,67.082815,Phase 1
1,Karachi,2026,CS0042042,Supermarket,High,896164,24.832847,67.031742,Phase 1
1,Karachi,2026,CS0043804,Grocery,High,895619,24.908583,66.889248,Phase 1
1,Karachi,2026,CS0041121,Grocery,High,895584,25.174395,67.209715,Phase 1
1,Karachi,2026,CS0022745,Grocery,High,895574,25.249861,67.318059,Phase 1
1,Karachi,2026,CS0042597,Bakery,High,895031,25.179852,67.125376,Phase 1
1,Karachi,2026,CS0043055,Grocery,High,894757,25.059092,67.195118,Phase 1
1,Karachi,2026,CS0022096,Grocery,High,894498,25.086308,67.233949,Phase 1
1,Karachi,2026,CS0047897,Grocery,High,894369,24.939514,66.96766,Phase 1
1,Karachi,2026,CS0025851,Grocery,High,894216,25.203187,67.167976,Phase 1
1,Karachi,2026,CS0037206,Bakery,High,894079,25.221833,67.27694,Phase 1
1,Karachi,2026,CS0029898,Grocery,High,893380,25.212645,67.295626,Phase 1
1,Karachi,2026,CS0047471,Supermarket,High,893191,24.923141,67.076895,Phase 1
1,Karachi,2026,CS0023207,Pharmacy,High,893100,24.844363,66.833679,Phase 1
1,Karachi,2026,CS0037504,Grocery,High,892363,24.888477,66.84081,Phase 1
1,Karachi,2026,CS0045387,Bakery,High,892095,24.804059,67.10043,Phase 1
1,Karachi,2026,CS0050517,Petro Mart,High,892077,25.203076,67.232738,Phase 1
1,Karachi,2026,CS0031624,Grocery,High,891830,24.934533,67.182355,Phase 1
1,Karachi,2026,CS0035607,Grocery,High,891784,24.843547,66.888707,Phase 1
1,Karachi,2026,CS0046983,Supermarket,High,891617,25.151402,67.114463,Phase 1
1,Karachi,2026,CS0017488,Pharmacy,High,891259,25.141011,67.205365,Phase 1
1,Karachi,2026,CS0029875,Bakery,High,890503,25.150286,67.134898,Phase 1
1,Karachi,2026,CS0022103,Supermarket,High,890428,25.171409,67.145458,Phase 1
1,Karachi,2026,CS0041762,Grocery,High,889366,24.912551,67.072054,Phase 1
1,Karachi,2026,CS0041575,Pharmacy,High,889011,24.929488,67.142688,Phase 1
1,Karachi,2026,CS0019420,Bakery,High,888062,25.267544,67.245207,Phase 1
1,Karachi,2026,CS0050333,Pharmacy,High,887455,24.856523,67.120851,Phase 1
1,Karachi,2026,CS0047570,Grocery,High,886433,25.190269,67.171011,Phase 1
1,Karachi,2026,CS0033366,Pharmacy,High,886398,25.133093,67.118783,Phase 1
1,Karachi,2026,CS0022101,Petro Mart,High,886322,25.251046,67.318549,Phase 1
1,Karachi,2026,CS0045605,Grocery,High,886153,24.823565,67.185414,Phase 1
1,Karachi,2026,CS0028069,Supermarket,High,886042,24.898273,66.775767,Phase 1
1,Karachi,2026,CS0048008,Grocery,High,886025,25.265034,67.222767,Phase 1
1,Karachi,2026,CS0047068,Grocery,High,885855,24.864202,67.035383,Phase 1
1,Karachi,2026,CS0049233,Petro Mart,High,885831,25.302257,67.301504,Phase 1
1,Karachi,2026,CS0019391,Bakery,High,884733,25.226967,67.143812,Phase 1
1,Karachi,2026,CS0038633,Grocery,High,884690,25.08333,67.0222,Phase 1
1,Karachi,2026,CS0047392,Grocery,High,884505,25.090408,67.20578,Phase 1
1,Karachi,2026,CS0027600,Pharmacy,High,884468,24.828727,66.916896,Phase 1
1,Karachi,2026,CS0018050,Grocery,High,883479,24.763739,67.19148,Phase 1
1,Karachi,2026,CS0048271,Supermarket,High,883332,25.181632,67.262812,Phase 1
1,Karachi,2026,CS0046764,Grocery,High,883083,25.017776,67.065442,Phase 1
1,Karachi,2026,CS0027111,Grocery,High,882888,24.836912,66.704346,Phase 1
1,Karachi,2026,CS0021885,Grocery,High,882666,25.047146,67.243406,Phase 1
1,Karachi,2026,CS0018405,Supermarket,High,882436,25.214821,67.185102,Phase 1
1,Karachi,2026,CS0037482,Grocery,High,881452,25.05246,67.213541,Phase 1
1,Karachi,2026,CS0017683,Bakery,High,880713,25.123989,67.253463,Phase 1
1,Karachi,2026,CS0037609,Grocery,High,880671,25.268249,67.196656,Phase 1
1,Karachi,2026,CS0020204,Grocery,High,880538,25.26376,67.299683,Phase 1
1,Karachi,2026,CS0024890,Bakery,High,880536,24.948048,67.185815,Phase 1
1,Karachi,2026,CS0020496,Grocery,High,880037,25.151623,67.246355,Phase 1
1,Karachi,2026,CS0031826,Grocery,High,879953,24.850572,67.081199,Phase 1
1,Karachi,2026,CS0045311,Bakery,High,879943,25.332422,67.362371,Phase 1
1,Karachi,2026,CS0045117,Pharmacy,High,879634,25.187876,67.235766,Phase 1
1,Karachi,2026,CS0038407,Bakery,High,879356,24.998425,67.116361,Phase 1
1,Karachi,2026,CS0032181,Grocery,High,879185,24.783168,67.131217,Phase 1
1,Karachi,2026,CS0018677,Petro Mart,High,879121,24.868724,66.951149,Phase 1
1,Karachi,2026,CS0022450,Grocery,High,878884,24.842257,66.994628,Phase 1
1,Karachi,2026,CS0041090,Grocery,High,878868,24.837706,67.124049,Phase 1
1,Karachi,2026,CS0032223,Supermarket,High,878779,25.148608,67.142319,Phase 1
1,Karachi,2026,CS0020063,Grocery,High,878353,25.268372,67.214862,Phase 1
1,Karachi,2026,CS0028233,Grocery,High,877897,25.294503,67.176105,Phase 1
1,Karachi,2026,CS0046773,Grocery,High,876911,24.985194,67.207189,Phase 1
1,Karachi,2026,CS0032858,Grocery,High,876857,25.138757,67.167966,Phase 1
1,Karachi,2026,CS0049898,Grocery,High,876847,25.087492,67.296407,Phase 1
1,Karachi,2026,CS0020792,Bakery,High,875873,24.761677,67.170319,Phase 1
1,Karachi,2026,CS0031049,Grocery,High,875807,25.175813,67.229107,Phase 1
1,Karachi,2026,CS0045375,Grocery,High,875278,25.10017,67.144961,Phase 1
1,Karachi,2026,CS0037451,Grocery,High,875222,25.263577,67.19334,Phase 1
1,Karachi,2026,CS0019113,Grocery,High,875171,25.266281,67.205161,Phase 1
1,Karachi,2026,CS0037898,Grocery,High,874910,24.822155,67.093744,Phase 1
1,Karachi,2026,CS0047197,Supermarket,High,874279,25.128813,67.234848,Phase 1
1,Karachi,2026,CS0029618,Pharmacy,High,873756,24.925785,67.120586,Phase 1
1,Karachi,2026,CS0045553,Grocery,High,873690,25.11235,67.155801,Phase 1
1,Karachi,2026,CS0034215,Grocery,High,873438,25.260979,67.274699,Phase 1
1,Karachi,2026,CS0040773,Grocery,High,873282,25.177291,67.197158,Phase 1
1,Karachi,2026,CS0019548,Grocery,High,872975,25.112747,67.176505,Phase 1
1,Karachi,2026,CS0043708,Grocery,High,872670,24.777629,67.175093,Phase 1
1,Karachi,2026,CS0019162,Grocery,High,872510,24.927588,66.854783,Phase 1
1,Karachi,2026,CS0032497,Grocery,High,872245,25.237238,67.206618,Phase 1
1,Karachi,2026,CS0037304,Pharmacy,High,872073,24.834776,66.873629,Phase 1
1,Karachi,2026,CS0050213,Grocery,High,871899,24.844379,66.83555,Phase 1
1,Karachi,2026,CS0020595,Grocery,High,871536,24.808976,67.11453,Phase 1
1,Karachi,2026,CS0039813,Pharmacy,High,870879,25.169849,67.22712,Phase 1
1,Karachi,2026,CS0021220,Grocery,High,869609,24.904786,66.883521,Phase 1
1,Karachi,2026,CS0023673,Bakery,High,869542,25.229005,67.156556,Phase 1
1,Karachi,2026,CS0043157,Supermarket,High,869240,24.913356,67.177039,Phase 1
1,Karachi,2026,CS0045073,Grocery,High,869136,25.279066,67.260191,Phase 1
1,Karachi,2026,CS0039444,Grocery,High,869093,25.160953,67.294133,Phase 1
1,Karachi,2026,CS0045935,Bakery,High,868532,24.844928,67.161338,Phase 1
1,Karachi,2026,CS0035320,Bakery,High,868440,24.997859,67.360766,Phase 1
1,Karachi,2026,CS0022303,Grocery,High,867909,24.787605,67.021775,Phase 1
1,Karachi,2026,CS0022816,Grocery,High,867784,25.114848,67.096652,Phase 1
1,Karachi,2026,CS0025100,Grocery,High,867749,25.206734,67.272364,Phase 1
1,Karachi,2026,CS0033316,Grocery,High,867515,24.820489,66.954242,Phase 1
1,Karachi,2026,CS0018882,Grocery,High,867274,25.165721,67.26178,Phase 1
1,Karachi,2026,CS0039864,Grocery,High,867125,24.851143,66.995254,Phase 1
1,Karachi,2026,CS0017490,Pharmacy,High,867107,25.202995,67.242777,Phase 1
1,Karachi,2026,CS0028084,Grocery,High,866081,25.183663,67.259766,Phase 1
1,Karachi,2026,CS0026443,Bakery,High,865812,25.147429,67.175508,Phase 1
1,Karachi,2026,CS0026675,Grocery,High,865364,25.168178,67.152673,Phase 1
1,Karachi,2026,CS0018576,Grocery,High,865070,25.074447,67.168617,Phase 1
1,Karachi,2026,CS0026776,Grocery,High,864931,25.163643,67.200173,Phase 1
1,Karachi,2026,CS0048976,Grocery,High,864905,25.243454,67.168787,Phase 1
1,Karachi,2026,CS0025346,Grocery,High,864863,25.256136,67.231891,Phase 1
1,Karachi,2026,CS0048131,Grocery,High,864770,24.75833,67.116776,Phase 1
1,Karachi,2026,CS0019446,Bakery,High,864660,25.211002,67.183431,Phase 1
1,Karachi,2026,CS0050368,Pharmacy,High,864324,25.253184,67.234218,Phase 1
1,Karachi,2026,CS0039851,Grocery,High,864286,25.086696,67.02851,Phase 1
1,Karachi,2026,CS0046110,Grocery,High,864125,25.188108,67.290415,Phase 1
1,Karachi,2026,CS0047544,Grocery,High,864077,25.148803,67.058589,Phase 1
1,Karachi,2026,CS0020171,Grocery,High,864041,25.34154,67.259431,Phase 1
1,Karachi,2026,CS0042395,Grocery,High,863959,25.164167,67.260753,Phase 1
1,Karachi,2026,CS0017889,Grocery,High,862957,25.180816,67.272196,Phase 1
1,Karachi,2026,CS0019139,Grocery,High,862928,24.833702,66.833993,Phase 1
1,Karachi,2026,CS0041617,Grocery,High,862910,25.200553,67.260094,Phase 1
1,Karachi,2026,CS0045918,Grocery,High,862625,25.053967,67.150899,Phase 1
1,Karachi,2026,CS0033234,Grocery,High,862512,25.17441,67.179456,Phase 1
1,Karachi,2026,CS0018624,Grocery,High,861199,25.331075,67.330789,Phase 1
1,Karachi,2026,CS0026670,Grocery,High,860679,24.873113,67.175054,Phase 1
1,Karachi,2026,CS0038940,Grocery,High,860024,25.223537,67.172294,Phase 1
1,Karachi,2026,CS0028535,Grocery,High,859797,25.08883,67.085975,Phase 1
1,Karachi,2026,CS0045774,Grocery,High,859163,25.225634,67.187762,Phase 1
1,Karachi,2026,CS0022553,Grocery,High,857667,25.171234,67.078991,Phase 1
1,Karachi,2026,CS0023105,Grocery,High,857543,25.117897,67.26009,Phase 1
1,Karachi,2026,CS0023878,Grocery,High,857501,25.246942,67.316496,Phase 1
1,Karachi,2026,CS0043992,Grocery,High,857492,25.163444,67.274461,Phase 1
1,Karachi,2026,CS0024844,Bakery,High,857449,24.827483,67.09085,Phase 1
1,Karachi,2026,CS0043169,Grocery,High,857442,24.840663,66.868136,Phase 1
1,Karachi,2026,CS0040633,Grocery,High,857031,25.142871,67.279964,Phase 1
1,Karachi,2026,CS0030797,Grocery,High,856736,25.110825,67.056187,Phase 1
1,Karachi,2026,CS0019157,Grocery,High,856638,24.86203,67.140357,Phase 1
1,Karachi,2026,CS0038762,Pharmacy,High,856029,25.194805,67.138762,Phase 1
1,Karachi,2026,CS0017914,Bakery,High,855957,24.867867,67.171465,Phase 1
1,Karachi,2026,CS0044485,Pharmacy,High,855750,24.908896,67.177278,Phase 1
1,Karachi,2026,CS0041551,Grocery,High,855157,24.805882,67.240005,Phase 1
1,Karachi,2026,CS0031746,Grocery,High,855049,25.196349,67.13419,Phase 1
1,Karachi,2026,CS0018482,Supermarket,High,854606,25.083366,67.237765,Phase 1
1,Karachi,2026,CS0047185,Grocery,High,854486,25.09529,67.278134,Phase 1
1,Karachi,2026,CS0022287,Bakery,High,854370,25.224884,67.202695,Phase 1
1,Karachi,2026,CS0031148,Supermarket,High,854225,24.794778,66.968375,Phase 1
1,Karachi,2026,CS0030674,Supermarket,High,854212,25.162855,67.11594,Phase 1
1,Karachi,2026,CS0025341,Pharmacy,High,854004,25.319402,67.205685,Phase 1
1,Karachi,2026,CS0038579,Grocery,High,853835,25.127036,67.167695,Phase 1
1,Karachi,2026,CS0020879,Grocery,High,853465,24.854975,67.050007,Phase 1
1,Karachi,2026,CS0047216,Bakery,High,853066,25.193872,67.204501,Phase 1
1,Karachi,2026,CS0031811,Grocery,High,852379,25.178676,67.147891,Phase 1
1,Karachi,2026,CS0025075,Bakery,High,852086,25.153902,67.177372,Phase 1
1,Karachi,2026,CS0026460,Grocery,High,852022,24.872026,67.106442,Phase 1
1,Karachi,2026,CS0046735,Grocery,High,851508,24.827765,67.107578,Phase 1
1,Karachi,2026,CS0018357,Grocery,High,851395,25.055473,67.105304,Phase 1
1,Karachi,2026,CS0031737,Grocery,High,851296,25.135099,67.119092,Phase 1
1,Karachi,2026,CS0022256,Grocery,High,850804,25.261921,67.164469,Phase 1
1,Karachi,2026,CS0048907,Grocery,High,849864,25.265023,67.167595,Phase 1
1,Karachi,2026,CS0047342,Grocery,High,849841,25.18886,67.167827,Phase 1
1,Karachi,2026,CS0047510,Grocery,High,849777,25.130551,67.26337,Phase 1
1,Karachi,2026,CS0024626,Bakery,High,849038,25.131581,67.229051,Phase 1
1,Karachi,2026,CS0047047,Grocery,High,848986,24.871787,67.201394,Phase 1
1,Karachi,2026,CS0023155,Grocery,High,848685,25.226818,67.224876,Phase 1
1,Karachi,2026,CS0020359,Pharmacy,High,848650,24.870763,67.007452,Phase 1
1,Karachi,2026,CS0044355,Bakery,High,848587,24.85212,66.824301,Phase 1
1,Karachi,2026,CS0017029,Grocery,High,848538,24.780161,67.155234,Phase 1
1,Karachi,2026,CS0017917,Pharmacy,High,848091,24.897504,67.141952,Phase 1
1,Karachi,2026,CS0020800,Grocery,High,848056,25.150367,67.173496,Phase 1
1,Karachi,2026,CS0048180,Grocery,High,847623,24.825135,66.874151,Phase 1
1,Karachi,2026,CS0039999,Pharmacy,High,847449,25.294684,67.218138,Phase 1
1,Karachi,2026,CS0021617,Pharmacy,High,847288,25.302251,67.222124,Phase 1
1,Karachi,2026,CS0047031,Grocery,High,847260,24.914048,67.208422,Phase 1
1,Karachi,2026,CS0019024,Grocery,High,847176,25.198472,67.200811,Phase 1
1,Karachi,2026,CS0046408,Pharmacy,High,847175,25.153957,67.305458,Phase 1
1,Karachi,2026,CS0033738,Bakery,High,846423,25.273672,67.272617,Phase 1
1,Karachi,2026,CS0044221,Grocery,High,846326,24.835909,67.107862,Phase 1
1,Karachi,2026,CS0037974,Grocery,High,846274,25.179899,67.222124,Phase 1
1,Karachi,2026,CS0017380,Pharmacy,High,846020,25.230532,67.260819,Phase 1
1,Karachi,2026,CS0046240,Grocery,High,845957,24.873819,67.021426,Phase 1
1,Karachi,2026,CS0018623,Grocery,High,845957,25.211484,67.177873,Phase 1
1,Karachi,2026,CS0041990,Supermarket,High,845585,25.23347,67.269972,Phase 1
1,Karachi,2026,CS0047886,Supermarket,High,845546,25.163979,67.23866,Phase 1
1,Karachi,2026,CS0041109,Supermarket,High,845478,25.262492,67.314992,Phase 1
1,Karachi,2026,CS0026122,Grocery,High,844772,24.913747,66.833099,Phase 1
1,Karachi,2026,CS0048838,Grocery,High,844375,24.877641,66.874494,Phase 1
1,Karachi,2026,CS0040019,Grocery,High,844230,24.85257,66.863556,Phase 1
1,Karachi,2026,CS0044757,Pharmacy,High,844009,24.876147,67.053862,Phase 1
1,Karachi,2026,CS0018372,Supermarket,High,843988,24.915565,67.092399,Phase 1
1,Karachi,2026,CS0035086,Supermarket,High,843498,25.145266,67.168301,Phase 1
1,Karachi,2026,CS0038106,Grocery,High,843054,24.862246,66.914111,Phase 1
1,Karachi,2026,CS0018444,Grocery,High,843049,24.904296,67.176829,Phase 1
1,Karachi,2026,CS0017341,Grocery,High,843042,25.098042,67.252294,Phase 1
1,Karachi,2026,CS0038616,Grocery,High,842989,25.198182,67.170349,Phase 1
1,Karachi,2026,CS0026467,Grocery,High,842965,25.120953,67.189306,Phase 1
1,Karachi,2026,CS0026439,Pharmacy,High,842781,25.171562,67.228031,Phase 1
1,Karachi,2026,CS0039244,Pharmacy,High,842659,25.140704,67.222041,Phase 1
1,Karachi,2026,CS0037570,Grocery,High,842622,25.141163,67.243758,Phase 1
1,Karachi,2026,CS0033581,Grocery,High,842581,25.252091,67.310592,Phase 1
1,Karachi,2026,CS0017055,Bakery,High,842476,24.841518,67.096334,Phase 1
1,Karachi,2026,CS0026177,Pharmacy,High,842189,25.261964,67.220971,Phase 1
1,Karachi,2026,CS0039173,Grocery,High,841985,25.166319,67.225325,Phase 1
1,Karachi,2026,CS0027182,Bakery,High,841766,25.125297,67.244982,Phase 1
1,Karachi,2026,CS0030077,Bakery,High,841282,25.180944,67.187649,Phase 1
1,Karachi,2026,CS0043087,Grocery,High,840475,25.07853,67.256843,Phase 1
1,Karachi,2026,CS0043966,Pharmacy,High,840306,24.970491,67.099896,Phase 1
1,Karachi,2026,CS0029055,Grocery,High,840213,25.195091,67.332177,Phase 1
1,Karachi,2026,CS0046988,Grocery,High,840163,24.862994,66.981143,Phase 1
1,Karachi,2026,CS0019125,Grocery,High,840156,25.247139,67.164193,Phase 1
1,Karachi,2026,CS0024113,Supermarket,High,840130,24.905764,67.069802,Phase 1
1,Karachi,2026,CS0047798,Grocery,High,839628,24.822711,67.198786,Phase 1
1,Karachi,2026,CS0026095,Grocery,High,838367,25.162687,67.188757,Phase 1
1,Karachi,2026,CS0047708,Grocery,High,838032,24.990509,66.903122,Phase 1
1,Karachi,2026,CS0036703,Pharmacy,High,837974,25.222973,67.269524,Phase 1
1,Karachi,2026,CS0028489,Grocery,High,837615,24.957636,67.205745,Phase 1
1,Karachi,2026,CS0036659,Grocery,High,837132,24.848677,67.258236,Phase 1
1,Karachi,2026,CS0044023,Grocery,High,836675,24.877132,66.955611,Phase 1
1,Karachi,2026,CS0040537,Grocery,High,836446,25.324101,67.238256,Phase 1
1,Karachi,2026,CS0048784,Grocery,High,836439,25.134043,67.137749,Phase 1
1,Karachi,2026,CS0049742,Grocery,High,836353,24.835096,67.098099,Phase 1
1,Karachi,2026,CS0044172,Grocery,High,836303,25.102194,67.139965,Phase 1
1,Karachi,2026,CS0026938,Grocery,High,835938,25.070526,67.302456,Phase 1
1,Karachi,2026,CS0020996,Grocery,High,835208,25.22877,67.209,Phase 1
1,Karachi,2026,CS0049659,Grocery,High,834634,25.116807,67.166914,Phase 1
1,Karachi,2026,CS0026506,Grocery,High,833383,25.160265,67.18081,Phase 1
1,Karachi,2026,CS0050494,Grocery,High,832984,25.07342,67.210126,Phase 1
1,Karachi,2026,CS0025973,Bakery,High,832433,24.945558,67.25012,Phase 1
1,Karachi,2026,CS0049928,Grocery,High,832320,24.918163,67.135525,Phase 1
1,Karachi,2026,CS0028142,Grocery,High,832027,25.15358,67.214478,Phase 1
1,Karachi,2026,CS0036742,Grocery,High,831564,25.14249,67.185699,Phase 1
1,Karachi,2026,CS0024391,Pharmacy,High,831384,25.310747,67.210061,Phase 1
1,Karachi,2026,CS0031932,Bakery,High,831046,25.175906,67.242692,Phase 1
1,Karachi,2026,CS0021946,Bakery,High,830996,24.897289,66.792227,Phase 1
1,Karachi,2026,CS0032489,Grocery,High,830709,25.266272,67.196517,Phase 1
1,Karachi,2026,CS0040839,Grocery,High,830381,24.942408,67.157079,Phase 1
1,Karachi,2026,CS0029273,Grocery,High,830209,24.826071,66.984448,Phase 1
1,Karachi,2026,CS0022956,Grocery,High,829718,25.228241,67.230268,Phase 1
1,Karachi,2026,CS0017479,Grocery,High,829576,25.138295,67.262984,Phase 1
1,Karachi,2026,CS0018178,Grocery,High,829145,24.873341,66.848952,Phase 1
1,Karachi,2026,CS0020039,Bakery,High,829120,24.810929,67.229968,Phase 1
1,Karachi,2026,CS0034894,Pharmacy,High,829095,25.072035,67.168023,Phase 1
1,Karachi,2026,CS0044063,Bakery,High,828807,25.082133,67.219707,Phase 1
1,Karachi,2026,CS0020449,Bakery,High,828706,24.933287,67.059453,Phase 1
1,Karachi,2026,CS0023750,Pharmacy,High,828128,25.281618,67.202132,Phase 1
1,Karachi,2026,CS0021964,Grocery,High,827414,25.143126,67.16364,Phase 1
1,Karachi,2026,CS0036312,Supermarket,High,827261,25.170244,67.254566,Phase 1
1,Karachi,2026,CS0037619,Grocery,High,826906,25.106856,67.162682,Phase 1
1,Karachi,2026,CS0032074,Grocery,High,826195,25.170119,67.227541,Phase 1
1,Karachi,2026,CS0037486,Grocery,High,826053,25.145251,67.264929,Phase 1
1,Karachi,2026,CS0048895,Grocery,High,826043,24.85924,67.144511,Phase 1
1,Karachi,2026,CS0019393,Grocery,High,825390,25.085965,67.190151,Phase 1
1,Karachi,2026,CS0046532,Grocery,High,825305,25.042555,67.123929,Phase 1
1,Karachi,2026,CS0048566,Grocery,High,825223,25.137544,67.187395,Phase 1
1,Karachi,2026,CS0049907,Grocery,High,825191,24.866993,66.951083,Phase 1
1,Karachi,2026,CS0046209,Grocery,High,825179,24.862655,67.146323,Phase 1
1,Karachi,2026,CS0032282,Grocery,High,825000,25.162636,67.232406,Phase 1
1,Karachi,2026,CS0046795,Supermarket,High,824456,25.202183,67.174931,Phase 1
1,Karachi,2026,CS0028833,Grocery,High,824324,24.716625,67.174779,Phase 1
1,Karachi,2026,CS0034201,Grocery,High,823673,25.144466,67.195559,Phase 1
1,Karachi,2026,CS0030775,Pharmacy,High,823655,24.784186,67.139787,Phase 1
1,Karachi,2026,CS0034292,Bakery,High,823633,25.129732,67.241645,Phase 1
1,Karachi,2026,CS0026560,Pharmacy,High,823557,25.134278,67.246719,Phase 1
1,Karachi,2026,CS0025604,Grocery,High,822380,25.241548,67.168462,Phase 1
1,Karachi,2026,CS0050605,Grocery,High,822248,24.850828,66.845737,Phase 1
1,Karachi,2026,CS0018264,Grocery,High,821997,25.066422,67.19769,Phase 1
1,Karachi,2026,CS0041600,Grocery,High,821420,24.832482,66.876261,Phase 1
1,Karachi,2026,CS0017983,Grocery,High,821339,25.079545,67.181825,Phase 1
1,Karachi,2026,CS0034950,Pharmacy,High,821251,25.145994,67.223945,Phase 1
1,Karachi,2026,CS0020541,Grocery,High,820876,25.110229,67.192189,Phase 1
1,Karachi,2026,CS0038885,Grocery,High,820763,25.143103,67.235496,Phase 1
1,Karachi,2026,CS0020837,Grocery,High,820213,24.82562,67.08726,Phase 1
1,Karachi,2026,CS0031409,Grocery,High,820136,24.872127,66.978342,Phase 1
1,Karachi,2026,CS0018533,Pharmacy,High,820106,24.778622,67.180996,Phase 1
1,Karachi,2026,CS0040584,Pharmacy,High,819845,25.185347,67.192569,Phase 1
1,Karachi,2026,CS0043759,Petro Mart,High,819600,25.234168,67.196047,Phase 1
1,Karachi,2026,CS0020675,Grocery,High,819420,24.891218,66.775284,Phase 1
1,Karachi,2026,CS0032994,Supermarket,High,819378,25.281528,67.264542,Phase 1
1,Karachi,2026,CS0048800,Grocery,High,819080,24.863921,67.066062,Phase 1
1,Karachi,2026,CS0030295,Grocery,High,818855,25.187595,67.16519,Phase 1
1,Karachi,2026,CS0027454,Pharmacy,High,818795,25.069302,67.09772,Phase 1
1,Karachi,2026,CS0045148,Bakery,High,818704,25.206772,67.168748,Phase 1
1,Karachi,2026,CS0034741,Grocery,High,818587,24.824144,67.15504,Phase 1
1,Karachi,2026,CS0039080,Petro Mart,High,818427,25.297841,67.220043,Phase 1
1,Karachi,2026,CS0039094,Supermarket,High,818113,25.176753,67.18663,Phase 1
1,Karachi,2026,CS0037197,Grocery,High,817980,24.834191,66.945455,Phase 1
1,Karachi,2026,CS0017749,Grocery,High,817724,25.138266,67.161151,Phase 1
1,Karachi,2026,CS0040360,Grocery,High,817707,24.840164,66.966249,Phase 1
1,Karachi,2026,CS0030099,Pharmacy,High,817604,25.207494,67.168977,Phase 1
1,Karachi,2026,CS0037466,Grocery,High,817368,25.134324,67.15887,Phase 1
1,Karachi,2026,CS0031640,Grocery,High,817122,25.293391,67.199838,Phase 1
1,Karachi,2026,CS0024824,Grocery,High,816878,25.183625,67.300963,Phase 1
1,Karachi,2026,CS0017110,Bakery,High,816809,25.251402,67.271675,Phase 1
1,Karachi,2026,CS0036239,Pharmacy,High,816750,25.14267,67.26176,Phase 1
1,Karachi,2026,CS0042589,Bakery,High,816262,25.286079,67.183562,Phase 1
1,Karachi,2026,CS0037968,Grocery,High,816023,24.749367,67.185742,Phase 1
1,Karachi,2026,CS0046441,Bakery,High,815612,25.003973,67.141089,Phase 1
1,Karachi,2026,CS0049834,Bakery,High,815352,25.101975,67.169621,Phase 1
1,Karachi,2026,CS0041494,Grocery,High,814252,24.919921,67.147485,Phase 1
1,Karachi,2026,CS0050343,Pharmacy,High,814043,24.863322,67.024245,Phase 1
1,Karachi,2026,CS0032990,Grocery,High,814013,25.204285,67.324676,Phase 1
1,Karachi,2026,CS0050557,Grocery,High,813599,24.89413,66.873621,Phase 1
1,Karachi,2026,CS0020697,Grocery,High,813503,24.866819,66.828431,Phase 1
1,Karachi,2026,CS0022119,Grocery,High,813444,25.181777,67.312962,Phase 1
1,Karachi,2026,CS0038745,Grocery,High,812762,24.872577,67.160692,Phase 1
1,Karachi,2026,CS0046742,Grocery,High,812349,25.211419,67.236098,Phase 1
1,Karachi,2026,CS0027706,Grocery,High,812004,24.777089,67.233009,Phase 1
1,Karachi,2026,CS0041391,Petro Mart,High,811932,25.155462,67.292222,Phase 1
1,Karachi,2026,CS0029213,Grocery,High,811479,24.771452,67.211153,Phase 1
1,Karachi,2026,CS0019664,Grocery,High,811288,25.212766,67.190703,Phase 1
1,Karachi,2026,CS0045327,Bakery,High,811253,24.903777,66.81989,Phase 1
1,Karachi,2026,CS0047106,Grocery,High,810995,25.252255,67.179325,Phase 1
1,Karachi,2026,CS0050553,Supermarket,High,810837,25.261319,67.3006,Phase 1
1,Karachi,2026,CS0037363,Grocery,High,810589,25.199925,67.220999,Phase 1
1,Karachi,2026,CS0028612,Grocery,High,810547,24.754862,67.3378,Phase 1
1,Karachi,2026,CS0047005,Grocery,High,810409,25.231421,67.239831,Phase 1
1,Karachi,2026,CS0039655,Pharmacy,High,810264,24.980408,67.097896,Phase 1
1,Karachi,2026,CS0024827,Supermarket,High,810193,24.872344,67.115396,Phase 1
1,Karachi,2026,CS0022262,Petro Mart,High,809843,25.187955,67.165965,Phase 1
1,Karachi,2026,CS0043670,Grocery,High,809814,25.239975,67.319326,Phase 1
1,Karachi,2026,CS0044196,Petro Mart,High,809521,24.811696,67.15341,Phase 1
1,Karachi,2026,CS0044463,Grocery,High,809268,24.788192,67.164354,Phase 1
1,Karachi,2026,CS0031817,Bakery,High,808991,24.850493,67.194178,Phase 1
1,Karachi,2026,CS0034211,Bakery,High,808924,25.145546,67.191812,Phase 1
1,Karachi,2026,CS0044428,Grocery,High,808901,25.05986,67.184053,Phase 1
1,Karachi,2026,CS0040742,Grocery,High,808679,25.101463,67.246085,Phase 1
1,Karachi,2026,CS0017373,Grocery,High,808393,24.908046,67.203219,Phase 1
1,Karachi,2026,CS0037750,Pharmacy,High,808168,25.179545,67.297365,Phase 1
1,Karachi,2026,CS0018552,Grocery,High,808059,25.127214,67.120372,Phase 1
1,Karachi,2026,CS0043484,Grocery,High,807393,25.169103,67.202622,Phase 1
1,Karachi,2026,CS0028230,Grocery,High,807383,25.205617,67.161038,Phase 1
1,Karachi,2026,CS0033450,Grocery,High,806614,24.742573,67.258468,Phase 1
1,Karachi,2026,CS0027477,Grocery,High,806567,25.152562,67.16048,Phase 1
1,Karachi,2026,CS0031309,Pharmacy,High,805659,25.052912,67.159639,Phase 1
1,Karachi,2026,CS0036979,Grocery,High,805655,24.846663,67.064971,Phase 1
1,Karachi,2026,CS0020712,Grocery,High,805614,25.302555,67.213082,Phase 1
1,Karachi,2026,CS0043370,Grocery,High,805561,25.144147,67.263142,Phase 1
1,Karachi,2026,CS0043723,Grocery,High,805424,25.236369,67.212859,Phase 1
1,Karachi,2026,CS0041261,Grocery,High,805420,25.168397,67.284968,Phase 1
1,Karachi,2026,CS0049996,Grocery,High,805246,24.790334,67.132258,Phase 1
1,Karachi,2026,CS0025723,Grocery,High,805180,24.807469,67.108546,Phase 1
1,Karachi,2026,CS0032366,Grocery,High,805022,25.086185,67.302471,Phase 1
1,Karachi,2026,CS0028031,Bakery,High,804559,24.908332,67.162846,Phase 1
1,Karachi,2026,CS0050267,Bakery,High,804530,24.868012,66.926795,Phase 1
1,Karachi,2026,CS0045359,Grocery,High,804102,25.206195,67.198143,Phase 1
1,Karachi,2026,CS0032067,Grocery,High,804082,25.031829,67.153076,Phase 1
1,Karachi,2026,CS0030493,Pharmacy,High,804038,25.237339,67.184523,Phase 1
1,Karachi,2026,CS0029127,Supermarket,High,803869,25.173251,67.123774,Phase 1
1,Karachi,2026,CS0040456,Grocery,High,802842,24.883201,66.88605,Phase 1
1,Karachi,2026,CS0044184,Grocery,High,802535,25.144886,67.275062,Phase 1
1,Karachi,2026,CS0020414,Grocery,High,802496,24.92695,67.26361,Phase 1
1,Karachi,2026,CS0045922,Bakery,High,802457,25.158787,67.142064,Phase 1
1,Karachi,2026,CS0049454,Grocery,High,802445,24.836157,67.208943,Phase 1
1,Karachi,2026,CS0027570,Grocery,High,802146,24.881385,66.871529,Phase 1
1,Karachi,2026,CS0044481,Pharmacy,High,802120,24.933567,67.211559,Phase 1
1,Karachi,2026,CS0022528,Grocery,High,802111,25.176088,67.24029,Phase 1
1,Karachi,2026,CS0018030,Grocery,High,801716,25.137776,67.18939,Phase 1
1,Karachi,2026,CS0027581,Pharmacy,High,801455,25.151522,67.210108,Phase 1
1,Karachi,2026,CS0043453,Grocery,High,801116,24.85762,67.045633,Phase 1
1,Karachi,2026,CS0041023,Bakery,High,801028,25.098838,67.218788,Phase 1
1,Karachi,2026,CS0044012,Grocery,High,800682,24.89465,66.911454,Phase 1
1,Karachi,2026,CS0034695,Pharmacy,High,800261,24.796586,67.022062,Phase 1
1,Karachi,2026,CS0024039,Pharmacy,High,800047,25.217317,67.249768,Phase 1
1,Karachi,2026,CS0025147,Bakery,High,799732,25.209449,67.33635,Phase 1
1,Karachi,2026,CS0017659,Grocery,High,799549,25.217279,67.205544,Phase 1
1,Karachi,2026,CS0017236,Pharmacy,High,799280,24.789354,67.166445,Phase 1
1,Karachi,2026,CS0037263,Grocery,High,799244,25.179346,67.214145,Phase 1
1,Karachi,2026,CS0040797,Grocery,High,798804,25.109474,67.168698,Phase 1
1,Karachi,2026,CS0044272,Grocery,High,798121,25.113532,67.248561,Phase 1
1,Karachi,2026,CS0020144,Grocery,High,798056,25.188285,67.184731,Phase 1
1,Karachi,2026,CS0035535,Grocery,High,797490,25.035446,67.216232,Phase 1
1,Karachi,2026,CS0036918,Grocery,High,797218,25.178589,67.287365,Phase 1
1,Karachi,2026,CS0048115,Bakery,High,797176,25.052649,67.092227,Phase 1
1,Karachi,2026,CS0019772,Bakery,High,797080,24.893556,67.021191,Phase 1
1,Karachi,2026,CS0048311,Grocery,High,796684,25.14767,67.1979,Phase 1
1,Karachi,2026,CS0045128,Grocery,High,796261,25.25452,67.217377,Phase 1
1,Karachi,2026,CS0029040,Pharmacy,High,795885,24.817778,67.126084,Phase 1
1,Karachi,2026,CS0041664,Pharmacy,High,795730,25.143417,67.148712,Phase 1
1,Karachi,2026,CS0037448,Grocery,High,795345,24.914942,66.801639,Phase 1
1,Karachi,2026,CS0025565,Grocery,High,795289,25.230687,67.181285,Phase 1
1,Karachi,2026,CS0021364,Bakery,High,794361,24.820758,66.9353,Phase 1
1,Karachi,2026,CS0023680,Grocery,High,794187,24.845967,67.240495,Phase 1
1,Karachi,2026,CS0019879,Bakery,High,793852,25.201139,67.213531,Phase 1
1,Karachi,2026,CS0017015,Grocery,High,793491,25.180978,67.171776,Phase 1
1,Karachi,2026,CS0048123,Bakery,High,793283,24.882041,67.156706,Phase 1
1,Karachi,2026,CS0022669,Pharmacy,High,793164,24.886484,66.852753,Phase 1
1,Karachi,2026,CS0034238,Supermarket,High,792978,24.899358,66.885402,Phase 1
1,Karachi,2026,CS0040628,Petro Mart,High,792939,24.95123,67.126673,Phase 1
1,Karachi,2026,CS0047535,Grocery,High,792921,25.124563,67.190083,Phase 1
1,Karachi,2026,CS0036318,Bakery,High,792641,25.193513,67.188841,Phase 1
1,Karachi,2026,CS0022561,Pharmacy,High,792640,25.03677,67.268881,Phase 1
1,Karachi,2026,CS0027749,Supermarket,High,792410,24.844657,66.881603,Phase 1
1,Karachi,2026,CS0035046,Pharmacy,High,791350,24.871573,66.910121,Phase 1
1,Karachi,2026,CS0048664,Grocery,High,791286,25.22893,67.238895,Phase 1
1,Karachi,2026,CS0037555,Grocery,High,791011,25.231667,67.195128,Phase 1
1,Karachi,2026,CS0047497,Grocery,High,790817,25.21968,67.168111,Phase 1
1,Karachi,2026,CS0024633,Grocery,High,790419,25.041238,67.216006,Phase 1
1,Karachi,2026,CS0036528,Grocery,High,790249,24.893234,66.90429,Phase 1
1,Karachi,2026,CS0026992,Grocery,High,790184,24.956388,67.079485,Phase 1
1,Karachi,2026,CS0019644,Grocery,High,789836,24.851337,66.979981,Phase 1
1,Karachi,2026,CS0043977,Grocery,High,789772,25.092183,67.058415,Phase 1
1,Karachi,2026,CS0042834,Bakery,High,789569,25.170544,67.237877,Phase 1
1,Karachi,2026,CS0027248,Grocery,High,788728,24.878622,66.893479,Phase 1
1,Karachi,2026,CS0024000,Grocery,High,788722,25.184079,67.216661,Phase 1
1,Karachi,2026,CS0047681,Grocery,High,788699,25.319654,67.201172,Phase 1
1,Karachi,2026,CS0019457,Grocery,High,788537,24.801978,67.079375,Phase 1
1,Karachi,2026,CS0036688,Grocery,High,788489,24.921783,67.171325,Phase 1
1,Karachi,2026,CS0026365,Pharmacy,High,788339,25.062556,67.194716,Phase 1
1,Karachi,2026,CS0032405,Pharmacy,High,788254,25.173156,67.182633,Phase 1
1,Karachi,2026,CS0048111,Bakery,High,787941,25.197185,67.311993,Phase 1
1,Karachi,2026,CS0024357,Grocery,High,787702,24.891174,67.15238,Phase 1
1,Karachi,2026,CS0031200,Grocery,High,787075,25.123152,67.256885,Phase 1
1,Karachi,2026,CS0042958,Grocery,High,787026,24.864726,67.02232,Phase 1
1,Karachi,2026,CS0043316,Grocery,High,786811,24.780289,67.151374,Phase 1
1,Karachi,2026,CS0046169,Grocery,High,786684,25.204471,67.229738,Phase 1
1,Karachi,2026,CS0030705,Grocery,High,786504,25.199434,67.174806,Phase 1
1,Karachi,2026,CS0030896,Grocery,High,786208,24.893457,67.115988,Phase 1
1,Karachi,2026,CS0018657,Grocery,High,786189,25.293153,67.170487,Phase 1
1,Karachi,2026,CS0043460,Pharmacy,High,785860,24.907012,66.876928,Phase 1
1,Karachi,2026,CS0022954,Grocery,High,785813,25.232294,67.145666,Phase 1
1,Karachi,2026,CS0019819,Bakery,High,785309,24.952894,66.979995,Phase 1
1,Karachi,2026,CS0036917,Grocery,High,785202,25.248119,67.228151,Phase 1
1,Karachi,2026,CS0018464,Grocery,High,784640,25.010774,67.197124,Phase 1
1,Karachi,2026,CS0024104,Grocery,High,784458,25.308233,67.222739,Phase 1
1,Karachi,2026,CS0049804,Bakery,High,784322,24.944851,67.043782,Phase 1
1,Karachi,2026,CS0020578,Grocery,High,783386,24.829937,66.862351,Phase 1
1,Karachi,2026,CS0034285,Pharmacy,High,783315,25.234618,67.255399,Phase 1
1,Karachi,2026,CS0047176,Grocery,High,783286,25.236733,67.222962,Phase 1
1,Karachi,2026,CS0047424,Grocery,High,783239,24.878738,67.128516,Phase 1
1,Karachi,2026,CS0022713,Bakery,High,782869,25.157698,67.094352,Phase 1
1,Karachi,2026,CS0043148,Grocery,High,781407,25.132785,67.204513,Phase 1
1,Karachi,2026,CS0028302,Grocery,High,781290,25.17424,67.298107,Phase 1
1,Karachi,2026,CS0026361,Petro Mart,High,781259,25.197528,67.252686,Phase 1
1,Karachi,2026,CS0043830,Grocery,High,780541,24.876453,66.83977,Phase 1
1,Karachi,2026,CS0048775,Bakery,High,780322,25.227786,67.198868,Phase 1
1,Karachi,2026,CS0034839,Grocery,High,779915,25.213227,67.214443,Phase 1
1,Karachi,2026,CS0037841,Grocery,High,779403,24.914618,66.828108,Phase 1
1,Karachi,2026,CS0019653,Grocery,High,779295,24.944814,67.159473,Phase 1
1,Karachi,2026,CS0024411,Supermarket,High,779189,24.861026,66.754003,Phase 1
1,Karachi,2026,CS0033175,Bakery,High,779151,25.130069,67.272852,Phase 1
1,Karachi,2026,CS0020159,Grocery,High,778598,25.318307,67.229367,Phase 1
1,Karachi,2026,CS0037313,Grocery,High,778427,25.054973,67.193881,Phase 1
1,Karachi,2026,CS0046031,Grocery,High,777863,25.226656,67.159471,Phase 1
1,Karachi,2026,CS0027119,Grocery,High,777816,25.185305,67.29006,Phase 1
1,Karachi,2026,CS0036833,Pharmacy,High,777412,24.877248,67.149473,Phase 1
1,Karachi,2026,CS0049872,Grocery,High,776942,25.008903,67.232158,Phase 1
1,Karachi,2026,CS0026524,Grocery,High,776529,24.805553,66.960906,Phase 1
1,Karachi,2026,CS0038306,Grocery,High,776323,25.1742,67.207176,Phase 1
1,Karachi,2026,CS0039742,Bakery,High,775808,25.068339,67.187586,Phase 1
1,Karachi,2026,CS0040018,Grocery,High,775774,24.81199,67.155056,Phase 1
1,Karachi,2026,CS0042907,Bakery,High,775325,24.846198,67.201395,Phase 1
1,Karachi,2026,CS0024131,Pharmacy,High,775266,25.040748,67.217954,Phase 1
1,Karachi,2026,CS0021439,Petro Mart,High,773940,24.924047,67.079572,Phase 1
1,Karachi,2026,CS0036830,Grocery,High,773884,25.028811,67.177799,Phase 1
1,Karachi,2026,CS0034159,Bakery,High,773794,25.026344,67.104939,Phase 1
1,Karachi,2026,CS0028455,Grocery,High,773667,25.069797,67.355438,Phase 1
1,Karachi,2026,CS0019587,Pharmacy,High,773520,24.837831,67.239231,Phase 1
1,Karachi,2026,CS0021685,Petro Mart,High,773493,25.131843,67.188178,Phase 1
1,Karachi,2026,CS0045542,Grocery,High,772952,24.941696,67.147657,Phase 1
1,Karachi,2026,CS0036827,Grocery,High,772879,25.33616,67.257065,Phase 1
1,Karachi,2026,CS0045718,Bakery,High,772775,25.344566,67.201624,Phase 1
1,Karachi,2026,CS0028208,Grocery,High,772639,25.191796,67.160683,Phase 1
1,Karachi,2026,CS0024760,Bakery,High,772621,24.767248,67.178509,Phase 1
1,Karachi,2026,CS0033266,Grocery,High,772587,24.969706,67.170998,Phase 1
1,Karachi,2026,CS0044718,Grocery,High,772464,24.970639,67.165375,Phase 1
1,Karachi,2026,CS0031118,Pharmacy,High,771765,24.936889,66.875991,Phase 1
1,Karachi,2026,CS0032573,Petro Mart,High,771073,24.894595,66.953891,Phase 1
1,Karachi,2026,CS0019306,Bakery,High,770729,25.157423,67.168041,Phase 1
1,Karachi,2026,CS0033599,Bakery,High,770685,25.218909,67.15862,Phase 1
1,Karachi,2026,CS0049646,Grocery,High,770533,24.902523,67.13034,Phase 1
1,Karachi,2026,CS0020547,Bakery,High,770481,25.11741,67.052773,Phase 1
1,Karachi,2026,CS0027295,Grocery,High,770475,25.242411,67.185414,Phase 1
1,Karachi,2026,CS0020183,Bakery,High,770442,25.027772,67.108554,Phase 1
1,Karachi,2026,CS0020455,Grocery,High,770394,24.798986,67.191806,Phase 1
1,Karachi,2026,CS0020207,Grocery,High,770336,24.874909,67.052705,Phase 1
1,Karachi,2026,CS0037465,Grocery,High,770293,25.276953,67.206436,Phase 1
1,Karachi,2026,CS0025687,Grocery,High,770292,25.105012,67.131854,Phase 1
1,Karachi,2026,CS0024662,Grocery,High,770273,25.121347,67.159702,Phase 1
1,Karachi,2026,CS0018401,Grocery,High,770180,25.286313,67.210773,Phase 1
1,Karachi,2026,CS0017704,Petro Mart,High,769988,25.240779,67.271095,Phase 1
1,Karachi,2026,CS0029205,Grocery,High,769694,24.812413,67.131761,Phase 1
1,Karachi,2026,CS0045811,Grocery,High,769649,24.776117,67.157966,Phase 1
1,Karachi,2026,CS0017093,Pharmacy,High,769468,25.240373,67.338789,Phase 1
1,Karachi,2026,CS0029901,Grocery,High,769096,24.859361,66.915252,Phase 1
1,Karachi,2026,CS0023745,Grocery,High,768861,24.820329,67.201874,Phase 1
1,Karachi,2026,CS0049306,Grocery,High,768679,25.17413,67.092321,Phase 1
1,Karachi,2026,CS0026114,Pharmacy,High,768631,24.741467,67.200729,Phase 1
1,Karachi,2027,CS0026889,Pharmacy,High,768622,25.237697,67.19377,Phase 1
1,Karachi,2027,CS0049780,Bakery,High,768387,25.046894,67.100884,Phase 1
1,Karachi,2027,CS0029223,Grocery,High,767777,25.130869,67.25327,Phase 1
1,Karachi,2027,CS0039000,Grocery,High,767451,25.16264,67.111923,Phase 1
1,Karachi,2027,CS0040508,Petro Mart,High,767291,25.145591,67.232201,Phase 1
1,Karachi,2027,CS0032620,Bakery,High,765981,25.139885,67.25449,Phase 1
1,Karachi,2027,CS0043731,Grocery,High,765925,25.193285,67.257322,Phase 1
1,Karachi,2027,CS0037261,Pharmacy,High,765801,25.173539,67.26434,Phase 1
1,Karachi,2027,CS0026179,Grocery,High,765347,24.859084,66.779285,Phase 1
1,Karachi,2027,CS0024138,Grocery,High,765335,25.147979,67.252807,Phase 1
1,Karachi,2027,CS0023935,Supermarket,High,765256,24.823035,67.01097,Phase 1
1,Karachi,2027,CS0023831,Pharmacy,High,765151,25.133756,67.208102,Phase 1
1,Karachi,2027,CS0026699,Grocery,High,765069,24.801777,67.111359,Phase 1
1,Karachi,2027,CS0021766,Pharmacy,High,765062,25.164121,67.067269,Phase 1
1,Karachi,2027,CS0034455,Grocery,High,764900,24.849741,67.100622,Phase 1
1,Karachi,2027,CS0038958,Bakery,High,764609,25.244854,67.155478,Phase 1
1,Karachi,2027,CS0042799,Grocery,High,764411,25.043096,67.257474,Phase 1
1,Karachi,2027,CS0018641,Grocery,High,764078,25.162014,67.145662,Phase 1
1,Karachi,2027,CS0042706,Grocery,High,763922,25.26963,67.240222,Phase 1
1,Karachi,2027,CS0031925,Grocery,High,763214,25.150544,67.199119,Phase 1
1,Karachi,2027,CS0028441,Grocery,High,762383,25.291584,67.375583,Phase 1
1,Karachi,2027,CS0043132,Grocery,High,762299,24.824308,67.10088,Phase 1
1,Karachi,2027,CS0044736,Grocery,High,761691,25.152948,67.214845,Phase 1
1,Karachi,2027,CS0028078,Bakery,High,760972,24.906486,67.163682,Phase 1
1,Karachi,2027,CS0028853,Supermarket,High,760639,24.923402,67.181582,Phase 1
1,Karachi,2027,CS0046490,Grocery,High,760593,25.153399,67.095128,Phase 1
1,Karachi,2027,CS0040067,Petro Mart,High,760566,25.092492,67.247917,Phase 1
1,Karachi,2027,CS0019687,Grocery,High,760394,24.889223,67.163608,Phase 1
1,Karachi,2027,CS0040851,Bakery,High,760332,25.236613,67.279475,Phase 1
1,Karachi,2027,CS0023813,Supermarket,High,760035,24.848897,67.067772,Phase 1
1,Karachi,2027,CS0020786,Bakery,High,759864,25.142866,67.172339,Phase 1
1,Karachi,2027,CS0019502,Grocery,High,759779,25.248744,67.322384,Phase 1
1,Karachi,2027,CS0036482,Pharmacy,High,759137,25.227399,67.172778,Phase 1
1,Karachi,2027,CS0027292,Grocery,High,758320,24.969105,67.186215,Phase 1
1,Karachi,2027,CS0050143,Petro Mart,High,758226,24.845553,67.111938,Phase 1
1,Karachi,2027,CS0020666,Pharmacy,High,758184,24.942425,67.108072,Phase 1
1,Karachi,2027,CS0026033,Pharmacy,High,757506,25.120533,67.244028,Phase 1
1,Karachi,2027,CS0043558,Grocery,High,757367,25.206526,67.139803,Phase 1
1,Karachi,2027,CS0045500,Grocery,High,757142,24.759987,67.144326,Phase 1
1,Karachi,2027,CS0035502,Bakery,High,757016,24.835245,67.10123,Phase 1
1,Karachi,2027,CS0043638,Bakery,High,756795,25.092604,67.214228,Phase 1
1,Karachi,2027,CS0042341,Grocery,High,756616,25.116233,67.10348,Phase 1
1,Karachi,2027,CS0046268,Pharmacy,High,756196,25.172811,67.190761,Phase 1
1,Karachi,2027,CS0017722,Grocery,High,755720,25.083781,67.134578,Phase 1
1,Karachi,2027,CS0022721,Petro Mart,High,755704,25.166992,67.192588,Phase 1
1,Karachi,2027,CS0034648,Grocery,High,755584,25.164917,67.124724,Phase 1
1,Karachi,2027,CS0018905,Pharmacy,High,755565,25.234301,67.317943,Phase 1
1,Karachi,2027,CS0021375,Supermarket,High,755145,25.147929,67.161203,Phase 1
1,Karachi,2027,CS0043336,Pharmacy,High,754900,25.251903,67.199524,Phase 1
1,Karachi,2027,CS0032719,Pharmacy,High,754705,25.212773,67.254273,Phase 1
1,Karachi,2027,CS0032143,Grocery,High,754666,24.841626,67.188479,Phase 1
1,Karachi,2027,CS0032435,Grocery,High,754600,24.79487,66.995238,Phase 1
1,Karachi,2027,CS0046177,Bakery,High,754393,24.846609,67.202847,Phase 1
1,Karachi,2027,CS0038153,Pharmacy,High,754088,25.170551,67.232477,Phase 1
1,Karachi,2027,CS0043730,Grocery,High,753877,24.838231,67.258007,Phase 1
1,Karachi,2027,CS0019192,Bakery,High,753713,24.915654,66.775878,Phase 1
1,Karachi,2027,CS0029430,Grocery,High,753512,25.231244,67.162709,Phase 1
1,Karachi,2027,CS0049530,Pharmacy,High,753242,25.14511,67.224183,Phase 1
1,Karachi,2027,CS0025208,Grocery,High,753026,25.255702,67.213681,Phase 1
1,Karachi,2027,CS0020032,Supermarket,High,752482,25.219655,67.183428,Phase 1
1,Karachi,2027,CS0038435,Grocery,High,752084,24.730802,67.205883,Phase 1
1,Karachi,2027,CS0024385,Grocery,High,751845,25.071084,67.275008,Phase 1
1,Karachi,2027,CS0029533,Pharmacy,High,751581,24.946732,67.123665,Phase 1
1,Karachi,2027,CS0023229,Pharmacy,High,751573,24.865313,67.146872,Phase 1
1,Karachi,2027,CS0026230,Grocery,High,750498,25.226326,67.305896,Phase 1
1,Karachi,2027,CS0024159,Bakery,High,750329,24.798245,66.962143,Phase 1
1,Karachi,2027,CS0042670,Grocery,High,750283,24.851431,66.809918,Phase 1
1,Karachi,2027,CS0025335,Grocery,High,750071,24.895591,67.209765,Phase 1
1,Karachi,2027,CS0021147,Grocery,High,750059,24.780631,67.187126,Phase 1
1,Karachi,2027,CS0026996,Pharmacy,High,750042,24.787773,67.097607,Phase 1
1,Karachi,2027,CS0035146,Pharmacy,High,750025,25.119477,67.237945,Phase 1
1,Karachi,2027,CS0039012,Petro Mart,High,749851,24.892122,66.867317,Phase 1
1,Karachi,2027,CS0050652,Grocery,High,749821,25.089487,67.268772,Phase 1
1,Karachi,2027,CS0023821,Grocery,High,749542,24.752138,67.189328,Phase 1
1,Karachi,2027,CS0032351,Grocery,High,749473,25.113948,67.152221,Phase 1
1,Karachi,2027,CS0045115,Bakery,High,749227,24.804304,67.223948,Phase 1
1,Karachi,2027,CS0044766,Pharmacy,High,749010,24.84498,66.910415,Phase 1
1,Karachi,2027,CS0021907,Grocery,High,748845,24.867839,67.128556,Phase 1
1,Karachi,2027,CS0029302,Grocery,High,748829,25.240042,67.15066,Phase 1
1,Karachi,2027,CS0045569,Grocery,High,748448,25.201894,67.240532,Phase 1
1,Karachi,2027,CS0029123,Pharmacy,High,748347,25.24176,67.152855,Phase 1
1,Karachi,2027,CS0033538,Pharmacy,High,748299,24.825136,67.176863,Phase 1
1,Karachi,2027,CS0029547,Grocery,High,748248,25.225981,67.207896,Phase 1
1,Karachi,2027,CS0019384,Bakery,High,747853,25.163659,67.294216,Phase 1
1,Karachi,2027,CS0039652,Pharmacy,High,747744,25.156042,67.259548,Phase 1
1,Karachi,2027,CS0035218,Grocery,High,747035,25.073283,67.059495,Phase 1
1,Karachi,2027,CS0037574,Bakery,High,746859,25.11925,67.082021,Phase 1
1,Karachi,2027,CS0027768,Grocery,High,746697,24.828251,67.138159,Phase 1
1,Karachi,2027,CS0043219,Petro Mart,High,746575,24.870358,67.131862,Phase 1
1,Karachi,2027,CS0030535,Grocery,High,746545,24.885632,67.108634,Phase 1
1,Karachi,2027,CS0049151,Grocery,High,746399,24.938304,66.848229,Phase 1
1,Karachi,2027,CS0019376,Grocery,High,745939,25.133549,67.19046,Phase 1
1,Karachi,2027,CS0036541,Grocery,High,745337,24.879039,67.22736,Phase 1
1,Karachi,2027,CS0044331,Grocery,High,745302,25.102557,67.180687,Phase 1
1,Karachi,2027,CS0017144,Grocery,High,745279,24.833956,67.178381,Phase 1
1,Karachi,2027,CS0025516,Grocery,High,745020,24.83802,67.160387,Phase 1
1,Karachi,2027,CS0022327,Supermarket,High,744934,25.095341,67.101328,Phase 1
1,Karachi,2027,CS0039879,Grocery,High,744764,24.926605,66.910326,Phase 1
1,Karachi,2027,CS0020610,Pharmacy,High,744685,25.110307,67.263112,Phase 1
1,Karachi,2027,CS0033490,Supermarket,High,744475,25.273098,67.186934,Phase 1
1,Karachi,2027,CS0045427,Grocery,High,744167,25.152766,67.29813,Phase 1
1,Karachi,2027,CS0038898,Grocery,High,744064,24.838271,66.890264,Phase 1
1,Karachi,2027,CS0030254,Supermarket,High,743791,24.795039,67.176653,Phase 1
1,Karachi,2027,CS0025867,Supermarket,High,743772,25.071522,67.207926,Phase 1
1,Karachi,2027,CS0038378,Bakery,High,743626,24.822124,67.125908,Phase 1
1,Karachi,2027,CS0044193,Grocery,High,743483,24.847258,66.840365,Phase 1
1,Karachi,2027,CS0044500,Grocery,High,743187,25.163249,67.218159,Phase 1
1,Karachi,2027,CS0028503,Grocery,High,743167,24.866069,66.709445,Phase 1
1,Karachi,2027,CS0039979,Pharmacy,High,742789,24.921929,66.958353,Phase 1
1,Karachi,2027,CS0020027,Grocery,High,742720,25.278591,67.212847,Phase 1
1,Karachi,2027,CS0017527,Pharmacy,High,741964,24.902035,66.863431,Phase 1
1,Karachi,2027,CS0022653,Grocery,High,741369,24.896757,66.926383,Phase 1
1,Karachi,2027,CS0044080,Grocery,High,741268,25.064366,67.191587,Phase 1
1,Karachi,2027,CS0020072,Bakery,High,740767,24.864937,67.12209,Phase 1
1,Karachi,2027,CS0033784,Pharmacy,High,740427,25.199143,67.167466,Phase 1
1,Karachi,2027,CS0022911,Bakery,High,740189,24.846289,66.829141,Phase 1
1,Karachi,2027,CS0043728,Grocery,High,739967,24.803354,67.048524,Phase 1
1,Karachi,2027,CS0033757,Grocery,High,739943,24.874339,66.961251,Phase 1
1,Karachi,2027,CS0048066,Grocery,High,739794,24.822108,67.050916,Phase 1
1,Karachi,2027,CS0040975,Grocery,High,739774,24.830361,67.21347,Phase 1
1,Karachi,2027,CS0047128,Grocery,High,739503,25.213969,67.285294,Phase 1
1,Karachi,2027,CS0034098,Grocery,High,739319,24.861613,67.100326,Phase 1
1,Karachi,2027,CS0022289,Grocery,High,738991,25.20927,67.312083,Phase 1
1,Karachi,2027,CS0049760,Bakery,High,738892,25.195166,67.270059,Phase 1
1,Karachi,2027,CS0026404,Grocery,High,738409,24.802238,67.146489,Phase 1
1,Karachi,2027,CS0021925,Grocery,High,738357,25.144312,67.134767,Phase 1
1,Karachi,2027,CS0027438,Grocery,High,737655,25.181038,67.196543,Phase 1
1,Karachi,2027,CS0024631,Grocery,High,737592,25.27297,67.26131,Phase 1
1,Karachi,2027,CS0027305,Grocery,High,737555,24.816764,67.071836,Phase 1
1,Karachi,2027,CS0018193,Grocery,High,737515,25.175346,67.245535,Phase 1
1,Karachi,2027,CS0030141,Bakery,High,737184,24.845077,67.052167,Phase 1
1,Karachi,2027,CS0029209,Grocery,High,737096,24.771607,67.216706,Phase 1
1,Karachi,2027,CS0018565,Grocery,High,736988,25.209836,67.155481,Phase 1
1,Karachi,2027,CS0048758,Grocery,High,736805,25.290583,67.328245,Phase 1
1,Karachi,2027,CS0028882,Grocery,High,736600,24.860582,66.89131,Phase 1
1,Karachi,2027,CS0047462,Grocery,High,736378,24.834739,66.950709,Phase 1
1,Karachi,2027,CS0017907,Grocery,High,736292,24.761155,67.103525,Phase 1
1,Karachi,2027,CS0021630,Grocery,High,736254,25.213328,67.148253,Phase 1
1,Karachi,2027,CS0048753,Bakery,High,736147,24.816779,67.189205,Phase 1
1,Karachi,2027,CS0026546,Grocery,High,736103,25.220689,67.221779,Phase 1
1,Karachi,2027,CS0032146,Grocery,High,736036,24.843218,66.921484,Phase 1
1,Karachi,2027,CS0044491,Grocery,High,735857,24.85574,67.133723,Phase 1
1,Karachi,2027,CS0026880,Grocery,High,735785,25.091067,67.106795,Phase 1
1,Karachi,2027,CS0041828,Supermarket,High,735771,25.019949,67.041147,Phase 1
1,Karachi,2027,CS0022215,Grocery,High,735358,25.20896,67.167905,Phase 1
1,Karachi,2027,CS0021133,Grocery,High,735357,25.188676,67.17543,Phase 1
1,Karachi,2027,CS0017510,Bakery,High,735230,24.876662,67.242586,Phase 1
1,Karachi,2027,CS0050208,Supermarket,High,735120,25.178267,67.294351,Phase 1
1,Karachi,2027,CS0034714,Grocery,High,734762,25.204528,67.195749,Phase 1
1,Karachi,2027,CS0019184,Bakery,High,734725,24.87893,67.186135,Phase 1
1,Karachi,2027,CS0034763,Bakery,High,734553,25.219419,67.241429,Phase 1
1,Karachi,2027,CS0041221,Grocery,High,734370,25.187051,67.213698,Phase 1
1,Karachi,2027,CS0036197,Grocery,High,733988,24.73566,67.171642,Phase 1
1,Karachi,2027,CS0040611,Bakery,High,733867,25.113825,67.155415,Phase 1
1,Karachi,2027,CS0035649,Grocery,High,733743,24.807147,67.073708,Phase 1
1,Karachi,2027,CS0034362,Grocery,High,733337,25.167077,67.275172,Phase 1
1,Karachi,2027,CS0034087,Grocery,High,733160,24.906473,67.177332,Phase 1
1,Karachi,2027,CS0049002,Bakery,High,732428,24.874706,66.777628,Phase 1
1,Karachi,2027,CS0026757,Grocery,High,732075,25.264161,67.325332,Phase 1
1,Karachi,2027,CS0028734,Bakery,High,732054,25.171862,67.179135,Phase 1
1,Karachi,2027,CS0018872,Pharmacy,High,731882,25.142608,67.208999,Phase 1
1,Karachi,2027,CS0024926,Pharmacy,High,731617,24.861323,66.933691,Phase 1
1,Karachi,2027,CS0043320,Grocery,High,731598,25.101602,67.229396,Phase 1
1,Karachi,2027,CS0049038,Grocery,High,731231,25.087132,67.229093,Phase 1
1,Karachi,2027,CS0046394,Grocery,High,731015,24.829313,67.182978,Phase 1
1,Karachi,2027,CS0024533,Grocery,High,730869,25.218913,67.221565,Phase 1
1,Karachi,2027,CS0022418,Pharmacy,High,730852,25.087622,67.154124,Phase 1
1,Karachi,2027,CS0046179,Grocery,High,730816,24.841175,66.788211,Phase 1
1,Karachi,2027,CS0045498,Grocery,High,730789,24.90274,66.70578,Phase 1
1,Karachi,2027,CS0036587,Grocery,High,730771,25.242405,67.269558,Phase 1
1,Karachi,2027,CS0040778,Grocery,High,730641,25.20938,67.138567,Phase 1
1,Karachi,2027,CS0030307,Grocery,High,730342,25.222148,67.166073,Phase 1
1,Karachi,2027,CS0034067,Grocery,High,729872,25.146728,67.200418,Phase 1
1,Karachi,2027,CS0048710,Grocery,High,729707,25.077443,67.198771,Phase 1
1,Karachi,2027,CS0017383,Grocery,High,729678,25.169408,67.213508,Phase 1
1,Karachi,2027,CS0037547,Grocery,High,729480,24.936115,66.788142,Phase 1
1,Karachi,2027,CS0019512,Grocery,High,729350,25.102433,67.229275,Phase 1
1,Karachi,2027,CS0024024,Grocery,High,728678,24.840436,67.12618,Phase 1
1,Karachi,2027,CS0017487,Grocery,High,728503,25.209462,67.328311,Phase 1
1,Karachi,2027,CS0032208,Supermarket,High,728490,25.283883,67.331024,Phase 1
1,Karachi,2027,CS0027327,Grocery,High,728184,25.075707,67.321666,Phase 1
1,Karachi,2027,CS0023287,Pharmacy,High,726569,25.19137,67.16976,Phase 1
1,Karachi,2027,CS0036950,Grocery,High,725903,24.742995,67.174511,Phase 1
1,Karachi,2027,CS0027528,Grocery,High,725285,24.909023,67.207549,Phase 1
1,Karachi,2027,CS0017056,Petro Mart,High,724775,25.205303,67.129384,Phase 1
1,Karachi,2027,CS0047733,Grocery,High,724742,25.38739,67.336691,Phase 1
1,Karachi,2027,CS0035326,Grocery,High,724697,25.074521,67.142514,Phase 1
1,Karachi,2027,CS0040647,Grocery,High,723219,25.135572,67.154972,Phase 1
1,Karachi,2027,CS0045766,Bakery,High,723200,24.832426,66.9416,Phase 1
1,Karachi,2027,CS0042658,Pharmacy,High,722516,24.790995,67.086773,Phase 1
1,Karachi,2027,CS0033300,Grocery,High,722410,25.288395,67.200388,Phase 1
1,Karachi,2027,CS0025278,Pharmacy,High,722183,25.131098,67.105862,Phase 1
1,Karachi,2027,CS0020994,Grocery,High,721807,24.815116,67.145657,Phase 1
1,Karachi,2027,CS0050086,Supermarket,High,721620,25.228284,67.138051,Phase 1
1,Karachi,2027,CS0025155,Grocery,High,721305,25.235082,67.152191,Phase 1
1,Karachi,2027,CS0037769,Supermarket,High,721293,25.172457,67.103149,Phase 1
1,Karachi,2027,CS0038717,Bakery,High,721215,25.130354,67.129508,Phase 1
1,Karachi,2027,CS0033345,Bakery,High,720998,24.722823,67.171237,Phase 1
1,Karachi,2027,CS0032657,Grocery,High,720997,25.198923,67.17561,Phase 1
1,Karachi,2027,CS0019186,Bakery,High,720990,24.839106,67.248254,Phase 1
1,Karachi,2027,CS0023623,Bakery,High,720422,24.897743,66.995037,Phase 1
1,Karachi,2027,CS0040698,Grocery,High,720184,25.139088,67.175886,Phase 1
1,Karachi,2027,CS0042160,Bakery,High,719909,24.855618,67.035181,Phase 1
1,Karachi,2027,CS0030540,Bakery,High,719058,25.132978,67.142347,Phase 1
1,Karachi,2027,CS0030638,Grocery,High,718870,25.287079,67.170813,Phase 1
1,Karachi,2027,CS0047312,Pharmacy,High,718449,24.842655,67.063418,Phase 1
1,Karachi,2027,CS0022309,Grocery,High,718357,25.021812,67.277215,Phase 1
1,Karachi,2027,CS0019423,Bakery,High,718318,25.217043,67.248598,Phase 1
1,Karachi,2027,CS0049319,Supermarket,High,718257,24.984523,67.033059,Phase 1
1,Karachi,2027,CS0023506,Grocery,High,717918,24.838688,67.101542,Phase 1
1,Karachi,2027,CS0037831,Grocery,High,717892,25.188938,67.207533,Phase 1
1,Karachi,2027,CS0036047,Grocery,High,717817,25.177691,67.187552,Phase 1
1,Karachi,2027,CS0030447,Grocery,High,717800,25.267577,67.165598,Phase 1
1,Karachi,2027,CS0034862,Pharmacy,High,717036,24.804139,67.125674,Phase 1
1,Karachi,2027,CS0044381,Grocery,High,716981,24.831008,67.017506,Phase 1
1,Karachi,2027,CS0019308,Bakery,High,716916,25.14686,67.143795,Phase 1
1,Karachi,2027,CS0041451,Grocery,High,716781,24.794881,67.190453,Phase 1
1,Karachi,2027,CS0035795,Grocery,High,716604,24.893418,67.210054,Phase 1
1,Karachi,2027,CS0036447,Petro Mart,High,716450,24.807511,67.0801,Phase 1
1,Karachi,2027,CS0018138,Grocery,High,716377,24.86404,67.194003,Phase 1
1,Karachi,2027,CS0048220,Supermarket,High,716042,25.220618,67.216406,Phase 1
1,Karachi,2027,CS0027472,Pharmacy,High,715857,25.108453,67.121035,Phase 1
1,Karachi,2027,CS0029471,Grocery,High,715426,24.837271,67.078736,Phase 1
1,Karachi,2027,CS0020943,Grocery,High,714851,24.830961,67.290313,Phase 1
1,Karachi,2027,CS0020392,Bakery,High,714590,24.845617,66.990754,Phase 1
1,Karachi,2027,CS0041306,Grocery,High,714450,25.02732,67.195581,Phase 1
1,Karachi,2027,CS0041791,Bakery,High,714199,25.221441,67.322419,Phase 1
1,Karachi,2027,CS0043932,Grocery,High,714056,25.24261,67.266026,Phase 1
1,Karachi,2027,CS0028921,Grocery,High,713895,24.887221,67.253833,Phase 1
1,Karachi,2027,CS0042731,Bakery,High,713685,25.135907,67.152007,Phase 1
1,Karachi,2027,CS0026322,Grocery,High,713599,25.133211,67.161895,Phase 1
1,Karachi,2027,CS0025038,Supermarket,High,713582,25.087218,67.193122,Phase 1
1,Karachi,2027,CS0046790,Pharmacy,High,713456,24.84136,67.09517,Phase 1
1,Karachi,2027,CS0047404,Grocery,High,713104,24.768132,67.183987,Phase 1
1,Karachi,2027,CS0041768,Grocery,High,712948,24.970314,67.213389,Phase 1
1,Karachi,2027,CS0023697,Grocery,High,712738,25.290771,67.217033,Phase 1
1,Karachi,2027,CS0041073,Bakery,High,712698,25.205921,67.143462,Phase 1
1,Karachi,2027,CS0025475,Grocery,High,712489,24.778872,67.151401,Phase 1
1,Karachi,2027,CS0031975,Bakery,High,712333,24.801398,67.129306,Phase 1
1,Karachi,2027,CS0022725,Bakery,High,712255,24.810145,67.115814,Phase 1
1,Karachi,2027,CS0023626,Grocery,High,711780,24.947872,67.154941,Phase 1
1,Karachi,2027,CS0018233,Bakery,High,711523,25.194623,67.232765,Phase 1
1,Karachi,2027,CS0024537,Supermarket,High,711101,24.962823,67.123403,Phase 1
1,Karachi,2027,CS0028714,Grocery,High,710994,24.912183,67.172332,Phase 1
1,Karachi,2027,CS0040825,Supermarket,High,710987,25.27244,67.194507,Phase 1
1,Karachi,2027,CS0022079,Bakery,High,710768,25.163377,67.105379,Phase 1
1,Karachi,2027,CS0044415,Pharmacy,High,710608,25.136163,67.228126,Phase 1
1,Karachi,2027,CS0028159,Pharmacy,High,710220,25.126169,67.156294,Phase 1
1,Karachi,2027,CS0031611,Bakery,High,710190,24.868837,67.088521,Phase 1
1,Karachi,2027,CS0045241,Supermarket,High,709807,24.891003,66.849777,Phase 1
1,Karachi,2027,CS0046178,Grocery,High,709656,25.301002,67.233234,Phase 1
1,Karachi,2027,CS0017176,Bakery,High,709496,25.22027,67.290788,Phase 1
1,Karachi,2027,CS0026520,Bakery,High,709417,24.761876,67.191259,Phase 1
1,Karachi,2027,CS0041534,Grocery,High,709407,24.822207,67.213844,Phase 1
1,Karachi,2027,CS0037032,Bakery,High,708888,24.799785,67.183746,Phase 1
1,Karachi,2027,CS0022908,Pharmacy,High,707998,25.278616,67.229244,Phase 1
1,Karachi,2027,CS0046119,Grocery,High,707495,25.044577,67.162497,Phase 1
1,Karachi,2027,CS0027605,Pharmacy,High,707111,25.190631,67.289828,Phase 1
1,Karachi,2027,CS0020913,Grocery,High,706970,24.803847,67.170127,Phase 1
1,Karachi,2027,CS0026219,Grocery,High,706171,24.890309,66.867256,Phase 1
1,Karachi,2027,CS0042942,Grocery,High,705932,25.146883,67.129544,Phase 1
1,Karachi,2027,CS0050370,Pharmacy,High,705620,25.189518,67.308687,Phase 1
1,Karachi,2027,CS0029808,Grocery,High,705546,25.144879,67.203363,Phase 1
1,Karachi,2027,CS0020124,Supermarket,High,705226,24.801873,67.147486,Phase 1
1,Karachi,2027,CS0019330,Grocery,High,704968,25.271454,67.329966,Phase 1
1,Karachi,2027,CS0021445,Petro Mart,High,704933,25.252274,67.172256,Phase 1
1,Karachi,2027,CS0025780,Petro Mart,High,704353,25.245656,67.18203,Phase 1
1,Karachi,2027,CS0018495,Grocery,High,704150,25.138137,67.177305,Phase 1
1,Karachi,2027,CS0037001,Bakery,High,704001,24.891218,66.846216,Phase 1
1,Karachi,2027,CS0044296,Grocery,High,703995,25.353937,67.195035,Phase 1
1,Karachi,2027,CS0046746,Petro Mart,High,703950,24.811798,67.20525,Phase 1
1,Karachi,2027,CS0040780,Grocery,High,703815,25.229765,67.291464,Phase 1
1,Karachi,2027,CS0045795,Grocery,High,703765,24.77346,67.244577,Phase 1
1,Karachi,2027,CS0029623,Grocery,High,703511,25.258282,67.246102,Phase 1
1,Karachi,2027,CS0044701,Grocery,High,702986,25.017027,67.282247,Phase 1
1,Karachi,2027,CS0023489,Grocery,High,702882,24.917903,67.043577,Phase 1
1,Karachi,2027,CS0041074,Petro Mart,High,702846,25.245468,67.179647,Phase 1
1,Karachi,2027,CS0023900,Grocery,High,701903,25.118047,67.1906,Phase 1
1,Karachi,2027,CS0035566,Pharmacy,High,701457,25.128255,67.157111,Phase 1
1,Karachi,2027,CS0036711,Grocery,High,701150,24.965619,67.132578,Phase 1
1,Karachi,2027,CS0049255,Grocery,High,701132,24.784261,67.112499,Phase 1
1,Karachi,2027,CS0032061,Bakery,High,701036,25.273037,67.23939,Phase 1
1,Karachi,2027,CS0026077,Grocery,High,700782,25.14564,67.198272,Phase 1
1,Karachi,2027,CS0017580,Pharmacy,High,700535,24.888788,66.880399,Phase 1
1,Karachi,2027,CS0049711,Grocery,High,700013,24.879739,67.056168,Phase 1
1,Karachi,2027,CS0041234,Grocery,High,699975,24.894991,67.121461,Phase 1
1,Karachi,2027,CS0026691,Grocery,High,699905,25.224227,67.277425,Phase 1
1,Karachi,2027,CS0035524,Grocery,High,699553,25.161762,67.227399,Phase 1
1,Karachi,2027,CS0022277,Petro Mart,High,699493,24.810359,67.059843,Phase 1
1,Karachi,2027,CS0050099,Grocery,High,699318,24.835092,66.925841,Phase 1
1,Karachi,2027,CS0027919,Pharmacy,High,699273,25.262483,67.350565,Phase 1
1,Karachi,2027,CS0017993,Grocery,High,698969,24.813765,67.082475,Phase 1
1,Karachi,2027,CS0026664,Grocery,High,698907,24.970234,67.133022,Phase 1
1,Karachi,2027,CS0049973,Grocery,High,698274,25.140828,67.248985,Phase 1
1,Karachi,2027,CS0049148,Grocery,High,697882,25.129636,67.204398,Phase 1
1,Karachi,2027,CS0032322,Grocery,High,697330,25.373247,67.282505,Phase 1
1,Karachi,2027,CS0024206,Grocery,High,696957,25.311094,67.187217,Phase 1
1,Karachi,2027,CS0047322,Bakery,High,696559,25.234422,67.224537,Phase 1
1,Karachi,2027,CS0039506,Bakery,High,696505,25.23973,67.246314,Phase 1
1,Karachi,2027,CS0049125,Supermarket,High,696443,24.874577,67.09897,Phase 1
1,Karachi,2027,CS0043832,Pharmacy,High,696399,25.130021,67.246802,Phase 1
1,Karachi,2027,CS0021249,Grocery,High,696024,25.150959,67.084372,Phase 1
1,Karachi,2027,CS0050411,Grocery,High,695791,25.280982,67.207646,Phase 1
1,Karachi,2027,CS0017354,Grocery,High,695727,25.118086,67.17338,Phase 1
1,Karachi,2027,CS0042992,Supermarket,High,695587,25.153931,67.257762,Phase 1
1,Karachi,2027,CS0025835,Grocery,High,695495,24.787669,67.204813,Phase 1
1,Karachi,2027,CS0038468,Grocery,High,695294,24.870776,66.852735,Phase 1
1,Karachi,2027,CS0034931,Pharmacy,High,695116,25.202666,67.211984,Phase 1
1,Karachi,2027,CS0035655,Bakery,High,694643,24.823413,67.289994,Phase 1
1,Karachi,2027,CS0042934,Grocery,High,694430,25.169519,67.247348,Phase 1
1,Karachi,2027,CS0027681,Pharmacy,High,694395,25.170357,67.112579,Phase 1
1,Karachi,2027,CS0018714,Grocery,High,694330,24.773934,67.115442,Phase 1
1,Karachi,2027,CS0044158,Supermarket,High,693899,25.19123,67.203077,Phase 1
1,Karachi,2027,CS0017451,Grocery,High,693828,25.139368,67.199038,Phase 1
1,Karachi,2027,CS0026966,Grocery,High,693826,24.972435,67.205059,Phase 1
1,Karachi,2027,CS0047971,Bakery,High,693657,25.06442,67.223725,Phase 1
1,Karachi,2027,CS0041154,Petro Mart,High,693510,24.835963,66.900062,Phase 1
1,Karachi,2027,CS0023273,Pharmacy,High,693413,25.244761,67.176176,Phase 1
1,Karachi,2027,CS0025676,Supermarket,High,693156,24.977258,67.191697,Phase 1
1,Karachi,2027,CS0029236,Bakery,High,693108,25.189749,67.199183,Phase 1
1,Karachi,2027,CS0032707,Grocery,High,693033,25.241135,67.16038,Phase 1
1,Karachi,2027,CS0020023,Grocery,High,693023,25.145119,67.203855,Phase 1
1,Karachi,2027,CS0042634,Bakery,High,692858,24.914713,67.048099,Phase 1
1,Karachi,2027,CS0035394,Grocery,High,692750,24.788263,67.150449,Phase 1
1,Karachi,2027,CS0027445,Bakery,High,691944,25.107163,67.225283,Phase 1
1,Karachi,2027,CS0020516,Grocery,High,691590,24.893157,67.104654,Phase 1
1,Karachi,2027,CS0037111,Grocery,High,691328,24.85267,67.226268,Phase 1
1,Karachi,2027,CS0041003,Grocery,High,691056,24.871384,67.042329,Phase 1
1,Karachi,2027,CS0023304,Grocery,High,691030,24.93574,66.880062,Phase 1
1,Karachi,2027,CS0042878,Grocery,High,690944,25.032469,67.338678,Phase 1
1,Karachi,2027,CS0034830,Grocery,High,690923,25.304411,67.198958,Phase 1
1,Karachi,2027,CS0024629,Grocery,High,690896,24.83983,66.899518,Phase 1
1,Karachi,2027,CS0030711,Bakery,High,690840,24.80358,67.211321,Phase 1
1,Karachi,2027,CS0017083,Pharmacy,High,690739,24.847514,67.064502,Phase 1
1,Karachi,2027,CS0045902,Pharmacy,High,690626,25.093361,67.226881,Phase 1
1,Karachi,2027,CS0046856,Pharmacy,High,689980,25.257252,67.26211,Phase 1
1,Karachi,2027,CS0034029,Grocery,High,689967,25.115531,67.166173,Phase 1
1,Karachi,2027,CS0028047,Grocery,High,689930,25.163067,67.298829,Phase 1
1,Karachi,2027,CS0019456,Grocery,High,689755,24.922117,66.892241,Phase 1
1,Karachi,2027,CS0038429,Grocery,High,689368,24.828535,66.854387,Phase 1
1,Karachi,2027,CS0023664,Pharmacy,High,689227,25.130232,67.156405,Phase 1
1,Karachi,2027,CS0025559,Petro Mart,High,688947,25.274074,67.293521,Phase 1
1,Karachi,2027,CS0035785,Pharmacy,High,688720,25.197019,67.23971,Phase 1
1,Karachi,2027,CS0023284,Grocery,High,688639,25.29157,67.171001,Phase 1
1,Karachi,2027,CS0027030,Bakery,High,688521,25.190042,67.19709,Phase 1
1,Karachi,2027,CS0037510,Grocery,High,688481,24.814606,67.036062,Phase 1
1,Karachi,2027,CS0029897,Grocery,High,688308,25.048878,67.185324,Phase 1
1,Karachi,2027,CS0030223,Bakery,High,688028,24.935905,67.184885,Phase 1
1,Karachi,2027,CS0019463,Supermarket,High,687909,24.844024,66.903282,Phase 1
1,Karachi,2027,CS0029414,Grocery,High,687683,25.150319,67.24578,Phase 1
1,Karachi,2027,CS0019520,Grocery,High,687679,25.147521,67.156187,Phase 1
1,Karachi,2027,CS0045975,Grocery,High,686888,25.202459,67.197977,Phase 1
1,Karachi,2027,CS0020953,Grocery,High,686293,25.179582,67.214074,Phase 1
1,Karachi,2027,CS0039885,Grocery,High,686141,25.113593,67.221214,Phase 1
1,Karachi,2027,CS0039706,Pharmacy,High,685502,25.260441,67.292164,Phase 1
1,Karachi,2027,CS0043067,Pharmacy,High,685369,25.093874,67.231378,Phase 1
1,Karachi,2027,CS0021607,Pharmacy,High,685080,25.295997,67.198644,Phase 1
1,Karachi,2027,CS0032921,Grocery,High,684270,24.812213,67.120714,Phase 1
1,Karachi,2027,CS0021527,Bakery,High,683882,25.188322,67.129036,Phase 1
1,Karachi,2027,CS0038799,Grocery,High,683771,25.125071,67.158478,Phase 1
1,Karachi,2027,CS0050639,Pharmacy,High,683771,25.193462,67.261159,Phase 1
1,Karachi,2027,CS0044802,Grocery,High,683575,24.819975,66.95033,Phase 1
1,Karachi,2027,CS0026485,Grocery,High,683022,24.756548,67.24288,Phase 1
1,Karachi,2027,CS0048902,Pharmacy,High,682933,24.842487,67.1357,Phase 1
1,Karachi,2027,CS0037768,Pharmacy,High,682833,25.124419,67.221068,Phase 1
1,Karachi,2027,CS0038455,Grocery,High,681962,25.118461,67.183985,Phase 1
1,Karachi,2027,CS0024359,Grocery,High,681790,25.100825,67.266218,Phase 1
1,Karachi,2027,CS0017023,Grocery,High,681538,24.990518,66.910822,Phase 1
1,Karachi,2027,CS0037670,Grocery,High,681440,25.145896,67.245136,Phase 1
1,Karachi,2027,CS0026734,Grocery,High,681415,25.267842,67.232468,Phase 1
1,Karachi,2027,CS0017325,Grocery,High,681364,25.30433,67.335981,Phase 1
1,Karachi,2027,CS0044568,Bakery,High,681247,25.079119,67.077875,Phase 1
1,Karachi,2027,CS0020101,Grocery,High,680626,25.181469,67.255675,Phase 1
1,Karachi,2027,CS0043675,Supermarket,High,680421,24.8578,66.979161,Phase 1
1,Karachi,2027,CS0044914,Grocery,High,680332,24.910742,66.899102,Phase 1
1,Karachi,2027,CS0048740,Grocery,High,679469,25.236792,67.158457,Phase 1
1,Karachi,2027,CS0018205,Grocery,High,679092,24.833987,66.920647,Phase 1
1,Karachi,2027,CS0047507,Pharmacy,High,679040,25.321113,67.192657,Phase 1
1,Karachi,2027,CS0045002,Grocery,High,678975,24.763018,67.145755,Phase 1
1,Karachi,2027,CS0017061,Grocery,High,678834,24.849347,67.164083,Phase 1
1,Karachi,2027,CS0043802,Supermarket,High,678526,24.880244,67.111107,Phase 1
1,Karachi,2027,CS0017367,Grocery,High,677876,25.20741,67.239586,Phase 1
1,Karachi,2027,CS0023984,Grocery,High,677630,24.893746,66.853361,Phase 1
1,Karachi,2027,CS0036535,Petro Mart,High,676894,25.079873,67.286351,Phase 1
1,Karachi,2027,CS0050144,Grocery,High,676859,24.851085,67.223511,Phase 1
1,Karachi,2027,CS0036503,Grocery,High,676463,24.856524,66.889501,Phase 1
1,Karachi,2027,CS0038536,Petro Mart,High,675748,25.074853,67.156781,Phase 1
1,Karachi,2027,CS0023021,Bakery,High,675685,24.772587,67.16961,Phase 1
1,Karachi,2027,CS0039163,Pharmacy,High,674967,24.88136,66.901129,Phase 1
1,Karachi,2027,CS0043800,Grocery,High,674515,24.859525,66.839591,Phase 1
1,Karachi,2027,CS0018942,Grocery,High,674154,25.349062,67.200349,Phase 1
1,Karachi,2027,CS0024667,Bakery,High,673836,25.196345,67.165028,Phase 1
1,Karachi,2027,CS0022899,Grocery,High,673446,24.917098,66.902577,Phase 1
1,Karachi,2027,CS0048618,Grocery,High,673333,24.900133,66.791813,Phase 1
1,Karachi,2027,CS0017746,Grocery,High,673333,25.138937,67.210518,Phase 1
1,Karachi,2027,CS0041858,Bakery,High,672795,25.111822,67.237549,Phase 1
1,Karachi,2027,CS0027479,Grocery,High,672668,25.175243,67.17077,Phase 1
1,Karachi,2027,CS0029687,Pharmacy,High,672653,24.98614,67.223139,Phase 1
1,Karachi,2027,CS0026427,Grocery,High,672536,24.923087,67.250157,Phase 1
1,Karachi,2027,CS0035497,Grocery,High,672461,25.075636,67.180516,Phase 1
1,Karachi,2027,CS0049401,Grocery,High,672245,25.243066,67.262338,Phase 1
1,Karachi,2027,CS0024107,Grocery,High,671094,24.894389,67.108529,Phase 1
1,Karachi,2027,CS0045221,Bakery,High,670458,25.114152,67.226402,Phase 1
1,Karachi,2027,CS0049637,Pharmacy,High,670393,25.144634,67.231983,Phase 1
1,Karachi,2027,CS0023095,Grocery,High,670356,24.810728,67.186671,Phase 1
1,Karachi,2027,CS0021250,Grocery,High,670256,24.980702,67.179018,Phase 1
1,Karachi,2027,CS0028431,Grocery,High,670140,25.207978,67.147274,Phase 1
1,Karachi,2027,CS0048166,Pharmacy,High,670022,24.927523,67.198078,Phase 1
1,Karachi,2027,CS0032304,Grocery,High,669744,24.831882,67.009914,Phase 1
1,Karachi,2027,CS0044908,Grocery,High,669726,24.896664,67.001335,Phase 1
1,Karachi,2027,CS0047443,Bakery,High,669721,24.945705,67.234682,Phase 1
1,Karachi,2027,CS0038028,Grocery,High,669720,24.797403,67.066244,Phase 1
1,Karachi,2027,CS0050514,Bakery,High,669191,25.174213,67.162389,Phase 1
1,Karachi,2027,CS0048533,Petro Mart,High,669150,25.267111,67.165656,Phase 1
1,Karachi,2027,CS0021123,Pharmacy,High,668963,25.073647,67.206205,Phase 1
1,Karachi,2027,CS0022822,Bakery,High,668615,25.19303,67.239677,Phase 1
1,Karachi,2027,CS0018112,Supermarket,High,668250,25.220319,67.27574,Phase 1
1,Karachi,2027,CS0024681,Grocery,High,668035,24.878036,67.195664,Phase 1
1,Karachi,2027,CS0017443,Bakery,High,667522,24.920949,66.896467,Phase 1
1,Karachi,2027,CS0023029,Grocery,High,667136,24.764767,67.096754,Phase 1
1,Karachi,2027,CS0021591,Grocery,High,667127,25.263085,67.322998,Phase 1
1,Karachi,2027,CS0034530,Grocery,High,666428,24.763717,67.214053,Phase 1
1,Karachi,2027,CS0018879,Grocery,High,666231,25.189103,67.262563,Phase 1
1,Karachi,2027,CS0028994,Grocery,High,666219,25.175553,67.144293,Phase 1
1,Karachi,2027,CS0021930,Pharmacy,High,665798,25.187757,67.230829,Phase 1
1,Karachi,2027,CS0021717,Supermarket,High,665320,24.85818,67.105392,Phase 1
1,Karachi,2027,CS0037960,Supermarket,High,665172,25.115108,67.266436,Phase 1
1,Karachi,2027,CS0028533,Grocery,High,665144,24.828754,66.905204,Phase 1
1,Karachi,2027,CS0017103,Grocery,High,664666,24.918557,67.177636,Phase 1
1,Karachi,2027,CS0028563,Pharmacy,High,664566,24.940438,67.149755,Phase 1
1,Karachi,2027,CS0036414,Pharmacy,High,664417,24.901594,67.1296,Phase 1
1,Karachi,2027,CS0027331,Bakery,High,663954,25.233048,67.204037,Phase 1
1,Karachi,2027,CS0047546,Grocery,High,663927,25.220399,67.139658,Phase 1
1,Karachi,2027,CS0048649,Supermarket,High,663617,25.212157,67.163515,Phase 1
1,Karachi,2027,CS0039865,Grocery,High,663567,25.183799,67.199804,Phase 1
1,Karachi,2027,CS0031551,Grocery,High,663366,25.155134,67.188226,Phase 1
1,Karachi,2027,CS0039230,Bakery,High,663167,25.300092,67.191557,Phase 1
1,Karachi,2027,CS0039004,Bakery,High,662885,25.153142,67.122232,Phase 1
1,Karachi,2027,CS0048139,Grocery,High,662728,24.847874,67.071276,Phase 1
1,Karachi,2027,CS0042808,Bakery,High,662407,25.064354,67.072388,Phase 1
1,Karachi,2027,CS0031974,Grocery,High,662041,24.789674,67.141328,Phase 1
1,Karachi,2027,CS0019190,Bakery,High,661700,25.144572,67.283122,Phase 1
1,Karachi,2027,CS0038587,Grocery,High,661516,24.979864,67.199956,Phase 1
1,Karachi,2027,CS0038658,Grocery,High,661309,24.857069,66.807064,Phase 1
1,Karachi,2027,CS0020582,Grocery,High,661278,25.066512,67.035692,Phase 1
1,Karachi,2027,CS0043660,Grocery,High,661192,25.181368,67.209553,Phase 1
1,Karachi,2027,CS0019990,Bakery,High,660962,25.149009,67.195349,Phase 1
1,Karachi,2027,CS0049864,Pharmacy,High,660895,25.155231,67.113002,Phase 1
1,Karachi,2027,CS0019753,Bakery,High,660823,24.737197,67.237136,Phase 1
1,Karachi,2027,CS0029719,Supermarket,High,660697,25.117809,67.199763,Phase 1
1,Karachi,2027,CS0025769,Pharmacy,High,660559,24.837107,67.199727,Phase 1
1,Karachi,2027,CS0032063,Grocery,High,660323,25.076921,67.205977,Phase 1
1,Karachi,2027,CS0025009,Grocery,High,660156,24.725001,67.172583,Phase 1
1,Karachi,2027,CS0044454,Supermarket,High,660107,24.972132,66.877052,Phase 1
1,Karachi,2027,CS0037995,Grocery,High,659976,25.120732,67.186477,Phase 1
1,Karachi,2027,CS0042696,Pharmacy,High,659745,25.070132,67.311542,Phase 1
1,Karachi,2027,CS0025880,Grocery,High,659679,25.171246,67.204562,Phase 1
1,Karachi,2027,CS0039887,Grocery,High,659626,25.24929,67.248145,Phase 1
1,Karachi,2027,CS0030789,Pharmacy,High,659497,24.91718,66.906053,Phase 1
1,Karachi,2027,CS0048146,Grocery,High,659299,25.2141,67.180207,Phase 1
1,Karachi,2027,CS0020509,Grocery,High,658984,24.758723,67.103508,Phase 1
1,Karachi,2027,CS0042447,Grocery,High,658432,25.278592,67.269762,Phase 1
1,Karachi,2027,CS0044112,Bakery,High,658400,24.849129,66.920536,Phase 1
1,Karachi,2027,CS0036910,Grocery,High,658299,25.212116,67.315017,Phase 1
1,Karachi,2027,CS0036307,Grocery,High,657743,25.192432,67.256372,Phase 1
1,Karachi,2027,CS0041746,Grocery,High,657636,24.874242,66.844286,Phase 1
1,Karachi,2027,CS0031643,Grocery,High,657326,25.271287,67.194294,Phase 1
1,Karachi,2027,CS0035006,Pharmacy,High,657125,24.765335,67.186738,Phase 1
1,Karachi,2027,CS0023792,Grocery,High,656465,25.159098,67.170203,Phase 1
1,Karachi,2027,CS0048181,Bakery,High,655852,24.850071,67.15657,Phase 1
1,Karachi,2027,CS0017066,Grocery,High,655812,25.157853,67.271631,Phase 1
1,Karachi,2027,CS0032055,Petro Mart,High,655682,24.873857,67.12329,Phase 1
1,Karachi,2027,CS0043089,Pharmacy,High,655614,25.025312,67.107249,Phase 1
1,Karachi,2027,CS0046770,Grocery,High,655476,25.252761,67.219435,Phase 1
1,Karachi,2027,CS0026672,Grocery,High,655472,24.855511,66.825019,Phase 1
1,Karachi,2027,CS0025275,Supermarket,High,655243,25.161456,67.126217,Phase 1
1,Karachi,2027,CS0028951,Pharmacy,High,655224,24.783927,66.991084,Phase 1
1,Karachi,2027,CS0044644,Bakery,High,655076,25.112302,67.251529,Phase 1
1,Karachi,2027,CS0021786,Petro Mart,High,654997,25.36617,67.313012,Phase 1
1,Karachi,2027,CS0017766,Grocery,High,654798,24.875204,67.296356,Phase 1
1,Karachi,2027,CS0044814,Bakery,High,654397,24.86528,67.142545,Phase 1
1,Karachi,2027,CS0037764,Bakery,High,654247,25.119874,67.083843,Phase 1
1,Karachi,2027,CS0043587,Bakery,High,653933,24.816328,67.15505,Phase 1
1,Karachi,2027,CS0026434,Grocery,High,653928,24.863218,66.815659,Phase 1
1,Karachi,2027,CS0048883,Grocery,High,653558,25.055191,67.251332,Phase 1
1,Karachi,2027,CS0029725,Grocery,High,652880,24.874355,67.123432,Phase 1
1,Karachi,2027,CS0035365,Grocery,High,652750,25.197812,67.203599,Phase 1
1,Karachi,2027,CS0036138,Grocery,High,652607,25.14608,67.287337,Phase 1
1,Karachi,2027,CS0028935,Grocery,High,652521,25.066216,67.164193,Phase 1
1,Karachi,2027,CS0020355,Bakery,High,652403,25.276329,67.203839,Phase 1
1,Karachi,2027,CS0021965,Grocery,High,652291,25.070848,67.131842,Phase 1
1,Karachi,2027,CS0025056,Pharmacy,High,652199,24.901498,66.776877,Phase 1
1,Karachi,2027,CS0039955,Grocery,High,651908,25.162897,67.205575,Phase 1
1,Karachi,2027,CS0020278,Pharmacy,High,651866,25.228525,67.156408,Phase 1
1,Karachi,2027,CS0027158,Grocery,High,651758,24.956016,67.225654,Phase 1
1,Karachi,2027,CS0022436,Bakery,High,651577,25.232448,67.200677,Phase 1
1,Karachi,2027,CS0025039,Grocery,High,650675,24.865634,67.116178,Phase 1
1,Karachi,2027,CS0033913,Grocery,High,650350,24.804506,67.155024,Phase 1
1,Karachi,2027,CS0039102,Pharmacy,High,650270,24.92245,66.88147,Phase 1
1,Karachi,2027,CS0050079,Grocery,High,649474,25.284348,67.2519,Phase 1
1,Karachi,2027,CS0050299,Bakery,High,649463,25.1421,67.193299,Phase 1
1,Karachi,2027,CS0022389,Grocery,High,649271,24.959778,67.155394,Phase 1
1,Karachi,2027,CS0038307,Bakery,High,648910,24.915213,67.039834,Phase 1
1,Karachi,2027,CS0031270,Grocery,High,648676,24.895903,67.094813,Phase 1
1,Karachi,2027,CS0044507,Pharmacy,High,648573,24.952068,66.840882,Phase 1
1,Karachi,2027,CS0035686,Pharmacy,High,648407,25.023133,67.123672,Phase 1
1,Karachi,2027,CS0029733,Grocery,High,648117,24.97753,66.88001,Phase 1
1,Karachi,2027,CS0049235,Bakery,High,648095,24.803237,67.174682,Phase 1
1,Karachi,2027,CS0019038,Petro Mart,High,647925,25.225742,67.230891,Phase 1
1,Karachi,2027,CS0041775,Grocery,High,647588,25.19312,67.199778,Phase 1
1,Karachi,2027,CS0043936,Pharmacy,High,647482,25.240602,67.255379,Phase 1
1,Karachi,2027,CS0033237,Bakery,High,647259,25.225083,67.232724,Phase 1
1,Karachi,2027,CS0045970,Bakery,High,647164,25.056001,67.246477,Phase 1
1,Karachi,2027,CS0032003,Pharmacy,High,646658,24.82167,67.21265,Phase 1
1,Karachi,2027,CS0022415,Pharmacy,High,646622,24.869878,67.100715,Phase 1
1,Karachi,2027,CS0028416,Grocery,High,646516,25.231188,67.19088,Phase 1
1,Karachi,2027,CS0021151,Grocery,High,646236,24.896761,67.202426,Phase 1
1,Karachi,2027,CS0037814,Grocery,High,646116,24.812629,67.052562,Phase 1
1,Karachi,2027,CS0024872,Grocery,High,645461,24.945956,67.117136,Phase 1
1,Karachi,2027,CS0046667,Grocery,High,645346,25.168483,67.157001,Phase 1
1,Karachi,2027,CS0021901,Petro Mart,High,645330,24.858883,67.269962,Phase 1
1,Karachi,2027,CS0029870,Grocery,High,645135,24.906421,66.745314,Phase 1
1,Karachi,2027,CS0026712,Grocery,High,644803,25.079987,67.0806,Phase 1
1,Karachi,2027,CS0049339,Grocery,High,644561,24.851955,67.05244,Phase 1
1,Karachi,2027,CS0050193,Supermarket,High,644526,25.073297,67.157152,Phase 1
1,Karachi,2027,CS0049034,Grocery,High,644472,25.207002,67.249153,Phase 1
1,Karachi,2027,CS0048757,Grocery,High,644360,25.240215,67.254415,Phase 1
1,Karachi,2027,CS0022039,Grocery,High,644238,25.326989,67.230773,Phase 1
1,Karachi,2027,CS0048860,Pharmacy,High,643847,25.132176,67.179224,Phase 1
1,Karachi,2027,CS0023055,Grocery,High,643724,24.882433,66.857944,Phase 1
1,Karachi,2027,CS0029643,Bakery,High,643484,25.220679,67.183818,Phase 1
1,Karachi,2027,CS0028182,Grocery,High,643439,25.247302,67.172451,Phase 1
1,Karachi,2027,CS0038159,Petro Mart,High,642523,24.918987,66.782518,Phase 1
1,Karachi,2027,CS0036344,Grocery,High,641663,25.134562,67.214484,Phase 1
1,Karachi,2027,CS0020715,Grocery,High,641299,25.231217,67.177413,Phase 1
1,Karachi,2027,CS0024455,Grocery,High,641154,24.770574,67.163962,Phase 1
1,Karachi,2027,CS0019504,Grocery,High,640852,25.25167,67.191837,Phase 1
1,Karachi,2027,CS0035296,Grocery,High,640825,24.876407,67.047062,Phase 1
1,Karachi,2027,CS0041995,Pharmacy,High,639941,24.827175,67.170925,Phase 1
1,Karachi,2027,CS0022454,Grocery,High,639878,25.082615,67.237985,Phase 1
1,Karachi,2027,CS0029128,Grocery,High,639745,25.252626,67.264889,Phase 1
1,Karachi,2027,CS0032587,Grocery,High,639506,25.242259,67.194572,Phase 1
1,Karachi,2027,CS0033115,Bakery,High,639198,24.779906,67.216569,Phase 1
1,Karachi,2027,CS0046410,Grocery,High,639018,25.258613,67.186357,Phase 1
1,Karachi,2027,CS0027993,Pharmacy,High,638101,25.11842,67.182808,Phase 1
1,Karachi,2027,CS0038463,Grocery,High,637702,25.221502,67.186002,Phase 1
1,Karachi,2027,CS0023099,Grocery,High,637204,25.081056,67.251257,Phase 1
1,Karachi,2027,CS0032229,Bakery,High,636644,25.365624,67.202597,Phase 1
1,Karachi,2027,CS0028477,Supermarket,High,635714,25.134197,67.215012,Phase 1
1,Karachi,2027,CS0037365,Bakery,High,635540,25.231465,67.208009,Phase 1
1,Karachi,2027,CS0019706,Pharmacy,High,635360,24.993276,67.014117,Phase 1
1,Karachi,2027,CS0047693,Grocery,High,635300,25.118129,67.11088,Phase 1
1,Karachi,2027,CS0036360,Petro Mart,High,634853,25.100937,67.071251,Phase 1
1,Karachi,2027,CS0041273,Supermarket,High,634754,25.28391,67.195373,Phase 1
1,Karachi,2027,CS0038100,Bakery,High,634739,24.954093,66.970962,Phase 1
1,Karachi,2027,CS0030700,Supermarket,High,634705,24.948087,66.863589,Phase 1
1,Karachi,2027,CS0019458,Grocery,High,634066,24.858599,66.899734,Phase 1
1,Karachi,2027,CS0036211,Petro Mart,High,633864,25.098946,67.213487,Phase 1
1,Karachi,2027,CS0018825,Pharmacy,High,633858,25.111499,67.215266,Phase 1
1,Karachi,2027,CS0029453,Bakery,High,633577,25.218565,67.162858,Phase 1
2,Faisalabad,2025,CS0122951,Grocery,High,1891242,31.361946,73.150616,Phase 1
2,Faisalabad,2025,CS0124442,Bakery,High,1774018,31.055021,73.063967,Phase 1
2,Faisalabad,2025,CS0120673,Grocery,High,1744319,31.333746,73.165067,Phase 1
2,Faisalabad,2025,CS0123460,Bakery,High,1740674,31.378393,73.092674,Phase 1
2,Faisalabad,2025,CS0126314,Grocery,High,1729778,31.242371,73.073016,Phase 1
2,Faisalabad,2025,CS0120288,Grocery,High,1647829,31.191731,73.143637,Phase 1
2,Faisalabad,2025,CS0120802,Supermarket,High,1618299,31.352687,73.156049,Phase 1
2,Faisalabad,2025,CS0125787,Grocery,High,1608748,31.253396,73.206562,Phase 1
2,Faisalabad,2025,CS0120127,Grocery,High,1604723,30.814614,72.82764,Phase 1
2,Faisalabad,2025,CS0119559,Grocery,High,1581361,31.318444,73.167596,Phase 1
2,Faisalabad,2025,CS0123487,Grocery,High,1513573,31.150494,73.255125,Phase 1
2,Faisalabad,2025,CS0124794,Grocery,High,1504864,30.818985,72.933468,Phase 1
2,Faisalabad,2025,CS0126208,Grocery,High,1503515,31.154329,73.33149,Phase 1
2,Faisalabad,2025,CS0123092,Petro Mart,High,1501318,31.101745,73.135348,Phase 1
2,Faisalabad,2025,CS0125855,Grocery,High,1491168,30.773586,72.936547,Phase 1
2,Faisalabad,2025,CS0123677,Bakery,High,1487091,31.22966,73.148377,Phase 1
2,Faisalabad,2025,CS0125241,Supermarket,High,1462502,31.185231,73.17466,Phase 1
2,Faisalabad,2025,CS0122368,Grocery,High,1453882,31.36707,73.107171,Phase 1
2,Faisalabad,2025,CS0121581,Supermarket,High,1432964,31.171683,73.215463,Phase 1
2,Faisalabad,2025,CS0120128,Grocery,High,1425307,31.245216,73.480045,Phase 1
2,Faisalabad,2025,CS0123350,Grocery,High,1409955,30.844133,72.804558,Phase 1
2,Faisalabad,2025,CS0124241,Supermarket,High,1409522,30.787736,72.792242,Phase 1
2,Faisalabad,2025,CS0124220,Grocery,High,1390432,31.133816,73.391967,Phase 1
2,Faisalabad,2025,CS0122795,Bakery,High,1388215,31.163744,73.268653,Phase 1
2,Faisalabad,2025,CS0122146,Grocery,High,1373768,31.170961,73.094997,Phase 1
2,Faisalabad,2025,CS0126212,Bakery,High,1361286,31.237411,73.191677,Phase 1
2,Faisalabad,2025,CS0125337,Supermarket,High,1357542,31.197745,73.151872,Phase 1
2,Faisalabad,2025,CS0123108,Supermarket,High,1356462,31.039084,73.278741,Phase 1
2,Faisalabad,2025,CS0123852,Supermarket,High,1352198,30.710734,72.759009,Phase 1
2,Faisalabad,2025,CS0123896,Grocery,High,1336648,31.23461,73.132839,Phase 1
2,Faisalabad,2025,CS0119656,Grocery,High,1335411,31.209045,73.156833,Phase 1
2,Faisalabad,2025,CS0125782,Grocery,High,1321560,30.841727,72.863622,Phase 1
2,Faisalabad,2025,CS0120727,Bakery,High,1318020,31.278361,73.242203,Phase 1
2,Faisalabad,2025,CS0119449,Petro Mart,High,1310164,31.420713,73.246606,Phase 1
2,Faisalabad,2025,CS0123530,Grocery,High,1307098,31.161537,73.123936,Phase 1
2,Faisalabad,2025,CS0124398,Pharmacy,High,1295740,31.281706,73.245984,Phase 1
2,Faisalabad,2025,CS0121363,Bakery,High,1288209,31.181626,73.068027,Phase 1
2,Faisalabad,2025,CS0119802,Grocery,High,1282550,31.192213,73.507967,Phase 1
2,Faisalabad,2025,CS0120513,Grocery,High,1280954,31.301874,73.150443,Phase 1
2,Faisalabad,2025,CS0119690,Grocery,High,1277605,31.203575,73.242512,Phase 1
2,Faisalabad,2025,CS0125237,Pharmacy,High,1276283,31.153891,73.184148,Phase 1
2,Faisalabad,2025,CS0122200,Grocery,High,1272885,31.162447,73.236432,Phase 1
2,Faisalabad,2025,CS0125650,Grocery,High,1269472,31.332632,73.123657,Phase 1
2,Faisalabad,2025,CS0123283,Grocery,High,1268163,30.728546,72.813635,Phase 1
2,Faisalabad,2025,CS0123209,Bakery,High,1266226,31.144636,73.461077,Phase 1
2,Faisalabad,2025,CS0125558,Pharmacy,High,1261522,30.823042,73.039964,Phase 1
2,Faisalabad,2025,CS0121680,Grocery,High,1254725,31.234455,73.288295,Phase 1
2,Faisalabad,2025,CS0124613,Bakery,High,1253643,31.326751,73.295776,Phase 1
2,Faisalabad,2025,CS0124708,Grocery,High,1236194,30.98528,73.143912,Phase 1
2,Faisalabad,2025,CS0120564,Grocery,High,1234956,31.150425,73.343523,Phase 1
2,Faisalabad,2025,CS0124310,Grocery,High,1222473,31.206009,73.208281,Phase 1
2,Faisalabad,2025,CS0120750,Bakery,High,1222465,30.858429,72.91209,Phase 1
2,Faisalabad,2025,CS0126232,Grocery,High,1221814,31.184465,73.484993,Phase 1
2,Faisalabad,2025,CS0120166,Grocery,High,1220756,31.114561,73.09989,Phase 1
2,Faisalabad,2025,CS0122713,Pharmacy,High,1220449,31.252813,73.227403,Phase 1
2,Faisalabad,2025,CS0124986,Grocery,High,1214615,31.128158,73.223897,Phase 1
2,Faisalabad,2025,CS0120729,Grocery,High,1209787,30.815072,72.903306,Phase 1
2,Faisalabad,2025,CS0122949,Grocery,High,1206643,31.205467,73.172404,Phase 1
2,Faisalabad,2025,CS0126039,Grocery,High,1202968,31.161707,73.286667,Phase 1
2,Faisalabad,2025,CS0120283,Grocery,High,1202313,31.328011,73.162603,Phase 1
2,Faisalabad,2025,CS0120112,Grocery,High,1201738,31.154868,73.34649,Phase 1
2,Faisalabad,2025,CS0126199,Grocery,High,1184974,31.280021,73.152696,Phase 1
2,Faisalabad,2025,CS0120724,Grocery,High,1184024,31.379053,73.519381,Phase 1
2,Faisalabad,2025,CS0122802,Bakery,High,1169981,31.346965,73.203211,Phase 1
2,Faisalabad,2025,CS0120781,Grocery,High,1169482,31.209982,73.232031,Phase 1
2,Faisalabad,2025,CS0122173,Grocery,High,1166957,30.81992,72.889779,Phase 1
2,Faisalabad,2025,CS0125230,Grocery,High,1162711,31.108247,73.255072,Phase 1
2,Faisalabad,2025,CS0119653,Bakery,High,1159691,31.239485,73.163212,Phase 1
2,Faisalabad,2025,CS0120510,Grocery,High,1156767,31.332178,73.365232,Phase 1
2,Faisalabad,2025,CS0125186,Grocery,High,1146521,31.203057,73.432206,Phase 1
2,Faisalabad,2025,CS0119991,Supermarket,High,1145925,30.852119,72.988163,Phase 1
2,Faisalabad,2025,CS0119734,Grocery,High,1143287,31.182422,73.290775,Phase 1
2,Faisalabad,2025,CS0124875,Grocery,High,1126076,31.19444,73.443242,Phase 1
2,Faisalabad,2025,CS0120557,Bakery,High,1125585,31.228909,73.482041,Phase 1
2,Faisalabad,2025,CS0126110,Bakery,High,1125397,31.011453,73.153803,Phase 1
2,Faisalabad,2025,CS0120256,Petro Mart,High,1120586,31.164586,73.437728,Phase 1
2,Faisalabad,2025,CS0122659,Bakery,High,1120466,31.231023,73.128164,Phase 1
2,Faisalabad,2025,CS0120075,Supermarket,High,1114979,31.282463,73.157128,Phase 1
2,Faisalabad,2025,CS0123410,Pharmacy,High,1113446,31.181558,73.434877,Phase 1
2,Faisalabad,2025,CS0122381,Grocery,High,1111546,30.70634,72.77318,Phase 1
2,Faisalabad,2025,CS0123370,Bakery,High,1108802,31.267309,73.146835,Phase 1
2,Faisalabad,2025,CS0120427,Grocery,High,1108578,31.172395,73.088642,Phase 1
2,Faisalabad,2025,CS0120122,Grocery,High,1107912,31.132013,73.293363,Phase 1
2,Faisalabad,2025,CS0121708,Grocery,High,1105543,31.175517,73.133469,Phase 1
2,Faisalabad,2025,CS0121974,Grocery,High,1105076,31.246312,73.441936,Phase 1
2,Faisalabad,2025,CS0126426,Grocery,High,1102746,31.12736,73.273686,Phase 1
2,Faisalabad,2025,CS0120570,Grocery,High,1099942,31.2585,73.190602,Phase 1
2,Faisalabad,2025,CS0126265,Bakery,High,1094779,31.187518,73.009586,Phase 1
2,Faisalabad,2025,CS0123340,Grocery,High,1089534,31.409052,73.084233,Phase 1
2,Faisalabad,2025,CS0126084,Grocery,High,1088344,31.167579,73.125799,Phase 1
2,Faisalabad,2025,CS0124097,Pharmacy,High,1084798,31.135761,73.439837,Phase 1
2,Faisalabad,2025,CS0124996,Grocery,High,1084511,31.242672,73.313755,Phase 1
2,Faisalabad,2025,CS0125215,Grocery,High,1082450,31.139954,73.203719,Phase 1
2,Faisalabad,2025,CS0125491,Grocery,High,1077525,31.26072,73.070683,Phase 1
2,Faisalabad,2025,CS0123551,Grocery,High,1075387,31.423214,73.249311,Phase 1
2,Faisalabad,2025,CS0120617,Supermarket,High,1072596,31.30479,73.111746,Phase 1
2,Faisalabad,2025,CS0123250,Grocery,High,1072079,31.321942,73.178947,Phase 1
2,Faisalabad,2025,CS0126396,Grocery,High,1071522,31.056308,73.198668,Phase 1
2,Faisalabad,2025,CS0126334,Grocery,High,1068803,31.194913,73.309657,Phase 1
2,Faisalabad,2025,CS0126382,Grocery,High,1066270,31.286487,73.406052,Phase 1
2,Faisalabad,2025,CS0123681,Bakery,High,1046901,31.106588,73.258226,Phase 1
2,Faisalabad,2025,CS0120163,Grocery,High,1045411,31.32086,73.140689,Phase 1
2,Faisalabad,2025,CS0119967,Grocery,High,1042251,31.152266,73.223636,Phase 1
2,Faisalabad,2025,CS0125255,Pharmacy,High,1041164,31.232149,73.25884,Phase 1
2,Faisalabad,2025,CS0123494,Supermarket,High,1039524,31.117946,73.134183,Phase 1
2,Faisalabad,2025,CS0123738,Supermarket,High,1037056,31.139709,73.105406,Phase 1
2,Faisalabad,2025,CS0121437,Supermarket,High,1036734,31.305556,73.144631,Phase 1
2,Faisalabad,2025,CS0120796,Grocery,High,1036619,31.055186,73.180955,Phase 1
2,Faisalabad,2025,CS0119992,Bakery,High,1025969,30.826668,72.940049,Phase 1
2,Faisalabad,2025,CS0121325,Grocery,High,1025032,30.75882,72.828039,Phase 1
2,Faisalabad,2025,CS0122980,Pharmacy,High,1024625,31.220014,73.143812,Phase 1
2,Faisalabad,2025,CS0121333,Supermarket,High,1024089,31.184011,73.466211,Phase 1
2,Faisalabad,2025,CS0121163,Grocery,High,1023309,31.175584,73.296832,Phase 1
2,Faisalabad,2025,CS0121115,Grocery,High,1023273,31.25404,73.242313,Phase 1
2,Faisalabad,2025,CS0124629,Grocery,High,1020031,31.227271,73.149571,Phase 1
2,Faisalabad,2025,CS0125538,Bakery,High,1019857,31.254806,73.349544,Phase 1
2,Faisalabad,2025,CS0120092,Grocery,High,1017971,31.251106,73.26193,Phase 1
2,Faisalabad,2025,CS0124490,Grocery,High,1017738,31.092687,73.154428,Phase 1
2,Faisalabad,2025,CS0123318,Grocery,High,1017002,31.207759,73.249347,Phase 1
2,Faisalabad,2025,CS0123869,Grocery,High,1015088,31.222863,72.94466,Phase 1
2,Faisalabad,2025,CS0125088,Pharmacy,High,1014194,31.06321,73.169742,Phase 1
2,Faisalabad,2025,CS0123726,Grocery,High,1013822,31.139458,73.107211,Phase 1
2,Faisalabad,2025,CS0120885,Supermarket,High,1012720,31.229843,73.135705,Phase 1
2,Faisalabad,2025,CS0125544,Pharmacy,High,1011924,31.208222,73.235118,Phase 1
2,Faisalabad,2025,CS0123796,Grocery,High,1010577,31.292752,73.523596,Phase 1
2,Faisalabad,2025,CS0120643,Pharmacy,High,1006183,31.278671,73.032025,Phase 1
2,Faisalabad,2025,CS0126241,Grocery,High,1006060,31.361991,73.114306,Phase 1
2,Faisalabad,2025,CS0120030,Grocery,High,1005910,31.1393,73.135074,Phase 1
2,Faisalabad,2025,CS0120205,Pharmacy,High,1003019,31.177187,73.085468,Phase 1
2,Faisalabad,2025,CS0122851,Bakery,High,1001743,31.125994,73.178192,Phase 1
2,Faisalabad,2025,CS0121745,Grocery,High,1001173,31.124615,73.374435,Phase 1
2,Faisalabad,2025,CS0120452,Grocery,High,999345,31.322477,73.141394,Phase 1
2,Faisalabad,2025,CS0122017,Bakery,High,998930,31.083303,73.240338,Phase 1
2,Faisalabad,2025,CS0125197,Bakery,High,998927,31.243935,73.204417,Phase 1
2,Faisalabad,2025,CS0119946,Grocery,High,997738,31.157096,73.261773,Phase 1
2,Faisalabad,2025,CS0126342,Grocery,High,995873,31.268762,73.156404,Phase 1
2,Faisalabad,2025,CS0126136,Supermarket,High,991509,31.236436,73.282911,Phase 1
2,Faisalabad,2025,CS0122325,Grocery,High,991375,30.829895,72.793287,Phase 1
2,Faisalabad,2025,CS0125011,Bakery,High,990673,31.202307,73.272751,Phase 1
2,Faisalabad,2025,CS0121869,Grocery,High,987002,31.14121,73.227532,Phase 1
2,Faisalabad,2025,CS0125349,Pharmacy,High,982079,31.205444,73.30753,Phase 1
2,Faisalabad,2026,CS0124115,Grocery,High,981428,31.134185,73.296829,Phase 1
2,Faisalabad,2026,CS0124335,Grocery,High,980513,31.269224,73.595111,Phase 1
2,Faisalabad,2026,CS0121677,Grocery,High,979971,31.242485,73.441944,Phase 1
2,Faisalabad,2026,CS0124341,Grocery,High,976962,31.245716,73.123059,Phase 1
2,Faisalabad,2026,CS0120167,Grocery,High,974455,31.340799,73.200792,Phase 1
2,Faisalabad,2026,CS0124136,Grocery,High,971858,31.253438,73.542437,Phase 1
2,Faisalabad,2026,CS0124835,Pharmacy,High,968187,31.227544,73.243039,Phase 1
2,Faisalabad,2026,CS0120682,Supermarket,High,966436,30.839392,72.706746,Phase 1
2,Faisalabad,2026,CS0121910,Grocery,High,966377,31.270853,73.214478,Phase 1
2,Faisalabad,2026,CS0125717,Supermarket,High,963750,31.3144,73.301257,Phase 1
2,Faisalabad,2026,CS0123958,Grocery,High,963658,31.271548,73.165864,Phase 1
2,Faisalabad,2026,CS0120873,Grocery,High,962191,30.881633,72.787357,Phase 1
2,Faisalabad,2026,CS0121560,Grocery,High,961405,31.297555,73.257407,Phase 1
2,Faisalabad,2026,CS0126315,Pharmacy,High,958569,31.263304,73.196227,Phase 1
2,Faisalabad,2026,CS0121578,Supermarket,High,958042,31.190634,73.362861,Phase 1
2,Faisalabad,2026,CS0120807,Grocery,High,956175,31.242894,73.23029,Phase 1
2,Faisalabad,2026,CS0121324,Bakery,High,954289,31.307033,73.486673,Phase 1
2,Faisalabad,2026,CS0120899,Grocery,High,953971,31.301479,73.156639,Phase 1
2,Faisalabad,2026,CS0124014,Pharmacy,High,953178,31.131439,73.402877,Phase 1
2,Faisalabad,2026,CS0121066,Grocery,High,952010,31.312411,73.163725,Phase 1
2,Faisalabad,2026,CS0123075,Grocery,High,946739,31.213773,73.4484,Phase 1
2,Faisalabad,2026,CS0123635,Grocery,High,942456,30.782404,72.920376,Phase 1
2,Faisalabad,2026,CS0119782,Grocery,High,940711,31.178101,73.299928,Phase 1
2,Faisalabad,2026,CS0126561,Grocery,High,940617,31.054952,73.189877,Phase 1
2,Faisalabad,2026,CS0122272,Grocery,High,938905,30.87081,72.820953,Phase 1
2,Faisalabad,2026,CS0121620,Pharmacy,High,938569,31.227573,73.029563,Phase 1
2,Faisalabad,2026,CS0126356,Grocery,High,932904,31.087091,73.101772,Phase 1
2,Faisalabad,2026,CS0123218,Grocery,High,930931,31.237926,73.220543,Phase 1
2,Faisalabad,2026,CS0126013,Grocery,High,930056,31.249614,73.234322,Phase 1
2,Faisalabad,2026,CS0124383,Pharmacy,High,928800,31.113752,73.293544,Phase 1
2,Faisalabad,2026,CS0120663,Grocery,High,928045,31.313415,73.456712,Phase 1
2,Faisalabad,2026,CS0122542,Bakery,High,923673,31.164871,73.24113,Phase 1
2,Faisalabad,2026,CS0123103,Grocery,High,922703,31.309588,73.5221,Phase 1
2,Faisalabad,2026,CS0123365,Grocery,High,922636,31.14706,73.355385,Phase 1
2,Faisalabad,2026,CS0124824,Pharmacy,High,921999,31.189113,73.20441,Phase 1
2,Faisalabad,2026,CS0123938,Supermarket,High,919751,30.770595,72.781408,Phase 1
2,Faisalabad,2026,CS0125667,Pharmacy,High,919092,31.281582,73.288051,Phase 1
2,Faisalabad,2026,CS0122089,Bakery,High,916761,31.316355,73.26915,Phase 1
2,Faisalabad,2026,CS0124590,Grocery,High,916534,31.092373,73.257012,Phase 1
2,Faisalabad,2026,CS0123683,Bakery,High,916465,31.280299,73.209161,Phase 1
2,Faisalabad,2026,CS0120423,Bakery,High,916422,31.305788,73.165407,Phase 1
2,Faisalabad,2026,CS0121859,Bakery,High,914200,30.710609,72.808973,Phase 1
2,Faisalabad,2026,CS0122046,Grocery,High,914121,31.16765,73.239283,Phase 1
2,Faisalabad,2026,CS0122539,Grocery,High,909120,31.263868,73.387329,Phase 1
2,Faisalabad,2026,CS0125613,Grocery,High,906716,31.300416,73.188344,Phase 1
2,Faisalabad,2026,CS0122060,Grocery,High,906523,31.23802,73.139326,Phase 1
2,Faisalabad,2026,CS0121373,Bakery,High,903473,31.208804,73.221754,Phase 1
2,Faisalabad,2026,CS0124464,Bakery,High,902921,31.131279,73.115803,Phase 1
2,Faisalabad,2026,CS0125235,Grocery,High,902648,31.182187,73.122277,Phase 1
2,Faisalabad,2026,CS0123888,Pharmacy,High,900748,31.217271,73.092079,Phase 1
2,Faisalabad,2026,CS0121697,Pharmacy,High,900702,31.141653,73.22058,Phase 1
2,Faisalabad,2026,CS0123957,Grocery,High,900445,31.292257,73.355998,Phase 1
2,Faisalabad,2026,CS0124575,Grocery,High,899499,31.10515,73.258394,Phase 1
2,Faisalabad,2026,CS0126160,Bakery,High,899116,31.238544,73.080206,Phase 1
2,Faisalabad,2026,CS0123382,Grocery,High,898311,31.155907,73.140665,Phase 1
2,Faisalabad,2026,CS0120623,Grocery,High,897402,31.147845,73.208588,Phase 1
2,Faisalabad,2026,CS0124374,Petro Mart,High,893914,31.261534,73.09491,Phase 1
2,Faisalabad,2026,CS0121292,Grocery,High,893791,31.247838,73.198972,Phase 1
2,Faisalabad,2026,CS0123006,Supermarket,High,893760,31.132891,73.324732,Phase 1
2,Faisalabad,2026,CS0121183,Grocery,High,893366,31.22232,73.513728,Phase 1
2,Faisalabad,2026,CS0119526,Grocery,High,892466,31.347892,73.174663,Phase 1
2,Faisalabad,2026,CS0122121,Petro Mart,High,885600,31.164486,73.189383,Phase 1
2,Faisalabad,2026,CS0123716,Grocery,High,881635,30.806988,72.737808,Phase 1
2,Faisalabad,2026,CS0124648,Grocery,High,880031,31.222497,73.055178,Phase 1
2,Faisalabad,2026,CS0119974,Grocery,High,879940,31.342872,73.082699,Phase 1
2,Faisalabad,2026,CS0125623,Grocery,High,878933,31.424647,73.236247,Phase 1
2,Faisalabad,2026,CS0124018,Petro Mart,High,878592,31.250254,73.38302,Phase 1
2,Faisalabad,2026,CS0123529,Pharmacy,High,878026,31.222933,73.238892,Phase 1
2,Faisalabad,2026,CS0126567,Grocery,High,875567,31.195381,73.119961,Phase 1
2,Faisalabad,2026,CS0121770,Grocery,High,874090,31.154501,73.169755,Phase 1
2,Faisalabad,2026,CS0120966,Grocery,High,871339,30.777346,72.833128,Phase 1
2,Faisalabad,2026,CS0126050,Petro Mart,High,868222,31.195023,73.496585,Phase 1
2,Faisalabad,2026,CS0122560,Bakery,High,866636,30.86021,72.841251,Phase 1
2,Faisalabad,2026,CS0125677,Grocery,High,865824,31.11816,73.101495,Phase 1
2,Faisalabad,2026,CS0122415,Grocery,High,862765,30.966344,73.117475,Phase 1
2,Faisalabad,2026,CS0122084,Grocery,High,862676,31.086506,73.315617,Phase 1
2,Faisalabad,2026,CS0123736,Grocery,High,861741,31.200253,73.458458,Phase 1
2,Faisalabad,2026,CS0125687,Grocery,High,861106,31.230497,73.0747,Phase 1
2,Faisalabad,2026,CS0122897,Grocery,High,860362,31.202742,73.213864,Phase 1
2,Faisalabad,2026,CS0124564,Grocery,High,859666,31.164507,73.005126,Phase 1
2,Faisalabad,2026,CS0119819,Bakery,High,854460,31.136331,73.418119,Phase 1
2,Faisalabad,2026,CS0120022,Grocery,High,850634,31.125518,73.345703,Phase 1
2,Faisalabad,2026,CS0124066,Pharmacy,High,849402,31.240144,73.213552,Phase 1
2,Faisalabad,2026,CS0126071,Grocery,High,848661,30.754174,72.841499,Phase 1
2,Faisalabad,2026,CS0122833,Grocery,High,848335,30.894436,73.033955,Phase 1
2,Faisalabad,2026,CS0120008,Grocery,High,845407,31.113747,73.336252,Phase 1
2,Faisalabad,2026,CS0122169,Grocery,High,843266,31.032225,72.914106,Phase 1
2,Faisalabad,2026,CS0120346,Grocery,High,842230,31.291427,73.252047,Phase 1
2,Faisalabad,2026,CS0124114,Grocery,High,841911,31.076991,73.078977,Phase 1
2,Faisalabad,2026,CS0121730,Pharmacy,High,841472,31.229028,73.395023,Phase 1
2,Faisalabad,2026,CS0125184,Grocery,High,838615,31.121269,73.176434,Phase 1
2,Faisalabad,2026,CS0123679,Grocery,High,838216,31.255013,73.249374,Phase 1
2,Faisalabad,2026,CS0119607,Pharmacy,High,837807,31.22084,73.176544,Phase 1
2,Faisalabad,2026,CS0120273,Grocery,High,836950,31.276949,73.187906,Phase 1
2,Faisalabad,2026,CS0120239,Grocery,High,836876,31.236785,73.093268,Phase 1
2,Faisalabad,2026,CS0119517,Petro Mart,High,836731,31.214841,73.549279,Phase 1
2,Faisalabad,2026,CS0121120,Grocery,High,836244,30.873971,72.964606,Phase 1
2,Faisalabad,2026,CS0122179,Grocery,High,835639,31.324776,73.181842,Phase 1
2,Faisalabad,2026,CS0120221,Bakery,High,834926,31.167406,73.249979,Phase 1
2,Faisalabad,2026,CS0122814,Bakery,High,834455,31.268129,73.592507,Phase 1
2,Faisalabad,2026,CS0125427,Petro Mart,High,833095,31.26299,73.136828,Phase 1
2,Faisalabad,2026,CS0119504,Grocery,High,832616,31.179491,73.175349,Phase 1
2,Faisalabad,2026,CS0123261,Grocery,High,832116,31.200502,73.094202,Phase 1
2,Faisalabad,2026,CS0121573,Supermarket,High,831888,31.296693,73.059551,Phase 1
2,Faisalabad,2026,CS0124145,Grocery,High,831762,31.202843,73.012733,Phase 1
2,Faisalabad,2026,CS0126398,Grocery,High,828403,31.153558,73.200729,Phase 1
2,Faisalabad,2026,CS0124410,Grocery,High,828156,31.281862,73.405212,Phase 1
2,Faisalabad,2026,CS0119952,Pharmacy,High,827935,31.209004,73.172406,Phase 1
2,Faisalabad,2026,CS0120004,Grocery,High,826306,31.149092,73.185226,Phase 1
2,Faisalabad,2026,CS0122889,Grocery,High,826148,31.053854,73.271854,Phase 1
2,Faisalabad,2026,CS0125709,Bakery,High,825985,31.340277,73.080085,Phase 1
2,Faisalabad,2026,CS0121378,Bakery,High,825674,31.158102,73.308582,Phase 1
2,Faisalabad,2026,CS0122103,Grocery,High,824617,30.851961,72.785047,Phase 1
2,Faisalabad,2026,CS0126374,Pharmacy,High,823369,30.773389,72.911043,Phase 1
2,Faisalabad,2026,CS0124807,Bakery,High,822566,31.234157,73.227242,Phase 1
2,Faisalabad,2026,CS0124933,Pharmacy,High,821417,31.373941,73.408316,Phase 1
2,Faisalabad,2026,CS0126252,Grocery,High,819702,31.362832,73.129915,Phase 1
2,Faisalabad,2026,CS0121556,Grocery,High,816563,31.346097,73.310942,Phase 1
2,Faisalabad,2026,CS0122928,Grocery,High,816397,31.219865,73.311814,Phase 1
2,Faisalabad,2026,CS0124797,Petro Mart,High,814534,31.175669,73.198028,Phase 1
2,Faisalabad,2026,CS0124231,Pharmacy,High,810645,31.276704,73.432546,Phase 1
2,Faisalabad,2026,CS0123464,Grocery,High,810475,31.265388,73.335442,Phase 1
2,Faisalabad,2026,CS0126091,Grocery,High,809533,31.208551,73.130113,Phase 1
2,Faisalabad,2026,CS0126355,Supermarket,High,809131,31.303859,73.211519,Phase 1
2,Faisalabad,2026,CS0124586,Grocery,High,808520,31.112346,73.134468,Phase 1
2,Faisalabad,2026,CS0120675,Pharmacy,High,808158,31.222422,73.221364,Phase 1
2,Faisalabad,2026,CS0125302,Grocery,High,801344,31.23325,73.227297,Phase 1
2,Faisalabad,2026,CS0119657,Supermarket,High,800576,31.021645,73.119353,Phase 1
2,Faisalabad,2026,CS0126112,Bakery,High,800336,31.279069,73.299179,Phase 1
2,Faisalabad,2026,CS0122485,Bakery,High,800135,31.216961,73.331892,Phase 1
2,Faisalabad,2026,CS0121951,Grocery,High,798716,30.990192,73.176736,Phase 1
2,Faisalabad,2026,CS0124752,Grocery,High,798590,31.197,73.065538,Phase 1
2,Faisalabad,2026,CS0121388,Bakery,High,797559,31.235697,73.215129,Phase 1
2,Faisalabad,2026,CS0120448,Grocery,High,794993,31.124523,73.15545,Phase 1
2,Faisalabad,2026,CS0125183,Bakery,High,794617,31.253116,73.21533,Phase 1
2,Faisalabad,2026,CS0123510,Bakery,High,794476,31.110125,73.364628,Phase 1
2,Faisalabad,2026,CS0125817,Bakery,High,792688,31.199682,73.192229,Phase 1
2,Faisalabad,2026,CS0125415,Pharmacy,High,792602,31.199125,73.459607,Phase 1
2,Faisalabad,2026,CS0124055,Grocery,High,791312,31.130576,73.215208,Phase 1
2,Faisalabad,2026,CS0121649,Bakery,High,786052,31.304496,73.205263,Phase 1
2,Faisalabad,2026,CS0125036,Grocery,High,783265,31.217052,73.094783,Phase 1
2,Faisalabad,2027,CS0121506,Grocery,High,783086,31.308917,73.208267,Phase 1
2,Faisalabad,2027,CS0125262,Pharmacy,High,782039,31.245091,73.22591,Phase 1
2,Faisalabad,2027,CS0120215,Grocery,High,780179,30.88321,72.789916,Phase 1
2,Faisalabad,2027,CS0123999,Grocery,High,778333,31.186062,73.440731,Phase 1
2,Faisalabad,2027,CS0125410,Bakery,High,776936,31.12532,73.274403,Phase 1
2,Faisalabad,2027,CS0119508,Grocery,High,775649,30.719353,72.773535,Phase 1
2,Faisalabad,2027,CS0123517,Bakery,High,771340,31.222533,73.32301,Phase 1
2,Faisalabad,2027,CS0120666,Pharmacy,High,770999,31.200656,73.320476,Phase 1
2,Faisalabad,2027,CS0122934,Grocery,High,770878,30.954236,73.246242,Phase 1
2,Faisalabad,2027,CS0124511,Petro Mart,High,770602,31.083066,73.282112,Phase 1
2,Faisalabad,2027,CS0120234,Grocery,High,769946,31.20108,73.181143,Phase 1
2,Faisalabad,2027,CS0120671,Bakery,High,769765,30.812705,73.00412,Phase 1
2,Faisalabad,2027,CS0125592,Grocery,High,769291,30.923498,72.92318,Phase 1
2,Faisalabad,2027,CS0121825,Petro Mart,High,768971,31.044477,73.183016,Phase 1
2,Faisalabad,2027,CS0120461,Petro Mart,High,767501,30.915437,72.86489,Phase 1
2,Faisalabad,2027,CS0121777,Bakery,High,766986,31.308948,73.329919,Phase 1
2,Faisalabad,2027,CS0119842,Grocery,High,765778,31.215857,73.08365,Phase 1
2,Faisalabad,2027,CS0125115,Supermarket,High,763292,31.39874,73.144577,Phase 1
2,Faisalabad,2027,CS0119664,Grocery,High,763134,31.064638,73.168088,Phase 1
2,Faisalabad,2027,CS0120638,Grocery,High,762705,30.753471,72.773278,Phase 1
2,Faisalabad,2027,CS0121880,Grocery,High,761783,31.217222,73.484129,Phase 1
2,Faisalabad,2027,CS0120226,Pharmacy,High,759638,31.102767,73.142488,Phase 1
2,Faisalabad,2027,CS0121387,Grocery,High,758641,31.202541,73.23458,Phase 1
2,Faisalabad,2027,CS0121661,Bakery,High,756634,31.158539,73.155781,Phase 1
2,Faisalabad,2027,CS0126430,Pharmacy,High,752298,31.249415,73.151223,Phase 1
2,Faisalabad,2027,CS0119868,Grocery,High,751314,31.233788,73.312955,Phase 1
2,Faisalabad,2027,CS0120593,Pharmacy,High,751268,30.827435,73.017168,Phase 1
2,Faisalabad,2027,CS0123955,Pharmacy,High,749457,31.210883,73.10962,Phase 1
2,Faisalabad,2027,CS0121822,Grocery,High,747826,31.179334,73.12465,Phase 1
2,Faisalabad,2027,CS0125541,Grocery,High,745806,31.347167,73.240808,Phase 1
2,Faisalabad,2027,CS0125041,Grocery,High,745414,31.266349,73.434148,Phase 1
2,Faisalabad,2027,CS0123895,Pharmacy,High,744952,31.229478,73.106961,Phase 1
2,Faisalabad,2027,CS0122798,Grocery,High,744633,31.136244,73.116173,Phase 1
2,Faisalabad,2027,CS0120029,Supermarket,High,743440,31.284085,73.102373,Phase 1
2,Faisalabad,2027,CS0122721,Grocery,High,742854,31.17062,73.091166,Phase 1
2,Faisalabad,2027,CS0124099,Bakery,High,740234,31.304424,73.307627,Phase 1
2,Faisalabad,2027,CS0125444,Supermarket,High,737899,31.269493,73.124029,Phase 1
2,Faisalabad,2027,CS0125642,Grocery,High,736669,31.36481,73.435768,Phase 1
2,Faisalabad,2027,CS0125189,Grocery,High,735155,31.139865,73.254609,Phase 1
2,Faisalabad,2027,CS0123307,Grocery,High,732243,31.151514,73.110604,Phase 1
2,Faisalabad,2027,CS0126041,Grocery,High,731291,31.184924,73.202698,Phase 1
2,Faisalabad,2027,CS0124070,Grocery,High,730529,31.160186,73.248324,Phase 1
2,Faisalabad,2027,CS0120670,Grocery,High,730189,31.222001,73.400999,Phase 1
2,Faisalabad,2027,CS0119655,Pharmacy,High,730035,31.284586,73.194605,Phase 1
2,Faisalabad,2027,CS0124669,Grocery,High,729576,31.237296,73.19625,Phase 1
2,Faisalabad,2027,CS0124904,Pharmacy,High,728887,31.092802,73.263975,Phase 1
2,Faisalabad,2027,CS0125227,Grocery,High,728703,31.310588,73.341047,Phase 1
2,Faisalabad,2027,CS0123814,Petro Mart,High,727449,31.231644,73.349233,Phase 1
2,Faisalabad,2027,CS0122925,Grocery,High,727295,31.139466,73.185131,Phase 1
2,Faisalabad,2027,CS0125283,Bakery,High,726451,31.318851,73.157572,Phase 1
2,Faisalabad,2027,CS0121604,Bakery,High,723748,31.249749,73.156171,Phase 1
2,Faisalabad,2027,CS0121154,Grocery,High,721957,31.150833,73.238083,Phase 1
2,Faisalabad,2027,CS0120050,Petro Mart,High,721105,31.364594,73.099821,Phase 1
2,Faisalabad,2027,CS0125467,Grocery,High,719694,31.34285,73.170633,Phase 1
2,Faisalabad,2027,CS0122557,Bakery,High,718243,31.290768,73.065044,Phase 1
2,Faisalabad,2027,CS0120581,Supermarket,High,715825,31.19513,73.26169,Phase 1
2,Faisalabad,2027,CS0121170,Bakery,High,713484,31.188518,73.197328,Phase 1
2,Faisalabad,2027,CS0119593,Pharmacy,High,711366,31.190729,73.216643,Phase 1
2,Faisalabad,2027,CS0124567,Grocery,High,710828,30.798064,72.865795,Phase 1
2,Faisalabad,2027,CS0119721,Grocery,High,710813,31.231451,73.164332,Phase 1
2,Faisalabad,2027,CS0126156,Pharmacy,High,710783,31.250715,73.11394,Phase 1
2,Faisalabad,2027,CS0121997,Supermarket,High,707546,31.07051,73.113592,Phase 1
2,Faisalabad,2027,CS0122728,Grocery,High,707360,31.391258,73.346156,Phase 1
2,Faisalabad,2027,CS0123552,Grocery,High,706531,30.824423,72.896712,Phase 1
2,Faisalabad,2027,CS0123275,Grocery,High,706389,31.252774,73.169516,Phase 1
2,Faisalabad,2027,CS0125075,Grocery,High,705892,30.85159,72.968495,Phase 1
2,Faisalabad,2027,CS0124327,Grocery,High,705625,31.143823,73.221534,Phase 1
2,Faisalabad,2027,CS0121609,Bakery,High,705218,30.960081,73.236587,Phase 1
2,Faisalabad,2027,CS0124198,Bakery,High,703948,31.153863,73.410338,Phase 1
2,Faisalabad,2027,CS0125429,Pharmacy,High,702925,31.173873,73.082819,Phase 1
2,Faisalabad,2027,CS0126106,Supermarket,High,702754,31.204552,73.235898,Phase 1
2,Faisalabad,2027,CS0121929,Grocery,High,701217,31.290919,73.560834,Phase 1
2,Faisalabad,2027,CS0120528,Grocery,High,699459,31.127084,73.195598,Phase 1
2,Faisalabad,2027,CS0122037,Grocery,High,694634,31.211236,73.135072,Phase 1
2,Faisalabad,2027,CS0125535,Bakery,High,691704,31.144935,73.048836,Phase 1
2,Faisalabad,2027,CS0122182,Grocery,High,691688,31.217258,73.179197,Phase 1
2,Faisalabad,2027,CS0119441,Pharmacy,High,691578,31.118657,73.136847,Phase 1
2,Faisalabad,2027,CS0123563,Bakery,High,690618,31.219022,73.448137,Phase 1
2,Faisalabad,2027,CS0126489,Pharmacy,High,690612,31.112647,73.166789,Phase 1
2,Faisalabad,2027,CS0120091,Grocery,High,690390,30.730057,72.836127,Phase 1
2,Faisalabad,2027,CS0122744,Grocery,High,690186,31.290147,73.066216,Phase 1
2,Faisalabad,2027,CS0121064,Grocery,High,690066,30.839112,72.820347,Phase 1
2,Faisalabad,2027,CS0123465,Grocery,High,689048,31.37657,73.265786,Phase 1
2,Faisalabad,2027,CS0122413,Grocery,High,685316,31.233267,73.256492,Phase 1
2,Faisalabad,2027,CS0123780,Pharmacy,High,684845,31.358614,73.258259,Phase 1
2,Faisalabad,2027,CS0120085,Grocery,High,682123,31.084183,73.347868,Phase 1
2,Faisalabad,2027,CS0120954,Grocery,High,679212,31.199068,73.24263,Phase 1
2,Faisalabad,2027,CS0120892,Pharmacy,High,676413,31.263629,73.439277,Phase 1
2,Faisalabad,2027,CS0122133,Grocery,High,673401,31.315425,73.12875,Phase 1
2,Faisalabad,2027,CS0126556,Grocery,High,672295,31.290349,73.004924,Phase 1
2,Faisalabad,2027,CS0124869,Bakery,High,671297,31.233724,73.093801,Phase 1
2,Faisalabad,2027,CS0119811,Supermarket,High,670457,31.185907,73.391546,Phase 1
2,Faisalabad,2027,CS0121756,Pharmacy,High,669616,31.230135,73.305914,Phase 1
2,Faisalabad,2027,CS0126379,Grocery,High,668727,30.796827,72.852608,Phase 1
2,Faisalabad,2027,CS0121451,Pharmacy,High,666028,31.138326,73.441086,Phase 1
2,Faisalabad,2027,CS0125841,Bakery,High,664854,31.224147,73.271904,Phase 1
2,Faisalabad,2027,CS0119696,Grocery,High,663927,31.232702,73.491652,Phase 1
2,Faisalabad,2027,CS0122445,Grocery,High,663458,31.086575,73.196648,Phase 1
2,Faisalabad,2027,CS0123837,Grocery,High,661562,31.231711,73.268608,Phase 1
2,Faisalabad,2027,CS0119964,Pharmacy,High,660049,30.818039,72.787954,Phase 1
2,Faisalabad,2027,CS0122486,Bakery,High,659493,31.257559,73.442196,Phase 1
2,Faisalabad,2027,CS0120609,Pharmacy,High,657348,31.217208,73.247324,Phase 1
2,Faisalabad,2027,CS0120378,Grocery,High,656526,31.188264,73.474242,Phase 1
2,Faisalabad,2027,CS0121585,Grocery,High,652316,31.140113,73.259852,Phase 1
2,Faisalabad,2027,CS0125756,Grocery,High,651637,31.258198,73.339163,Phase 1
2,Faisalabad,2027,CS0124693,Grocery,High,650184,31.176234,73.234396,Phase 1
2,Faisalabad,2027,CS0125624,Grocery,High,646565,31.174375,73.310862,Phase 1
2,Faisalabad,2027,CS0125504,Supermarket,High,644965,31.148137,73.166043,Phase 1
2,Faisalabad,2027,CS0121873,Grocery,High,644862,31.261506,73.53264,Phase 1
2,Faisalabad,2027,CS0121351,Bakery,High,643276,31.358487,73.058384,Phase 1
2,Faisalabad,2027,CS0122675,Pharmacy,High,639368,31.404002,73.147648,Phase 1
2,Faisalabad,2027,CS0122820,Bakery,High,639012,31.079571,73.210613,Phase 1
2,Faisalabad,2027,CS0125901,Grocery,High,635955,31.191495,72.998968,Phase 1
2,Faisalabad,2027,CS0125377,Grocery,High,635894,30.854644,72.977799,Phase 1
2,Faisalabad,2027,CS0124251,Grocery,High,635550,31.174602,73.10021,Phase 1
2,Faisalabad,2027,CS0120223,Pharmacy,High,633831,31.220852,73.282007,Phase 1
2,Faisalabad,2027,CS0123816,Grocery,High,632132,31.178017,73.221956,Phase 1
2,Faisalabad,2027,CS0122078,Grocery,High,631205,31.079104,73.192858,Phase 1
3,Lahore,2025,CS0136829,Bakery,High,2044448,31.259059,74.204039,Phase 1
3,Lahore,2025,CS0127157,Bakery,High,1883071,31.476616,74.44385,Phase 1
3,Lahore,2025,CS0132196,Grocery,High,1871418,31.286767,74.311536,Phase 1
3,Lahore,2025,CS0141936,Grocery,High,1813813,31.25784,74.166806,Phase 1
3,Lahore,2025,CS0140632,Pharmacy,High,1703402,31.431292,74.453229,Phase 1
3,Lahore,2025,CS0129597,Pharmacy,High,1690806,31.479272,74.408778,Phase 1
3,Lahore,2025,CS0132618,Bakery,High,1690270,31.498239,74.320067,Phase 1
3,Lahore,2025,CS0148776,Bakery,High,1674097,31.453502,74.3165,Phase 1
3,Lahore,2025,CS0133393,Grocery,High,1664086,31.400157,74.431947,Phase 1
3,Lahore,2025,CS0129426,Grocery,High,1657951,31.544497,74.397194,Phase 1
3,Lahore,2025,CS0127492,Pharmacy,High,1646838,31.500548,74.383668,Phase 1
3,Lahore,2025,CS0132588,Grocery,High,1639379,31.520055,74.400852,Phase 1
3,Lahore,2025,CS0132707,Supermarket,High,1588464,31.442358,74.340312,Phase 1
3,Lahore,2025,CS0136448,Petro Mart,High,1584984,31.255466,74.197722,Phase 1
3,Lahore,2025,CS0137577,Supermarket,High,1568004,31.315142,74.177136,Phase 1
3,Lahore,2025,CS0137266,Supermarket,High,1562762,31.455894,74.461158,Phase 1
3,Lahore,2025,CS0148241,Grocery,High,1559445,31.510359,74.437015,Phase 1
3,Lahore,2025,CS0144230,Supermarket,High,1557250,31.32057,74.312016,Phase 1
3,Lahore,2025,CS0151578,Bakery,High,1548190,31.278204,74.204903,Phase 1
3,Lahore,2025,CS0148852,Grocery,High,1548091,31.395473,74.492254,Phase 1
3,Lahore,2025,CS0127214,Petro Mart,High,1524946,31.422288,74.538832,Phase 1
3,Lahore,2025,CS0134185,Grocery,High,1523539,31.448571,74.398451,Phase 1
3,Lahore,2025,CS0127068,Pharmacy,High,1514405,31.355004,74.473775,Phase 1
3,Lahore,2025,CS0149886,Supermarket,High,1505527,31.36213,74.258688,Phase 1
3,Lahore,2025,CS0128107,Grocery,High,1499510,31.425596,74.461267,Phase 1
3,Lahore,2025,CS0137692,Pharmacy,High,1494012,31.422376,74.301652,Phase 1
3,Lahore,2025,CS0128579,Supermarket,High,1486363,31.446347,74.432571,Phase 1
3,Lahore,2025,CS0145640,Grocery,High,1481910,31.391974,74.492515,Phase 1
3,Lahore,2025,CS0142942,Supermarket,High,1481306,31.326199,74.130872,Phase 1
3,Lahore,2025,CS0151336,Bakery,High,1477374,31.42164,74.384706,Phase 1
3,Lahore,2025,CS0149309,Supermarket,High,1472470,31.389245,74.346272,Phase 1
3,Lahore,2025,CS0150007,Grocery,High,1470585,31.458304,74.383241,Phase 1
3,Lahore,2025,CS0148514,Grocery,High,1469906,31.636917,74.400498,Phase 1
3,Lahore,2025,CS0142237,Grocery,High,1461742,31.530465,74.373631,Phase 1
3,Lahore,2025,CS0144427,Pharmacy,High,1457557,31.343559,74.489233,Phase 1
3,Lahore,2025,CS0146951,Grocery,High,1456522,31.342183,74.519017,Phase 1
3,Lahore,2025,CS0133139,Petro Mart,High,1454588,31.479312,74.302364,Phase 1
3,Lahore,2025,CS0144406,Grocery,High,1451220,31.479058,74.37646,Phase 1
3,Lahore,2025,CS0143639,Grocery,High,1448915,31.402729,74.384669,Phase 1
3,Lahore,2025,CS0131832,Grocery,High,1437492,31.506749,74.41312,Phase 1
3,Lahore,2025,CS0134301,Pharmacy,High,1428930,31.447675,74.469816,Phase 1
3,Lahore,2025,CS0148925,Grocery,High,1428211,31.493222,74.363206,Phase 1
3,Lahore,2025,CS0128199,Petro Mart,High,1424827,31.508025,74.38543,Phase 1
3,Lahore,2025,CS0134117,Grocery,High,1420480,31.463808,74.530613,Phase 1
3,Lahore,2025,CS0149843,Grocery,High,1414055,31.465012,74.514559,Phase 1
3,Lahore,2025,CS0141623,Supermarket,High,1412610,31.496075,74.458722,Phase 1
3,Lahore,2025,CS0133034,Grocery,High,1412135,31.415282,74.514184,Phase 1
3,Lahore,2025,CS0139062,Pharmacy,High,1406004,31.491722,74.424542,Phase 1
3,Lahore,2025,CS0139777,Supermarket,High,1395866,31.51245,74.349836,Phase 1
3,Lahore,2025,CS0126792,Grocery,High,1395047,31.45378,74.49361,Phase 1
3,Lahore,2025,CS0142345,Pharmacy,High,1383078,31.423583,74.404666,Phase 1
3,Lahore,2025,CS0151250,Grocery,High,1381389,31.453072,74.381694,Phase 1
3,Lahore,2025,CS0127673,Pharmacy,High,1374838,31.314921,74.13784,Phase 1
3,Lahore,2025,CS0150661,Grocery,High,1374730,31.443869,74.418431,Phase 1
3,Lahore,2025,CS0134401,Pharmacy,High,1369648,31.30477,74.260585,Phase 1
3,Lahore,2025,CS0142408,Grocery,High,1367596,31.279332,74.185523,Phase 1
3,Lahore,2025,CS0135102,Grocery,High,1363711,31.441095,74.316956,Phase 1
3,Lahore,2025,CS0134717,Grocery,High,1358964,31.398674,74.520185,Phase 1
3,Lahore,2025,CS0136338,Grocery,High,1358103,31.395851,74.460869,Phase 1
3,Lahore,2025,CS0131850,Pharmacy,High,1355813,31.392997,74.503635,Phase 1
3,Lahore,2025,CS0141112,Grocery,High,1350717,31.412347,74.457786,Phase 1
3,Lahore,2025,CS0140821,Grocery,High,1349672,31.591051,74.372685,Phase 1
3,Lahore,2025,CS0150595,Grocery,High,1348146,31.432293,74.349922,Phase 1
3,Lahore,2025,CS0129973,Grocery,High,1346734,31.368218,74.477401,Phase 1
3,Lahore,2025,CS0135132,Pharmacy,High,1346619,31.406578,74.439799,Phase 1
3,Lahore,2025,CS0127079,Pharmacy,High,1342694,31.4074,74.360572,Phase 1
3,Lahore,2025,CS0150676,Grocery,High,1340007,31.344838,74.175082,Phase 1
3,Lahore,2025,CS0145201,Pharmacy,High,1336595,31.399365,74.454872,Phase 1
3,Lahore,2025,CS0132723,Grocery,High,1328842,31.44445,74.540795,Phase 1
3,Lahore,2025,CS0146045,Supermarket,High,1325880,31.350236,74.31423,Phase 1
3,Lahore,2025,CS0146779,Grocery,High,1324569,31.463541,74.387586,Phase 1
3,Lahore,2025,CS0127859,Pharmacy,High,1319139,31.237806,74.240728,Phase 1
3,Lahore,2025,CS0150872,Supermarket,High,1319062,31.489317,74.412411,Phase 1
3,Lahore,2025,CS0145889,Grocery,High,1315240,31.449306,74.417232,Phase 1
3,Lahore,2025,CS0141255,Grocery,High,1314750,31.503938,74.320285,Phase 1
3,Lahore,2025,CS0151027,Grocery,High,1310351,31.369126,74.392537,Phase 1
3,Lahore,2025,CS0148875,Grocery,High,1306339,31.277184,74.121403,Phase 1
3,Lahore,2025,CS0136092,Grocery,High,1297180,31.305257,74.222421,Phase 1
3,Lahore,2025,CS0133922,Grocery,High,1290976,31.440907,74.402734,Phase 1
3,Lahore,2025,CS0143627,Grocery,High,1288235,31.31528,74.481325,Phase 1
3,Lahore,2025,CS0130276,Pharmacy,High,1285061,31.47067,74.434448,Phase 1
3,Lahore,2025,CS0149322,Grocery,High,1280867,31.417609,74.458458,Phase 1
3,Lahore,2025,CS0144184,Grocery,High,1276958,31.31427,74.481052,Phase 1
3,Lahore,2025,CS0140280,Grocery,High,1275582,31.452177,74.434926,Phase 1
3,Lahore,2025,CS0139962,Grocery,High,1275076,31.47792,74.388328,Phase 1
3,Lahore,2025,CS0133830,Bakery,High,1274503,31.420353,74.34364,Phase 1
3,Lahore,2025,CS0148770,Petro Mart,High,1274486,31.517816,74.464007,Phase 1
3,Lahore,2025,CS0130471,Grocery,High,1273588,31.448959,74.344057,Phase 1
3,Lahore,2025,CS0143706,Grocery,High,1267584,31.497223,74.313151,Phase 1
3,Lahore,2025,CS0150579,Grocery,High,1264492,31.451709,74.495722,Phase 1
3,Lahore,2025,CS0148761,Bakery,High,1263688,31.45931,74.410071,Phase 1
3,Lahore,2025,CS0147317,Grocery,High,1263622,31.372789,74.463171,Phase 1
3,Lahore,2025,CS0131825,Petro Mart,High,1263178,31.424827,74.410643,Phase 1
3,Lahore,2025,CS0131008,Supermarket,High,1261501,31.494029,74.492963,Phase 1
3,Lahore,2025,CS0137084,Grocery,High,1261408,31.304506,74.308188,Phase 1
3,Lahore,2025,CS0140986,Pharmacy,High,1257242,31.34402,74.378188,Phase 1
3,Lahore,2025,CS0147486,Supermarket,High,1255389,31.312354,74.159306,Phase 1
3,Lahore,2025,CS0131999,Pharmacy,High,1250990,31.38921,74.285616,Phase 1
3,Lahore,2025,CS0141597,Grocery,High,1249334,31.269517,74.398935,Phase 1
3,Lahore,2025,CS0136433,Pharmacy,High,1248660,31.300319,74.143826,Phase 1
3,Lahore,2025,CS0134579,Grocery,High,1248441,31.481672,74.32841,Phase 1
3,Lahore,2025,CS0132565,Petro Mart,High,1247878,31.455067,74.454376,Phase 1
3,Lahore,2025,CS0150373,Supermarket,High,1246696,31.521051,74.279751,Phase 1
3,Lahore,2025,CS0137975,Grocery,High,1246360,31.323414,74.420419,Phase 1
3,Lahore,2025,CS0148074,Grocery,High,1245708,31.421836,74.30777,Phase 1
3,Lahore,2025,CS0130360,Grocery,High,1245149,31.327947,74.477809,Phase 1
3,Lahore,2025,CS0149446,Pharmacy,High,1244940,31.453247,74.507643,Phase 1
3,Lahore,2025,CS0138864,Pharmacy,High,1244420,31.514612,74.422885,Phase 1
3,Lahore,2025,CS0135683,Pharmacy,High,1243318,31.455697,74.46585,Phase 1
3,Lahore,2025,CS0143394,Grocery,High,1241919,31.427914,74.436407,Phase 1
3,Lahore,2025,CS0138701,Grocery,High,1240845,31.393186,74.278948,Phase 1
3,Lahore,2025,CS0150142,Bakery,High,1240101,31.526972,74.38919,Phase 1
3,Lahore,2025,CS0130683,Grocery,High,1239899,31.463715,74.456419,Phase 1
3,Lahore,2025,CS0151570,Pharmacy,High,1239097,31.384777,74.178948,Phase 1
3,Lahore,2025,CS0134188,Petro Mart,High,1238373,31.492669,74.430437,Phase 1
3,Lahore,2025,CS0133736,Grocery,High,1235423,31.46234,74.381767,Phase 1
3,Lahore,2025,CS0146562,Pharmacy,High,1235006,31.322845,74.470738,Phase 1
3,Lahore,2025,CS0142490,Petro Mart,High,1229813,31.443552,74.280303,Phase 1
3,Lahore,2025,CS0144289,Pharmacy,High,1229508,31.552445,74.381028,Phase 1
3,Lahore,2025,CS0138594,Grocery,High,1225020,31.454725,74.358476,Phase 1
3,Lahore,2025,CS0149428,Grocery,High,1223175,31.448914,74.426592,Phase 1
3,Lahore,2025,CS0133855,Grocery,High,1223019,31.444715,74.295461,Phase 1
3,Lahore,2025,CS0149694,Grocery,High,1222152,31.370676,74.444687,Phase 1
3,Lahore,2025,CS0144370,Grocery,High,1217965,31.478432,74.359973,Phase 1
3,Lahore,2025,CS0132488,Grocery,High,1213338,31.239369,74.265908,Phase 1
3,Lahore,2025,CS0128552,Grocery,High,1212866,31.389718,74.465581,Phase 1
3,Lahore,2025,CS0147303,Supermarket,High,1212058,31.318939,74.125759,Phase 1
3,Lahore,2025,CS0139057,Petro Mart,High,1210614,31.287869,74.216496,Phase 1
3,Lahore,2025,CS0140486,Supermarket,High,1210210,31.46434,74.368466,Phase 1
3,Lahore,2025,CS0149287,Bakery,High,1208979,31.419638,74.408906,Phase 1
3,Lahore,2025,CS0139134,Grocery,High,1206968,31.472577,74.401779,Phase 1
3,Lahore,2025,CS0142903,Grocery,High,1205170,31.559304,74.298931,Phase 1
3,Lahore,2025,CS0148446,Grocery,High,1203281,31.509063,74.385718,Phase 1
3,Lahore,2025,CS0147684,Grocery,High,1201777,31.456425,74.382408,Phase 1
3,Lahore,2025,CS0129784,Grocery,High,1200235,31.523289,74.456847,Phase 1
3,Lahore,2025,CS0148399,Grocery,High,1199459,31.465927,74.441676,Phase 1
3,Lahore,2025,CS0129102,Grocery,High,1195529,31.287014,74.215045,Phase 1
3,Lahore,2025,CS0131511,Grocery,High,1194765,31.471828,74.336584,Phase 1
3,Lahore,2025,CS0143088,Pharmacy,High,1193819,31.27595,74.242524,Phase 1
3,Lahore,2025,CS0135018,Supermarket,High,1193453,31.361062,74.369815,Phase 1
3,Lahore,2025,CS0149502,Grocery,High,1192300,31.346442,74.451639,Phase 1
3,Lahore,2025,CS0149776,Grocery,High,1188773,31.416883,74.360625,Phase 1
3,Lahore,2025,CS0134683,Petro Mart,High,1186443,31.324718,74.064764,Phase 1
3,Lahore,2025,CS0132134,Grocery,High,1185513,31.520932,74.371348,Phase 1
3,Lahore,2025,CS0150543,Petro Mart,High,1185505,31.443921,74.435757,Phase 1
3,Lahore,2025,CS0143532,Bakery,High,1185465,31.333611,74.276995,Phase 1
3,Lahore,2025,CS0137868,Grocery,High,1185026,31.451744,74.399275,Phase 1
3,Lahore,2025,CS0127373,Grocery,High,1184733,31.543657,74.411937,Phase 1
3,Lahore,2025,CS0139766,Bakery,High,1183301,31.40143,74.437114,Phase 1
3,Lahore,2025,CS0150259,Bakery,High,1183296,31.504801,74.425966,Phase 1
3,Lahore,2025,CS0142281,Pharmacy,High,1181189,31.441296,74.442413,Phase 1
3,Lahore,2025,CS0149848,Grocery,High,1178153,31.354916,74.522601,Phase 1
3,Lahore,2025,CS0150356,Petro Mart,High,1177154,31.491702,74.363342,Phase 1
3,Lahore,2025,CS0127331,Supermarket,High,1175314,31.3606,74.466894,Phase 1
3,Lahore,2025,CS0133053,Grocery,High,1174217,31.448614,74.454587,Phase 1
3,Lahore,2025,CS0149149,Grocery,High,1173349,31.36093,74.368094,Phase 1
3,Lahore,2025,CS0143862,Grocery,High,1173197,31.346436,74.14302,Phase 1
3,Lahore,2025,CS0135333,Pharmacy,High,1172632,31.461837,74.431466,Phase 1
3,Lahore,2025,CS0134339,Supermarket,High,1172286,31.437564,74.449918,Phase 1
3,Lahore,2025,CS0128030,Grocery,High,1169281,31.447681,74.327692,Phase 1
3,Lahore,2025,CS0128491,Grocery,High,1168168,31.335394,74.446498,Phase 1
3,Lahore,2025,CS0141525,Grocery,High,1167483,31.478535,74.495173,Phase 1
3,Lahore,2025,CS0149874,Pharmacy,High,1167054,31.435448,74.379004,Phase 1
3,Lahore,2025,CS0138039,Supermarket,High,1165163,31.445859,74.338014,Phase 1
3,Lahore,2025,CS0136655,Grocery,High,1164798,31.241102,74.167847,Phase 1
3,Lahore,2025,CS0128205,Grocery,High,1162771,31.519674,74.379172,Phase 1
3,Lahore,2025,CS0151078,Grocery,High,1159326,31.477965,74.386193,Phase 1
3,Lahore,2025,CS0143194,Grocery,High,1157293,31.41052,74.445112,Phase 1
3,Lahore,2025,CS0129444,Grocery,High,1156703,31.364454,74.31276,Phase 1
3,Lahore,2025,CS0127979,Grocery,High,1155753,31.360589,74.495722,Phase 1
3,Lahore,2025,CS0146952,Grocery,High,1154050,31.4514,74.399745,Phase 1
3,Lahore,2025,CS0132103,Grocery,High,1152324,31.280521,74.126902,Phase 1
3,Lahore,2025,CS0143168,Bakery,High,1152317,31.434335,74.458197,Phase 1
3,Lahore,2025,CS0127336,Grocery,High,1151784,31.40309,74.389247,Phase 1
3,Lahore,2025,CS0147741,Supermarket,High,1150595,31.429909,74.39667,Phase 1
3,Lahore,2025,CS0135430,Bakery,High,1150305,31.375181,74.206339,Phase 1
3,Lahore,2025,CS0142843,Petro Mart,High,1149653,31.468814,74.428266,Phase 1
3,Lahore,2025,CS0144050,Bakery,High,1148520,31.407113,74.355377,Phase 1
3,Lahore,2025,CS0150647,Grocery,High,1148072,31.539399,74.451887,Phase 1
3,Lahore,2025,CS0128542,Grocery,High,1145780,31.312329,74.114541,Phase 1
3,Lahore,2025,CS0133414,Grocery,High,1145538,31.458345,74.346115,Phase 1
3,Lahore,2025,CS0136107,Bakery,High,1142057,31.506734,74.329765,Phase 1
3,Lahore,2025,CS0131966,Bakery,High,1140206,31.296966,74.268919,Phase 1
3,Lahore,2025,CS0147703,Supermarket,High,1139314,31.458112,74.448612,Phase 1
3,Lahore,2025,CS0142959,Pharmacy,High,1138943,31.305082,74.194774,Phase 1
3,Lahore,2025,CS0131444,Grocery,High,1138748,31.447464,74.472234,Phase 1
3,Lahore,2025,CS0148668,Pharmacy,High,1137620,31.385777,74.149771,Phase 1
3,Lahore,2025,CS0148393,Pharmacy,High,1137543,31.453338,74.400815,Phase 1
3,Lahore,2025,CS0148147,Grocery,High,1135760,31.435405,74.312344,Phase 1
3,Lahore,2025,CS0129553,Grocery,High,1133053,31.426099,74.463741,Phase 1
3,Lahore,2025,CS0148172,Grocery,High,1132612,31.502278,74.389863,Phase 1
3,Lahore,2025,CS0144685,Pharmacy,High,1130536,31.333284,74.341056,Phase 1
3,Lahore,2025,CS0131812,Grocery,High,1130169,31.479822,74.482682,Phase 1
3,Lahore,2025,CS0136653,Bakery,High,1130107,31.410015,74.489675,Phase 1
3,Lahore,2025,CS0133718,Supermarket,High,1128672,31.485024,74.410396,Phase 1
3,Lahore,2025,CS0127914,Pharmacy,High,1128532,31.421537,74.351536,Phase 1
3,Lahore,2025,CS0144172,Grocery,High,1128325,31.405595,74.442838,Phase 1
3,Lahore,2025,CS0149418,Grocery,High,1127985,31.459744,74.456663,Phase 1
3,Lahore,2025,CS0136257,Grocery,High,1127006,31.424183,74.404419,Phase 1
3,Lahore,2025,CS0131776,Grocery,High,1126723,31.455382,74.384275,Phase 1
3,Lahore,2025,CS0147933,Bakery,High,1125868,31.467124,74.36619,Phase 1
3,Lahore,2025,CS0127314,Bakery,High,1124409,31.424696,74.405609,Phase 1
3,Lahore,2025,CS0134908,Pharmacy,High,1124161,31.368313,74.501426,Phase 1
3,Lahore,2025,CS0148260,Pharmacy,High,1124088,31.330149,74.434277,Phase 1
3,Lahore,2025,CS0142524,Supermarket,High,1122588,31.307454,74.213448,Phase 1
3,Lahore,2025,CS0151071,Grocery,High,1121099,31.256995,74.136278,Phase 1
3,Lahore,2025,CS0134010,Grocery,High,1120990,31.447942,74.38975,Phase 1
3,Lahore,2025,CS0142763,Bakery,High,1119801,31.442686,74.339115,Phase 1
3,Lahore,2025,CS0131498,Pharmacy,High,1117077,31.401664,74.402805,Phase 1
3,Lahore,2025,CS0135787,Grocery,High,1114570,31.468011,74.539032,Phase 1
3,Lahore,2025,CS0127635,Pharmacy,High,1114092,31.461836,74.335914,Phase 1
3,Lahore,2025,CS0129268,Bakery,High,1112884,31.245139,74.186195,Phase 1
3,Lahore,2025,CS0134674,Grocery,High,1111391,31.428779,74.448687,Phase 1
3,Lahore,2025,CS0148631,Pharmacy,High,1111365,31.345658,74.368694,Phase 1
3,Lahore,2025,CS0147595,Bakery,High,1109981,31.379961,74.42415,Phase 1
3,Lahore,2025,CS0149212,Grocery,High,1109835,31.608087,74.496367,Phase 1
3,Lahore,2025,CS0136540,Grocery,High,1107983,31.329435,74.233111,Phase 1
3,Lahore,2025,CS0141544,Pharmacy,High,1106189,31.559453,74.545559,Phase 1
3,Lahore,2025,CS0150209,Grocery,High,1104734,31.366366,74.44016,Phase 1
3,Lahore,2025,CS0142442,Bakery,High,1103129,31.526644,74.293421,Phase 1
3,Lahore,2025,CS0143907,Supermarket,High,1102526,31.372253,74.274539,Phase 1
3,Lahore,2025,CS0145772,Bakery,High,1102291,31.340378,74.247874,Phase 1
3,Lahore,2025,CS0133123,Supermarket,High,1102100,31.378633,74.411729,Phase 1
3,Lahore,2025,CS0144126,Grocery,High,1102017,31.559483,74.448512,Phase 1
3,Lahore,2025,CS0140659,Petro Mart,High,1101382,31.379213,74.390112,Phase 1
3,Lahore,2025,CS0143571,Pharmacy,High,1101341,31.307075,74.257776,Phase 1
3,Lahore,2025,CS0150990,Grocery,High,1100637,31.38587,74.338652,Phase 1
3,Lahore,2025,CS0129525,Pharmacy,High,1098836,31.320057,74.493722,Phase 1
3,Lahore,2025,CS0135624,Grocery,High,1097627,31.360609,74.402904,Phase 1
3,Lahore,2025,CS0151305,Grocery,High,1096802,31.292377,74.328086,Phase 1
3,Lahore,2025,CS0129177,Grocery,High,1096593,31.39754,74.431081,Phase 1
3,Lahore,2025,CS0134002,Bakery,High,1096556,31.478472,74.426152,Phase 1
3,Lahore,2025,CS0151643,Pharmacy,High,1095807,31.473886,74.484771,Phase 1
3,Lahore,2025,CS0132938,Pharmacy,High,1094154,31.543983,74.481291,Phase 1
3,Lahore,2025,CS0142430,Pharmacy,High,1093603,31.506828,74.431197,Phase 1
3,Lahore,2025,CS0131551,Grocery,High,1093443,31.401082,74.480313,Phase 1
3,Lahore,2025,CS0150449,Supermarket,High,1092866,31.297727,74.274917,Phase 1
3,Lahore,2025,CS0134140,Grocery,High,1091873,31.565637,74.313499,Phase 1
3,Lahore,2025,CS0151463,Bakery,High,1087902,31.355927,74.146435,Phase 1
3,Lahore,2025,CS0136920,Grocery,High,1087576,31.457005,74.397556,Phase 1
3,Lahore,2025,CS0144805,Pharmacy,High,1087378,31.546068,74.371672,Phase 1
3,Lahore,2025,CS0136190,Grocery,High,1087005,31.486516,74.360995,Phase 1
3,Lahore,2025,CS0129958,Grocery,High,1081789,31.281554,74.149411,Phase 1
3,Lahore,2025,CS0127948,Supermarket,High,1081438,31.451353,74.479412,Phase 1
3,Lahore,2025,CS0145221,Bakery,High,1080717,31.442547,74.388478,Phase 1
3,Lahore,2025,CS0143184,Supermarket,High,1079613,31.49479,74.456256,Phase 1
3,Lahore,2025,CS0140909,Pharmacy,High,1079243,31.449699,74.46655,Phase 1
3,Lahore,2025,CS0134288,Grocery,High,1078968,31.399408,74.429328,Phase 1
3,Lahore,2025,CS0151038,Bakery,High,1077759,31.401382,74.422074,Phase 1
3,Lahore,2025,CS0148516,Grocery,High,1077653,31.577565,74.379762,Phase 1
3,Lahore,2025,CS0148110,Supermarket,High,1077002,31.386624,74.434299,Phase 1
3,Lahore,2025,CS0144414,Grocery,High,1075746,31.365475,74.470765,Phase 1
3,Lahore,2025,CS0149422,Grocery,High,1075676,31.460587,74.337533,Phase 1
3,Lahore,2025,CS0144436,Bakery,High,1074498,31.491612,74.493654,Phase 1
3,Lahore,2025,CS0128730,Grocery,High,1074288,31.373225,74.433913,Phase 1
3,Lahore,2025,CS0137991,Grocery,High,1071055,31.466843,74.320858,Phase 1
3,Lahore,2025,CS0147213,Grocery,High,1069855,31.449714,74.369758,Phase 1
3,Lahore,2025,CS0145034,Grocery,High,1069325,31.521547,74.310846,Phase 1
3,Lahore,2025,CS0131906,Supermarket,High,1069275,31.312393,74.009182,Phase 1
3,Lahore,2025,CS0150713,Bakery,High,1068189,31.415154,74.404146,Phase 1
3,Lahore,2025,CS0151200,Grocery,High,1067446,31.435683,74.440436,Phase 1
3,Lahore,2025,CS0134472,Pharmacy,High,1066765,31.372152,74.520701,Phase 1
3,Lahore,2025,CS0147134,Petro Mart,High,1066731,31.476259,74.326614,Phase 1
3,Lahore,2025,CS0128408,Bakery,High,1066700,31.508426,74.449285,Phase 1
3,Lahore,2025,CS0149043,Petro Mart,High,1066468,31.260288,74.26873,Phase 1
3,Lahore,2025,CS0128433,Grocery,High,1066184,31.496354,74.332266,Phase 1
3,Lahore,2025,CS0142528,Bakery,High,1065577,31.520783,74.416737,Phase 1
3,Lahore,2025,CS0146756,Grocery,High,1063701,31.442276,74.431446,Phase 1
3,Lahore,2025,CS0127004,Grocery,High,1063500,31.359167,74.288827,Phase 1
3,Lahore,2025,CS0135804,Grocery,High,1063490,31.493507,74.349247,Phase 1
3,Lahore,2025,CS0138559,Supermarket,High,1063241,31.560888,74.393628,Phase 1
3,Lahore,2025,CS0141075,Pharmacy,High,1062529,31.466974,74.382612,Phase 1
3,Lahore,2025,CS0148912,Grocery,High,1060170,31.281598,74.170318,Phase 1
3,Lahore,2025,CS0127297,Bakery,High,1059963,31.444635,74.429675,Phase 1
3,Lahore,2025,CS0127445,Pharmacy,High,1057763,31.416908,74.470985,Phase 1
3,Lahore,2025,CS0134559,Supermarket,High,1057443,31.470039,74.387444,Phase 1
3,Lahore,2025,CS0140541,Supermarket,High,1057025,31.412544,74.526476,Phase 1
3,Lahore,2025,CS0150765,Grocery,High,1056800,31.587657,74.337202,Phase 1
3,Lahore,2025,CS0150130,Supermarket,High,1056669,31.287312,74.157495,Phase 1
3,Lahore,2025,CS0133745,Pharmacy,High,1056015,31.37768,74.410474,Phase 1
3,Lahore,2025,CS0137386,Grocery,High,1053509,31.378368,74.455031,Phase 1
3,Lahore,2025,CS0137530,Grocery,High,1053063,31.487609,74.425539,Phase 1
3,Lahore,2025,CS0129411,Grocery,High,1052320,31.45167,74.383749,Phase 1
3,Lahore,2025,CS0133610,Grocery,High,1052055,31.472934,74.368169,Phase 1
3,Lahore,2025,CS0138025,Petro Mart,High,1050304,31.35312,74.403515,Phase 1
3,Lahore,2025,CS0147358,Petro Mart,High,1049088,31.285269,74.231439,Phase 1
3,Lahore,2025,CS0134623,Grocery,High,1048423,31.308702,74.121892,Phase 1
3,Lahore,2025,CS0148939,Pharmacy,High,1047591,31.508158,74.317994,Phase 1
3,Lahore,2025,CS0137116,Petro Mart,High,1047017,31.258493,74.199993,Phase 1
3,Lahore,2025,CS0148984,Grocery,High,1045545,31.517288,74.380615,Phase 1
3,Lahore,2025,CS0143684,Pharmacy,High,1045284,31.425416,74.425225,Phase 1
3,Lahore,2025,CS0129292,Grocery,High,1045081,31.554086,74.35623,Phase 1
3,Lahore,2025,CS0134265,Pharmacy,High,1044787,31.587435,74.393147,Phase 1
3,Lahore,2025,CS0132335,Grocery,High,1043938,31.454474,74.364318,Phase 1
3,Lahore,2025,CS0127885,Grocery,High,1043431,31.486635,74.460721,Phase 1
3,Lahore,2025,CS0147252,Grocery,High,1043085,31.331819,74.433751,Phase 1
3,Lahore,2025,CS0141043,Grocery,High,1042844,31.494388,74.395212,Phase 1
3,Lahore,2025,CS0151301,Grocery,High,1042676,31.423103,74.37812,Phase 1
3,Lahore,2025,CS0139706,Grocery,High,1042186,31.434883,74.328946,Phase 1
3,Lahore,2025,CS0127249,Grocery,High,1041832,31.451973,74.434341,Phase 1
3,Lahore,2025,CS0147702,Grocery,High,1041338,31.383267,74.337282,Phase 1
3,Lahore,2025,CS0147873,Bakery,High,1041239,31.488113,74.471763,Phase 1
3,Lahore,2025,CS0139381,Grocery,High,1040672,31.489474,74.355438,Phase 1
3,Lahore,2025,CS0137562,Bakery,High,1040494,31.250036,74.153745,Phase 1
3,Lahore,2025,CS0129761,Grocery,High,1039275,31.45879,74.410277,Phase 1
3,Lahore,2025,CS0149540,Pharmacy,High,1039155,31.394346,74.403673,Phase 1
3,Lahore,2025,CS0149363,Grocery,High,1036972,31.239491,74.220678,Phase 1
3,Lahore,2025,CS0151417,Grocery,High,1032178,31.558515,74.416813,Phase 1
3,Lahore,2025,CS0141668,Grocery,High,1032045,31.346255,74.450629,Phase 1
3,Lahore,2025,CS0150599,Grocery,High,1031376,31.551068,74.438276,Phase 1
3,Lahore,2025,CS0131360,Grocery,High,1031313,31.503092,74.426285,Phase 1
3,Lahore,2025,CS0143739,Pharmacy,High,1030900,31.331645,74.425434,Phase 1
3,Lahore,2025,CS0141968,Supermarket,High,1030581,31.525657,74.31706,Phase 1
3,Lahore,2025,CS0132489,Grocery,High,1030243,31.422587,74.418461,Phase 1
3,Lahore,2025,CS0129691,Grocery,High,1030221,31.419382,74.41441,Phase 1
3,Lahore,2025,CS0147289,Petro Mart,High,1029993,31.376292,74.334347,Phase 1
3,Lahore,2025,CS0127292,Supermarket,High,1029247,31.345959,74.46467,Phase 1
3,Lahore,2025,CS0126826,Grocery,High,1028895,31.493079,74.524036,Phase 1
3,Lahore,2025,CS0135300,Bakery,High,1028488,31.388143,74.221336,Phase 1
3,Lahore,2025,CS0128388,Grocery,High,1027632,31.594475,74.407195,Phase 1
3,Lahore,2025,CS0147943,Grocery,High,1026888,31.396531,74.369714,Phase 1
3,Lahore,2025,CS0126876,Grocery,High,1025888,31.302054,74.180224,Phase 1
3,Lahore,2025,CS0147479,Pharmacy,High,1025644,31.466306,74.413894,Phase 1
3,Lahore,2025,CS0131447,Grocery,High,1025452,31.476526,74.371854,Phase 1
3,Lahore,2025,CS0133746,Grocery,High,1024867,31.468566,74.434279,Phase 1
3,Lahore,2025,CS0128832,Pharmacy,High,1024274,31.315011,74.244769,Phase 1
3,Lahore,2025,CS0146896,Pharmacy,High,1023902,31.414971,74.451926,Phase 1
3,Lahore,2025,CS0132732,Grocery,High,1023758,31.392913,74.185545,Phase 1
3,Lahore,2025,CS0133015,Grocery,High,1022701,31.257436,74.213607,Phase 1
3,Lahore,2025,CS0150172,Grocery,High,1021777,31.372877,74.362928,Phase 1
3,Lahore,2025,CS0138728,Grocery,High,1021686,31.469822,74.355607,Phase 1
3,Lahore,2025,CS0134595,Grocery,High,1021581,31.355576,74.265748,Phase 1
3,Lahore,2025,CS0149714,Grocery,High,1021254,31.39618,74.43485,Phase 1
3,Lahore,2025,CS0146455,Supermarket,High,1020603,31.439659,74.431601,Phase 1
3,Lahore,2025,CS0138082,Pharmacy,High,1018949,31.474227,74.337784,Phase 1
3,Lahore,2025,CS0133664,Grocery,High,1018926,31.495364,74.446708,Phase 1
3,Lahore,2025,CS0150122,Pharmacy,High,1018191,31.380191,74.483069,Phase 1
3,Lahore,2025,CS0133444,Grocery,High,1018187,31.577083,74.396379,Phase 1
3,Lahore,2025,CS0151489,Pharmacy,High,1017500,31.32901,74.182129,Phase 1
3,Lahore,2025,CS0144060,Pharmacy,High,1017452,31.273303,74.192357,Phase 1
3,Lahore,2025,CS0138836,Grocery,High,1017378,31.452283,74.363925,Phase 1
3,Lahore,2025,CS0146581,Pharmacy,High,1017074,31.282555,74.136354,Phase 1
3,Lahore,2025,CS0135834,Grocery,High,1016772,31.416961,74.382027,Phase 1
3,Lahore,2025,CS0150807,Grocery,High,1016726,31.367219,74.403477,Phase 1
3,Lahore,2025,CS0137864,Pharmacy,High,1016532,31.50727,74.381037,Phase 1
3,Lahore,2025,CS0141254,Bakery,High,1016471,31.497574,74.596606,Phase 1
3,Lahore,2025,CS0142320,Grocery,High,1015454,31.409491,74.488482,Phase 1
3,Lahore,2025,CS0150964,Grocery,High,1015024,31.362821,74.446555,Phase 1
3,Lahore,2025,CS0132516,Grocery,High,1014506,31.317455,74.487816,Phase 1
3,Lahore,2025,CS0144117,Grocery,High,1014048,31.266552,74.189693,Phase 1
3,Lahore,2025,CS0139775,Grocery,High,1013835,31.474997,74.382851,Phase 1
3,Lahore,2025,CS0134730,Pharmacy,High,1013275,31.318208,74.181296,Phase 1
3,Lahore,2025,CS0139406,Pharmacy,High,1013228,31.283212,74.234667,Phase 1
3,Lahore,2025,CS0131590,Grocery,High,1012755,31.459936,74.359596,Phase 1
3,Lahore,2025,CS0132113,Grocery,High,1011974,31.466219,74.263374,Phase 1
3,Lahore,2025,CS0146515,Grocery,High,1010573,31.416004,74.381557,Phase 1
3,Lahore,2025,CS0132030,Supermarket,High,1010490,31.363648,74.521995,Phase 1
3,Lahore,2025,CS0142495,Grocery,High,1010164,31.426794,74.412815,Phase 1
3,Lahore,2025,CS0150484,Grocery,High,1009924,31.326357,74.17001,Phase 1
3,Lahore,2025,CS0144840,Pharmacy,High,1007478,31.457641,74.412592,Phase 1
3,Lahore,2025,CS0146514,Grocery,High,1007036,31.459753,74.471127,Phase 1
3,Lahore,2025,CS0145857,Pharmacy,High,1005802,31.361236,74.450716,Phase 1
3,Lahore,2025,CS0150580,Bakery,High,1005270,31.370231,74.380872,Phase 1
3,Lahore,2025,CS0136233,Bakery,High,1004800,31.550165,74.387205,Phase 1
3,Lahore,2025,CS0139873,Grocery,High,1004589,31.346735,74.355463,Phase 1
3,Lahore,2025,CS0131647,Grocery,High,1004267,31.460028,74.518423,Phase 1
3,Lahore,2025,CS0135347,Grocery,High,1003992,31.456455,74.389077,Phase 1
3,Lahore,2025,CS0139457,Grocery,High,1003120,31.424035,74.374023,Phase 1
3,Lahore,2025,CS0128818,Grocery,High,1002606,31.493285,74.378863,Phase 1
3,Lahore,2025,CS0143187,Grocery,High,1002429,31.458813,74.384703,Phase 1
3,Lahore,2025,CS0136957,Bakery,High,1002222,31.436281,74.294748,Phase 1
3,Lahore,2025,CS0139201,Grocery,High,1001986,31.47541,74.298826,Phase 1
3,Lahore,2025,CS0138330,Grocery,High,1001628,31.319016,74.456235,Phase 1
3,Lahore,2025,CS0131354,Supermarket,High,1001329,31.494749,74.375953,Phase 1
3,Lahore,2025,CS0139474,Bakery,High,1000599,31.402897,74.365143,Phase 1
3,Lahore,2025,CS0133194,Bakery,High,999816,31.437905,74.330876,Phase 1
3,Lahore,2025,CS0142658,Grocery,High,997431,31.464282,74.281238,Phase 1
3,Lahore,2025,CS0126871,Grocery,High,997006,31.399823,74.208672,Phase 1
3,Lahore,2025,CS0138326,Bakery,High,995221,31.40255,74.561524,Phase 1
3,Lahore,2025,CS0138877,Pharmacy,High,994349,31.47055,74.386152,Phase 1
3,Lahore,2025,CS0135877,Grocery,High,993527,31.425166,74.362587,Phase 1
3,Lahore,2025,CS0143503,Bakery,High,993046,31.380597,74.497949,Phase 1
3,Lahore,2025,CS0150015,Bakery,High,992982,31.252479,74.246041,Phase 1
3,Lahore,2025,CS0137498,Pharmacy,High,992964,31.516558,74.489716,Phase 1
3,Lahore,2025,CS0149967,Petro Mart,High,992836,31.349674,74.457932,Phase 1
3,Lahore,2025,CS0139935,Grocery,High,992308,31.440446,74.344636,Phase 1
3,Lahore,2025,CS0145756,Grocery,High,991410,31.314097,74.150175,Phase 1
3,Lahore,2025,CS0141131,Pharmacy,High,990796,31.453376,74.459012,Phase 1
3,Lahore,2025,CS0136174,Pharmacy,High,990780,31.375569,74.458619,Phase 1
3,Lahore,2025,CS0136426,Supermarket,High,990586,31.326753,74.210887,Phase 1
3,Lahore,2025,CS0126844,Grocery,High,989823,31.460532,74.409868,Phase 1
3,Lahore,2025,CS0144346,Grocery,High,989009,31.318918,74.124372,Phase 1
3,Lahore,2025,CS0135536,Grocery,High,988730,31.290651,74.338221,Phase 1
3,Lahore,2025,CS0126893,Pharmacy,High,987631,31.503712,74.303604,Phase 1
3,Lahore,2025,CS0138119,Grocery,High,987486,31.555873,74.320464,Phase 1
3,Lahore,2025,CS0139529,Grocery,High,987110,31.497947,74.37361,Phase 1
3,Lahore,2025,CS0130432,Bakery,High,986405,31.396654,74.542963,Phase 1
3,Lahore,2025,CS0133785,Grocery,High,986326,31.391257,74.326937,Phase 1
3,Lahore,2025,CS0134138,Petro Mart,High,985770,31.465373,74.44391,Phase 1
3,Lahore,2025,CS0151535,Pharmacy,High,985463,31.326669,74.354095,Phase 1
3,Lahore,2025,CS0134072,Grocery,High,985076,31.472343,74.415055,Phase 1
3,Lahore,2025,CS0144831,Grocery,High,984338,31.555435,74.327984,Phase 1
3,Lahore,2025,CS0150473,Grocery,High,984317,31.495596,74.314667,Phase 1
3,Lahore,2025,CS0149435,Grocery,High,984270,31.48847,74.397375,Phase 1
3,Lahore,2025,CS0139454,Grocery,High,983920,31.24883,74.204508,Phase 1
3,Lahore,2025,CS0128034,Grocery,High,982909,31.458481,74.362925,Phase 1
3,Lahore,2025,CS0138791,Grocery,High,982907,31.403343,74.487782,Phase 1
3,Lahore,2025,CS0148609,Grocery,High,981824,31.561742,74.365812,Phase 1
3,Lahore,2025,CS0149184,Pharmacy,High,981794,31.275563,74.077441,Phase 1
3,Lahore,2025,CS0132692,Grocery,High,981511,31.449311,74.367045,Phase 1
3,Lahore,2025,CS0127623,Pharmacy,High,981355,31.515517,74.347635,Phase 1
3,Lahore,2025,CS0140109,Pharmacy,High,980600,31.472758,74.294922,Phase 1
3,Lahore,2025,CS0141348,Grocery,High,978123,31.456624,74.362145,Phase 1
3,Lahore,2025,CS0126854,Pharmacy,High,978114,31.268793,74.287072,Phase 1
3,Lahore,2025,CS0141283,Bakery,High,977126,31.385429,74.380894,Phase 1
3,Lahore,2025,CS0130199,Supermarket,High,976824,31.319664,74.243295,Phase 1
3,Lahore,2025,CS0128124,Grocery,High,975831,31.490939,74.369265,Phase 1
3,Lahore,2025,CS0129375,Grocery,High,975416,31.426327,74.531663,Phase 1
3,Lahore,2025,CS0148479,Grocery,High,974420,31.471944,74.368677,Phase 1
3,Lahore,2025,CS0129408,Grocery,High,973812,31.527277,74.491697,Phase 1
3,Lahore,2025,CS0139479,Grocery,High,972860,31.440501,74.352321,Phase 1
3,Lahore,2025,CS0147971,Grocery,High,972335,31.383132,74.407274,Phase 1
3,Lahore,2025,CS0144797,Grocery,High,971847,31.413827,74.349543,Phase 1
3,Lahore,2025,CS0141362,Grocery,High,970343,31.502257,74.339131,Phase 1
3,Lahore,2025,CS0136788,Bakery,High,969549,31.344482,74.451064,Phase 1
3,Lahore,2025,CS0131113,Grocery,High,969403,31.294196,74.217323,Phase 1
3,Lahore,2025,CS0133438,Grocery,High,968859,31.455059,74.434167,Phase 1
3,Lahore,2025,CS0136287,Grocery,High,968277,31.4091,74.474951,Phase 1
3,Lahore,2025,CS0134327,Pharmacy,High,968070,31.452107,74.447746,Phase 1
3,Lahore,2025,CS0151384,Grocery,High,966689,31.312002,74.210053,Phase 1
3,Lahore,2025,CS0150934,Supermarket,High,966263,31.522122,74.33304,Phase 1
3,Lahore,2025,CS0147562,Bakery,High,965642,31.359304,74.103173,Phase 1
3,Lahore,2025,CS0145824,Bakery,High,965230,31.43332,74.430105,Phase 1
3,Lahore,2025,CS0148511,Grocery,High,964675,31.45899,74.379869,Phase 1
3,Lahore,2025,CS0126718,Grocery,High,964063,31.610331,74.288408,Phase 1
3,Lahore,2025,CS0134524,Bakery,High,963898,31.443883,74.420841,Phase 1
3,Lahore,2025,CS0148003,Pharmacy,High,963548,31.399322,74.390267,Phase 1
3,Lahore,2025,CS0129125,Supermarket,High,962899,31.462541,74.378133,Phase 1
3,Lahore,2025,CS0150066,Grocery,High,962853,31.383649,74.24219,Phase 1
3,Lahore,2025,CS0147459,Grocery,High,962727,31.409755,74.216389,Phase 1
3,Lahore,2025,CS0151293,Grocery,High,962554,31.469934,74.438796,Phase 1
3,Lahore,2025,CS0137994,Grocery,High,962447,31.4123,74.351077,Phase 1
3,Lahore,2025,CS0142840,Grocery,High,961886,31.451201,74.461138,Phase 1
3,Lahore,2025,CS0142532,Bakery,High,961851,31.465987,74.478285,Phase 1
3,Lahore,2025,CS0129369,Grocery,High,961717,31.48861,74.374865,Phase 1
3,Lahore,2025,CS0144400,Grocery,High,961682,31.379092,74.444346,Phase 1
3,Lahore,2025,CS0145386,Pharmacy,High,960951,31.439829,74.515184,Phase 1
3,Lahore,2025,CS0143716,Bakery,High,960284,31.458497,74.38391,Phase 1
3,Lahore,2025,CS0128690,Grocery,High,959977,31.390547,74.093416,Phase 1
3,Lahore,2025,CS0131740,Bakery,High,959702,31.469859,74.41051,Phase 1
3,Lahore,2025,CS0127303,Grocery,High,959683,31.41614,74.448318,Phase 1
3,Lahore,2025,CS0133153,Bakery,High,959121,31.452476,74.271343,Phase 1
3,Lahore,2025,CS0144755,Grocery,High,959021,31.371109,74.347613,Phase 1
3,Lahore,2025,CS0147634,Grocery,High,958764,31.514745,74.384449,Phase 1
3,Lahore,2025,CS0140021,Grocery,High,958571,31.479293,74.407922,Phase 1
3,Lahore,2025,CS0141658,Petro Mart,High,958512,31.448483,74.516207,Phase 1
3,Lahore,2025,CS0146619,Grocery,High,957933,31.420445,74.342312,Phase 1
3,Lahore,2025,CS0136419,Grocery,High,957606,31.480387,74.319259,Phase 1
3,Lahore,2025,CS0151414,Grocery,High,957534,31.559001,74.51398,Phase 1
3,Lahore,2025,CS0132570,Grocery,High,957517,31.457902,74.303896,Phase 1
3,Lahore,2025,CS0137054,Grocery,High,956780,31.450451,74.46017,Phase 1
3,Lahore,2025,CS0127952,Pharmacy,High,956600,31.444923,74.428327,Phase 1
3,Lahore,2025,CS0135484,Grocery,High,955730,31.516742,74.443558,Phase 1
3,Lahore,2025,CS0134910,Grocery,High,955200,31.280405,74.113341,Phase 1
3,Lahore,2025,CS0140742,Grocery,High,954404,31.295948,74.262099,Phase 1
3,Lahore,2025,CS0135491,Grocery,High,954006,31.407148,74.377373,Phase 1
3,Lahore,2025,CS0149723,Supermarket,High,953490,31.345814,74.147717,Phase 1
3,Lahore,2025,CS0129801,Grocery,High,953205,31.517327,74.355105,Phase 1
3,Lahore,2025,CS0132970,Grocery,High,953159,31.335264,74.255484,Phase 1
3,Lahore,2025,CS0142546,Grocery,High,952760,31.431881,74.3986,Phase 1
3,Lahore,2025,CS0135522,Grocery,High,952452,31.472597,74.43615,Phase 1
3,Lahore,2025,CS0145074,Grocery,High,952420,31.264371,74.211519,Phase 1
3,Lahore,2026,CS0129477,Grocery,High,951912,31.549866,74.46032,Phase 1
3,Lahore,2026,CS0128937,Bakery,High,950668,31.267628,74.266695,Phase 1
3,Lahore,2026,CS0138645,Grocery,High,950477,31.428033,74.473794,Phase 1
3,Lahore,2026,CS0149551,Bakery,High,949248,31.441353,74.387545,Phase 1
3,Lahore,2026,CS0127058,Pharmacy,High,948864,31.336105,74.376091,Phase 1
3,Lahore,2026,CS0141419,Pharmacy,High,947794,31.38787,74.483793,Phase 1
3,Lahore,2026,CS0149771,Grocery,High,947190,31.320257,74.27539,Phase 1
3,Lahore,2026,CS0130413,Grocery,High,947060,31.329486,74.525355,Phase 1
3,Lahore,2026,CS0135133,Pharmacy,High,946363,31.441144,74.456123,Phase 1
3,Lahore,2026,CS0136383,Grocery,High,946203,31.488637,74.391715,Phase 1
3,Lahore,2026,CS0132485,Pharmacy,High,946038,31.47234,74.40641,Phase 1
3,Lahore,2026,CS0145410,Grocery,High,945429,31.291914,74.231916,Phase 1
3,Lahore,2026,CS0146652,Grocery,High,945387,31.403197,74.417143,Phase 1
3,Lahore,2026,CS0137552,Pharmacy,High,945375,31.513543,74.352205,Phase 1
3,Lahore,2026,CS0146794,Supermarket,High,944851,31.516516,74.431506,Phase 1
3,Lahore,2026,CS0136310,Grocery,High,944611,31.367138,74.453982,Phase 1
3,Lahore,2026,CS0140509,Bakery,High,944227,31.561036,74.36293,Phase 1
3,Lahore,2026,CS0134303,Grocery,High,944079,31.466535,74.3595,Phase 1
3,Lahore,2026,CS0129303,Grocery,High,943450,31.525425,74.499393,Phase 1
3,Lahore,2026,CS0139438,Grocery,High,943056,31.258783,74.140801,Phase 1
3,Lahore,2026,CS0129422,Bakery,High,942441,31.508622,74.338791,Phase 1
3,Lahore,2026,CS0127870,Grocery,High,942172,31.287389,74.302567,Phase 1
3,Lahore,2026,CS0143361,Grocery,High,940581,31.466473,74.419837,Phase 1
3,Lahore,2026,CS0136173,Grocery,High,939776,31.411762,74.366242,Phase 1
3,Lahore,2026,CS0128540,Bakery,High,939124,31.385613,74.385279,Phase 1
3,Lahore,2026,CS0145084,Petro Mart,High,938950,31.33681,74.157277,Phase 1
3,Lahore,2026,CS0133674,Grocery,High,938456,31.538999,74.412418,Phase 1
3,Lahore,2026,CS0128895,Grocery,High,938109,31.432182,74.44209,Phase 1
3,Lahore,2026,CS0127059,Petro Mart,High,937402,31.522144,74.543412,Phase 1
3,Lahore,2026,CS0141308,Bakery,High,937318,31.42681,74.349923,Phase 1
3,Lahore,2026,CS0130127,Pharmacy,High,937311,31.312328,74.41881,Phase 1
3,Lahore,2026,CS0149802,Grocery,High,935878,31.469675,74.457329,Phase 1
3,Lahore,2026,CS0138461,Grocery,High,935747,31.299053,74.165952,Phase 1
3,Lahore,2026,CS0141966,Petro Mart,High,935282,31.507788,74.354877,Phase 1
3,Lahore,2026,CS0129483,Grocery,High,935263,31.510852,74.282322,Phase 1
3,Lahore,2026,CS0126841,Grocery,High,935159,31.440156,74.361781,Phase 1
3,Lahore,2026,CS0131023,Bakery,High,934692,31.397681,74.503425,Phase 1
3,Lahore,2026,CS0131096,Grocery,High,933996,31.324237,74.257954,Phase 1
3,Lahore,2026,CS0134978,Petro Mart,High,933890,31.374531,74.351713,Phase 1
3,Lahore,2026,CS0131711,Grocery,High,933871,31.434787,74.3035,Phase 1
3,Lahore,2026,CS0145916,Bakery,High,933811,31.3226,74.479298,Phase 1
3,Lahore,2026,CS0136771,Grocery,High,933517,31.394692,74.410574,Phase 1
3,Lahore,2026,CS0132092,Grocery,High,933459,31.459155,74.418648,Phase 1
3,Lahore,2026,CS0143626,Grocery,High,932642,31.364482,74.172113,Phase 1
3,Lahore,2026,CS0132136,Grocery,High,932501,31.436333,74.323542,Phase 1
3,Lahore,2026,CS0129505,Grocery,High,932364,31.544232,74.342223,Phase 1
3,Lahore,2026,CS0149420,Pharmacy,High,932096,31.269266,74.184706,Phase 1
3,Lahore,2026,CS0132355,Grocery,High,931724,31.471696,74.466964,Phase 1
3,Lahore,2026,CS0129099,Grocery,High,931419,31.271972,74.208096,Phase 1
3,Lahore,2026,CS0151277,Supermarket,High,930693,31.373695,74.414377,Phase 1
3,Lahore,2026,CS0127923,Grocery,High,930578,31.468733,74.354719,Phase 1
3,Lahore,2026,CS0147286,Grocery,High,930388,31.422663,74.432053,Phase 1
3,Lahore,2026,CS0133659,Grocery,High,930219,31.303343,74.172771,Phase 1
3,Lahore,2026,CS0133653,Bakery,High,929946,31.24006,74.247571,Phase 1
3,Lahore,2026,CS0139773,Grocery,High,929856,31.498919,74.378051,Phase 1
3,Lahore,2026,CS0147838,Grocery,High,928660,31.467509,74.34815,Phase 1
3,Lahore,2026,CS0139097,Grocery,High,928514,31.359809,74.508609,Phase 1
3,Lahore,2026,CS0138419,Bakery,High,927873,31.432121,74.539942,Phase 1
3,Lahore,2026,CS0135563,Pharmacy,High,926973,31.323838,74.180594,Phase 1
3,Lahore,2026,CS0138739,Grocery,High,925087,31.351057,74.209431,Phase 1
3,Lahore,2026,CS0131998,Grocery,High,924538,31.495581,74.385842,Phase 1
3,Lahore,2026,CS0147023,Bakery,High,923980,31.491008,74.423869,Phase 1
3,Lahore,2026,CS0142644,Grocery,High,923761,31.38214,74.324821,Phase 1
3,Lahore,2026,CS0136962,Pharmacy,High,923255,31.287801,74.186557,Phase 1
3,Lahore,2026,CS0131651,Grocery,High,922954,31.471152,74.364574,Phase 1
3,Lahore,2026,CS0150910,Grocery,High,922832,31.437803,74.424971,Phase 1
3,Lahore,2026,CS0136752,Grocery,High,921367,31.493282,74.44597,Phase 1
3,Lahore,2026,CS0139119,Grocery,High,921300,31.430856,74.315022,Phase 1
3,Lahore,2026,CS0146342,Grocery,High,920970,31.283181,74.282054,Phase 1
3,Lahore,2026,CS0126804,Grocery,High,920840,31.330665,74.174683,Phase 1
3,Lahore,2026,CS0141425,Pharmacy,High,920832,31.468694,74.444046,Phase 1
3,Lahore,2026,CS0149904,Bakery,High,920386,31.459262,74.292453,Phase 1
3,Lahore,2026,CS0134826,Pharmacy,High,919981,31.242063,74.28072,Phase 1
3,Lahore,2026,CS0143667,Petro Mart,High,919845,31.399986,74.326076,Phase 1
3,Lahore,2026,CS0134670,Grocery,High,919629,31.429897,74.416351,Phase 1
3,Lahore,2026,CS0150924,Bakery,High,918976,31.520173,74.359048,Phase 1
3,Lahore,2026,CS0141246,Grocery,High,918658,31.340804,74.25812,Phase 1
3,Lahore,2026,CS0140455,Petro Mart,High,918559,31.450963,74.401097,Phase 1
3,Lahore,2026,CS0148878,Grocery,High,918351,31.431274,74.446226,Phase 1
3,Lahore,2026,CS0129327,Supermarket,High,917123,31.440706,74.484775,Phase 1
3,Lahore,2026,CS0135775,Pharmacy,High,916934,31.34139,74.158037,Phase 1
3,Lahore,2026,CS0129305,Grocery,High,916766,31.45922,74.354007,Phase 1
3,Lahore,2026,CS0131153,Grocery,High,916711,31.529322,74.414719,Phase 1
3,Lahore,2026,CS0147717,Grocery,High,916704,31.503459,74.422452,Phase 1
3,Lahore,2026,CS0128036,Grocery,High,916659,31.461617,74.434581,Phase 1
3,Lahore,2026,CS0128056,Bakery,High,916244,31.589199,74.383289,Phase 1
3,Lahore,2026,CS0141944,Petro Mart,High,915767,31.43411,74.350739,Phase 1
3,Lahore,2026,CS0138417,Grocery,High,914742,31.2757,74.192703,Phase 1
3,Lahore,2026,CS0128842,Grocery,High,914473,31.380789,74.520699,Phase 1
3,Lahore,2026,CS0147992,Grocery,High,913429,31.501241,74.455867,Phase 1
3,Lahore,2026,CS0135625,Grocery,High,912810,31.483409,74.329823,Phase 1
3,Lahore,2026,CS0149814,Grocery,High,911933,31.379043,74.154043,Phase 1
3,Lahore,2026,CS0143456,Grocery,High,910562,31.469602,74.417775,Phase 1
3,Lahore,2026,CS0144363,Grocery,High,910389,31.441693,74.432182,Phase 1
3,Lahore,2026,CS0142115,Grocery,High,910350,31.444054,74.315936,Phase 1
3,Lahore,2026,CS0138628,Grocery,High,909409,31.274527,74.277013,Phase 1
3,Lahore,2026,CS0141574,Grocery,High,909367,31.414665,74.346937,Phase 1
3,Lahore,2026,CS0137153,Pharmacy,High,909246,31.408596,74.452329,Phase 1
3,Lahore,2026,CS0149574,Grocery,High,909175,31.382363,74.262514,Phase 1
3,Lahore,2026,CS0136339,Grocery,High,909070,31.533483,74.445163,Phase 1
3,Lahore,2026,CS0131881,Petro Mart,High,908471,31.476346,74.41293,Phase 1
3,Lahore,2026,CS0139265,Pharmacy,High,907754,31.394588,74.481128,Phase 1
3,Lahore,2026,CS0143478,Grocery,High,906820,31.522005,74.367025,Phase 1
3,Lahore,2026,CS0134992,Supermarket,High,905953,31.244925,74.22824,Phase 1
3,Lahore,2026,CS0128414,Grocery,High,904610,31.44634,74.361221,Phase 1
3,Lahore,2026,CS0129956,Pharmacy,High,904044,31.472097,74.360074,Phase 1
3,Lahore,2026,CS0148557,Petro Mart,High,904038,31.398242,74.375663,Phase 1
3,Lahore,2026,CS0132015,Pharmacy,High,903226,31.322856,74.452398,Phase 1
3,Lahore,2026,CS0140709,Pharmacy,High,902708,31.469245,74.456373,Phase 1
3,Lahore,2026,CS0145819,Grocery,High,902586,31.436628,74.437457,Phase 1
3,Lahore,2026,CS0140905,Grocery,High,902513,31.490547,74.497375,Phase 1
3,Lahore,2026,CS0134067,Bakery,High,902452,31.406754,74.47269,Phase 1
3,Lahore,2026,CS0146556,Bakery,High,902217,31.593495,74.381127,Phase 1
3,Lahore,2026,CS0136463,Pharmacy,High,901836,31.456086,74.448452,Phase 1
3,Lahore,2026,CS0130425,Supermarket,High,901607,31.321243,74.293865,Phase 1
3,Lahore,2026,CS0133974,Grocery,High,900652,31.394735,74.454039,Phase 1
3,Lahore,2026,CS0128736,Grocery,High,900452,31.344711,74.129853,Phase 1
3,Lahore,2026,CS0149697,Pharmacy,High,900113,31.429914,74.447192,Phase 1
3,Lahore,2026,CS0142448,Grocery,High,899294,31.454449,74.309109,Phase 1
3,Lahore,2026,CS0136240,Bakery,High,899126,31.493086,74.376404,Phase 1
3,Lahore,2026,CS0138362,Petro Mart,High,898778,31.351748,74.375585,Phase 1
3,Lahore,2026,CS0146709,Petro Mart,High,898415,31.4788,74.4078,Phase 1
3,Lahore,2026,CS0139726,Grocery,High,897234,31.308503,74.135152,Phase 1
3,Lahore,2026,CS0147892,Grocery,High,896420,31.305691,74.218742,Phase 1
3,Lahore,2026,CS0136397,Grocery,High,896268,31.382385,74.32805,Phase 1
3,Lahore,2026,CS0140218,Grocery,High,896132,31.423608,74.389754,Phase 1
3,Lahore,2026,CS0149525,Grocery,High,895461,31.47043,74.319058,Phase 1
3,Lahore,2026,CS0143539,Grocery,High,895009,31.459047,74.361193,Phase 1
3,Lahore,2026,CS0137315,Grocery,High,894611,31.500264,74.413575,Phase 1
3,Lahore,2026,CS0149196,Pharmacy,High,892582,31.238724,74.271631,Phase 1
3,Lahore,2026,CS0142655,Grocery,High,892464,31.53184,74.341587,Phase 1
3,Lahore,2026,CS0149182,Grocery,High,892318,31.397882,74.39374,Phase 1
3,Lahore,2026,CS0132647,Grocery,High,891198,31.368469,74.435862,Phase 1
3,Lahore,2026,CS0127256,Grocery,High,890974,31.242034,74.263283,Phase 1
3,Lahore,2026,CS0132554,Grocery,High,890947,31.384532,74.403929,Phase 1
3,Lahore,2026,CS0140142,Grocery,High,889814,31.541893,74.416233,Phase 1
3,Lahore,2026,CS0145806,Grocery,High,889267,31.294995,74.148117,Phase 1
3,Lahore,2026,CS0133667,Grocery,High,888737,31.454619,74.396877,Phase 1
3,Lahore,2026,CS0127042,Grocery,High,888673,31.331751,74.23138,Phase 1
3,Lahore,2026,CS0140259,Bakery,High,888141,31.523464,74.362693,Phase 1
3,Lahore,2026,CS0151628,Grocery,High,887066,31.522709,74.303047,Phase 1
3,Lahore,2026,CS0150708,Bakery,High,886822,31.502398,74.391975,Phase 1
3,Lahore,2026,CS0134727,Bakery,High,886349,31.412256,74.319074,Phase 1
3,Lahore,2026,CS0132695,Grocery,High,885950,31.526536,74.381757,Phase 1
3,Lahore,2026,CS0132736,Grocery,High,885854,31.317257,74.18353,Phase 1
3,Lahore,2026,CS0131629,Grocery,High,885435,31.353737,74.359252,Phase 1
3,Lahore,2026,CS0127533,Bakery,High,885113,31.361349,74.232478,Phase 1
3,Lahore,2026,CS0144934,Grocery,High,885096,31.528081,74.422721,Phase 1
3,Lahore,2026,CS0129786,Grocery,High,885020,31.405783,74.448488,Phase 1
3,Lahore,2026,CS0129007,Grocery,High,884565,31.487072,74.453053,Phase 1
3,Lahore,2026,CS0145733,Grocery,High,884281,31.233657,74.204457,Phase 1
3,Lahore,2026,CS0128040,Grocery,High,884116,31.401068,74.435459,Phase 1
3,Lahore,2026,CS0133646,Grocery,High,883213,31.448527,74.400101,Phase 1
3,Lahore,2026,CS0128528,Grocery,High,883085,31.546293,74.298134,Phase 1
3,Lahore,2026,CS0136950,Grocery,High,882896,31.377756,74.513385,Phase 1
3,Lahore,2026,CS0138772,Pharmacy,High,880548,31.365962,74.388569,Phase 1
3,Lahore,2026,CS0136410,Pharmacy,High,879630,31.456951,74.333363,Phase 1
3,Lahore,2026,CS0146906,Grocery,High,879151,31.504842,74.39336,Phase 1
3,Lahore,2026,CS0149401,Bakery,High,879129,31.385427,74.498645,Phase 1
3,Lahore,2026,CS0137228,Grocery,High,878307,31.305473,74.345663,Phase 1
3,Lahore,2026,CS0147364,Grocery,High,878014,31.513011,74.358175,Phase 1
3,Lahore,2026,CS0145104,Grocery,High,876819,31.437831,74.35228,Phase 1
3,Lahore,2026,CS0145261,Grocery,High,876679,31.474861,74.432489,Phase 1
3,Lahore,2026,CS0131006,Grocery,High,875815,31.329608,74.400884,Phase 1
3,Lahore,2026,CS0132524,Bakery,High,875630,31.343682,74.297231,Phase 1
3,Lahore,2026,CS0131811,Grocery,High,875108,31.435009,74.373654,Phase 1
3,Lahore,2026,CS0131688,Grocery,High,874832,31.478764,74.401794,Phase 1
3,Lahore,2026,CS0145382,Grocery,High,874233,31.494045,74.451907,Phase 1
3,Lahore,2026,CS0137258,Grocery,High,873398,31.249531,74.263707,Phase 1
3,Lahore,2026,CS0134332,Grocery,High,873065,31.422187,74.410059,Phase 1
3,Lahore,2026,CS0127508,Supermarket,High,872756,31.434231,74.4064,Phase 1
3,Lahore,2026,CS0128663,Supermarket,High,872678,31.449369,74.329251,Phase 1
3,Lahore,2026,CS0134770,Grocery,High,871972,31.527521,74.494558,Phase 1
3,Lahore,2026,CS0128486,Supermarket,High,870949,31.330102,74.061709,Phase 1
3,Lahore,2026,CS0148048,Grocery,High,870830,31.326718,74.432094,Phase 1
3,Lahore,2026,CS0144003,Pharmacy,High,870260,31.254101,74.178665,Phase 1
3,Lahore,2026,CS0150848,Grocery,High,869194,31.381947,74.485678,Phase 1
3,Lahore,2026,CS0145143,Grocery,High,869137,31.399768,74.224325,Phase 1
3,Lahore,2026,CS0133145,Grocery,High,868577,31.581759,74.341065,Phase 1
3,Lahore,2026,CS0127980,Grocery,High,868480,31.398837,74.485238,Phase 1
3,Lahore,2026,CS0134522,Grocery,High,868434,31.331906,74.178434,Phase 1
3,Lahore,2026,CS0143290,Pharmacy,High,867421,31.50683,74.413523,Phase 1
3,Lahore,2026,CS0130704,Grocery,High,867384,31.417978,74.454242,Phase 1
3,Lahore,2026,CS0140952,Grocery,High,867279,31.454687,74.466819,Phase 1
3,Lahore,2026,CS0143399,Bakery,High,867076,31.299466,74.341725,Phase 1
3,Lahore,2026,CS0149492,Grocery,High,867038,31.261248,74.230749,Phase 1
3,Lahore,2026,CS0138668,Pharmacy,High,866664,31.468281,74.393565,Phase 1
3,Lahore,2026,CS0146319,Grocery,High,866191,31.42337,74.411606,Phase 1
3,Lahore,2026,CS0134831,Pharmacy,High,865783,31.389519,74.379914,Phase 1
3,Lahore,2026,CS0147949,Petro Mart,High,865438,31.351046,74.4585,Phase 1
3,Lahore,2026,CS0139853,Grocery,High,865344,31.465566,74.295501,Phase 1
3,Lahore,2026,CS0138410,Petro Mart,High,865027,31.464036,74.427421,Phase 1
3,Lahore,2026,CS0142458,Bakery,High,864847,31.424858,74.431933,Phase 1
3,Lahore,2026,CS0133255,Grocery,High,864719,31.493204,74.43044,Phase 1
3,Lahore,2026,CS0128633,Grocery,High,864515,31.505338,74.287608,Phase 1
3,Lahore,2026,CS0129819,Grocery,High,864506,31.345715,74.488412,Phase 1
3,Lahore,2026,CS0136710,Pharmacy,High,864336,31.363657,74.415323,Phase 1
3,Lahore,2026,CS0140470,Grocery,High,863135,31.45537,74.429122,Phase 1
3,Lahore,2026,CS0149737,Grocery,High,862901,31.426286,74.420002,Phase 1
3,Lahore,2026,CS0135749,Bakery,High,861470,31.40401,74.416253,Phase 1
3,Lahore,2026,CS0134953,Grocery,High,861436,31.451185,74.396489,Phase 1
3,Lahore,2026,CS0148604,Grocery,High,860950,31.403626,74.271163,Phase 1
3,Lahore,2026,CS0134267,Grocery,High,860769,31.377528,74.226705,Phase 1
3,Lahore,2026,CS0132602,Grocery,High,860754,31.539534,74.312503,Phase 1
3,Lahore,2026,CS0129671,Grocery,High,859412,31.33989,74.220045,Phase 1
3,Lahore,2026,CS0138934,Grocery,High,858968,31.503124,74.400215,Phase 1
3,Lahore,2026,CS0143696,Pharmacy,High,858520,31.338743,74.514854,Phase 1
3,Lahore,2026,CS0134573,Petro Mart,High,858427,31.517082,74.362399,Phase 1
3,Lahore,2026,CS0145798,Grocery,High,858062,31.474049,74.429831,Phase 1
3,Lahore,2026,CS0143067,Grocery,High,857368,31.552275,74.419282,Phase 1
3,Lahore,2026,CS0144325,Bakery,High,856928,31.418029,74.484892,Phase 1
3,Lahore,2026,CS0151026,Grocery,High,856528,31.475371,74.338071,Phase 1
3,Lahore,2026,CS0129181,Bakery,High,856377,31.446851,74.438041,Phase 1
3,Lahore,2026,CS0129604,Grocery,High,856371,31.435301,74.387255,Phase 1
3,Lahore,2026,CS0148146,Bakery,High,855472,31.490478,74.283228,Phase 1
3,Lahore,2026,CS0130456,Bakery,High,855182,31.380451,74.428023,Phase 1
3,Lahore,2026,CS0128811,Grocery,High,854351,31.415768,74.461265,Phase 1
3,Lahore,2026,CS0132811,Bakery,High,854322,31.575643,74.394849,Phase 1
3,Lahore,2026,CS0151509,Bakery,High,854001,31.324786,74.451859,Phase 1
3,Lahore,2026,CS0137270,Grocery,High,853516,31.459688,74.301613,Phase 1
3,Lahore,2026,CS0130482,Grocery,High,853142,31.473578,74.397052,Phase 1
3,Lahore,2026,CS0142060,Grocery,High,849775,31.419787,74.533368,Phase 1
3,Lahore,2026,CS0131283,Grocery,High,849564,31.34835,74.247838,Phase 1
3,Lahore,2026,CS0146677,Grocery,High,849507,31.44944,74.420344,Phase 1
3,Lahore,2026,CS0131790,Grocery,High,849491,31.469908,74.36531,Phase 1
3,Lahore,2026,CS0136612,Grocery,High,848927,31.279608,74.159632,Phase 1
3,Lahore,2026,CS0130832,Grocery,High,848861,31.411572,74.382441,Phase 1
3,Lahore,2026,CS0133238,Grocery,High,848721,31.463598,74.46858,Phase 1
3,Lahore,2026,CS0131337,Petro Mart,High,847775,31.416757,74.343185,Phase 1
3,Lahore,2026,CS0135673,Supermarket,High,847692,31.23953,74.22489,Phase 1
3,Lahore,2026,CS0141153,Supermarket,High,847653,31.412639,74.419792,Phase 1
3,Lahore,2026,CS0130687,Petro Mart,High,847587,31.630754,74.443674,Phase 1
3,Lahore,2026,CS0136779,Grocery,High,847305,31.44675,74.359201,Phase 1
3,Lahore,2026,CS0149443,Petro Mart,High,847061,31.341057,74.392538,Phase 1
3,Lahore,2026,CS0134508,Grocery,High,846932,31.417285,74.300321,Phase 1
3,Lahore,2026,CS0130598,Pharmacy,High,846083,31.449666,74.384825,Phase 1
3,Lahore,2026,CS0143028,Grocery,High,845566,31.485179,74.479961,Phase 1
3,Lahore,2026,CS0150152,Grocery,High,845068,31.471012,74.343481,Phase 1
3,Lahore,2026,CS0144847,Petro Mart,High,845055,31.501002,74.331257,Phase 1
3,Lahore,2026,CS0128449,Bakery,High,844935,31.500159,74.425975,Phase 1
3,Lahore,2026,CS0133257,Grocery,High,844661,31.443708,74.420076,Phase 1
3,Lahore,2026,CS0131186,Grocery,High,844236,31.491769,74.475524,Phase 1
3,Lahore,2026,CS0144047,Grocery,High,844096,31.430045,74.375908,Phase 1
3,Lahore,2026,CS0139277,Pharmacy,High,843309,31.506654,74.400164,Phase 1
3,Lahore,2026,CS0143052,Grocery,High,843181,31.367212,74.310057,Phase 1
3,Lahore,2026,CS0141956,Grocery,High,843118,31.536536,74.429972,Phase 1
3,Lahore,2026,CS0129767,Grocery,High,842830,31.429488,74.363882,Phase 1
3,Lahore,2026,CS0149890,Supermarket,High,842457,31.318592,74.186941,Phase 1
3,Lahore,2026,CS0146307,Grocery,High,842389,31.296852,74.33565,Phase 1
3,Lahore,2026,CS0127995,Grocery,High,842144,31.399067,74.399508,Phase 1
3,Lahore,2026,CS0141677,Grocery,High,842100,31.303332,74.125842,Phase 1
3,Lahore,2026,CS0144358,Grocery,High,841860,31.439352,74.304515,Phase 1
3,Lahore,2026,CS0137016,Grocery,High,841477,31.424056,74.52478,Phase 1
3,Lahore,2026,CS0148001,Grocery,High,841069,31.409189,74.323947,Phase 1
3,Lahore,2026,CS0141198,Grocery,High,840608,31.501611,74.455518,Phase 1
3,Lahore,2026,CS0143802,Grocery,High,840301,31.551064,74.374551,Phase 1
3,Lahore,2026,CS0141158,Grocery,High,840270,31.246575,74.258839,Phase 1
3,Lahore,2026,CS0140305,Bakery,High,839748,31.502066,74.379863,Phase 1
3,Lahore,2026,CS0128550,Grocery,High,839544,31.284159,74.272797,Phase 1
3,Lahore,2026,CS0138469,Grocery,High,839479,31.410534,74.428799,Phase 1
3,Lahore,2026,CS0143448,Pharmacy,High,839414,31.460465,74.363546,Phase 1
3,Lahore,2026,CS0134787,Grocery,High,838176,31.439469,74.437284,Phase 1
3,Lahore,2026,CS0132936,Grocery,High,838166,31.307086,74.269406,Phase 1
3,Lahore,2026,CS0146935,Grocery,High,837273,31.489924,74.305022,Phase 1
3,Lahore,2026,CS0150710,Grocery,High,836835,31.290564,74.268668,Phase 1
3,Lahore,2026,CS0130455,Grocery,High,836707,31.469519,74.427541,Phase 1
3,Lahore,2026,CS0138617,Supermarket,High,836698,31.253507,74.209365,Phase 1
3,Lahore,2026,CS0138845,Bakery,High,836659,31.291243,74.161192,Phase 1
3,Lahore,2026,CS0140656,Grocery,High,836214,31.435103,74.354911,Phase 1
3,Lahore,2026,CS0127787,Grocery,High,835903,31.333896,74.442627,Phase 1
3,Lahore,2026,CS0148661,Grocery,High,835818,31.458337,74.336041,Phase 1
3,Lahore,2026,CS0128831,Pharmacy,High,835687,31.460297,74.423221,Phase 1
3,Lahore,2026,CS0131371,Bakery,High,835005,31.392665,74.333163,Phase 1
3,Lahore,2026,CS0151221,Pharmacy,High,834911,31.464101,74.357638,Phase 1
3,Lahore,2026,CS0134176,Pharmacy,High,834732,31.431767,74.357102,Phase 1
3,Lahore,2026,CS0149539,Pharmacy,High,834126,31.526173,74.326652,Phase 1
3,Lahore,2026,CS0141025,Pharmacy,High,833809,31.453876,74.343015,Phase 1
3,Lahore,2026,CS0146596,Bakery,High,833758,31.427033,74.392536,Phase 1
3,Lahore,2026,CS0127497,Pharmacy,High,833594,31.276897,74.371427,Phase 1
3,Lahore,2026,CS0146704,Bakery,High,833122,31.461735,74.368539,Phase 1
3,Lahore,2026,CS0131900,Bakery,High,832052,31.575746,74.368161,Phase 1
3,Lahore,2026,CS0133295,Pharmacy,High,831560,31.318842,74.493309,Phase 1
3,Lahore,2026,CS0149314,Bakery,High,831221,31.248407,74.206831,Phase 1
3,Lahore,2026,CS0139281,Petro Mart,High,831087,31.400987,74.338631,Phase 1
3,Lahore,2026,CS0130615,Petro Mart,High,831021,31.255797,74.229586,Phase 1
3,Lahore,2026,CS0136625,Grocery,High,830745,31.261373,74.248811,Phase 1
3,Lahore,2026,CS0133821,Supermarket,High,829757,31.537302,74.460982,Phase 1
3,Lahore,2026,CS0135256,Petro Mart,High,829707,31.428221,74.510832,Phase 1
3,Lahore,2026,CS0129822,Bakery,High,829409,31.295826,74.260615,Phase 1
3,Lahore,2026,CS0147391,Grocery,High,829343,31.363999,74.449154,Phase 1
3,Lahore,2026,CS0130205,Supermarket,High,829224,31.406096,74.46179,Phase 1
3,Lahore,2026,CS0126858,Grocery,High,829089,31.485223,74.318648,Phase 1
3,Lahore,2026,CS0142575,Grocery,High,828552,31.40872,74.218996,Phase 1
3,Lahore,2026,CS0150069,Grocery,High,828403,31.428445,74.434824,Phase 1
3,Lahore,2026,CS0142688,Bakery,High,828218,31.484171,74.406949,Phase 1
3,Lahore,2026,CS0150668,Supermarket,High,828018,31.415308,74.32276,Phase 1
3,Lahore,2026,CS0145929,Grocery,High,827784,31.336634,74.481288,Phase 1
3,Lahore,2026,CS0150653,Grocery,High,827108,31.304138,74.158255,Phase 1
3,Lahore,2026,CS0137230,Grocery,High,827078,31.266032,74.212364,Phase 1
3,Lahore,2026,CS0134942,Pharmacy,High,826684,31.461853,74.358804,Phase 1
3,Lahore,2026,CS0142176,Grocery,High,826521,31.473919,74.38105,Phase 1
3,Lahore,2026,CS0150782,Supermarket,High,825259,31.387583,74.313605,Phase 1
3,Lahore,2026,CS0128662,Grocery,High,825024,31.455766,74.306978,Phase 1
3,Lahore,2026,CS0148660,Grocery,High,824808,31.493262,74.357416,Phase 1
3,Lahore,2026,CS0130903,Pharmacy,High,824163,31.391206,74.448846,Phase 1
3,Lahore,2026,CS0138678,Grocery,High,824053,31.402903,74.455278,Phase 1
3,Lahore,2026,CS0128073,Pharmacy,High,824002,31.395121,74.494432,Phase 1
3,Lahore,2026,CS0148733,Grocery,High,823996,31.437837,74.422685,Phase 1
3,Lahore,2026,CS0145518,Pharmacy,High,823773,31.436698,74.422781,Phase 1
3,Lahore,2026,CS0129047,Grocery,High,822960,31.493092,74.430164,Phase 1
3,Lahore,2026,CS0129118,Grocery,High,822416,31.500088,74.352086,Phase 1
3,Lahore,2026,CS0128454,Grocery,High,822106,31.387037,74.180775,Phase 1
3,Lahore,2026,CS0130165,Pharmacy,High,821842,31.468104,74.365849,Phase 1
3,Lahore,2026,CS0147284,Pharmacy,High,821355,31.307789,74.199011,Phase 1
3,Lahore,2026,CS0149763,Pharmacy,High,820960,31.55692,74.386008,Phase 1
3,Lahore,2026,CS0151219,Grocery,High,820903,31.296515,74.19558,Phase 1
3,Lahore,2026,CS0146665,Supermarket,High,819356,31.359289,74.461952,Phase 1
3,Lahore,2026,CS0134964,Grocery,High,818849,31.422546,74.374106,Phase 1
3,Lahore,2026,CS0131588,Bakery,High,817745,31.47158,74.408292,Phase 1
3,Lahore,2026,CS0130770,Bakery,High,817517,31.330937,74.237369,Phase 1
3,Lahore,2026,CS0143362,Grocery,High,817513,31.521284,74.344755,Phase 1
3,Lahore,2026,CS0147659,Grocery,High,816820,31.516179,74.360338,Phase 1
3,Lahore,2026,CS0148418,Petro Mart,High,816005,31.263411,74.205818,Phase 1
3,Lahore,2026,CS0137848,Bakery,High,815525,31.51324,74.382838,Phase 1
3,Lahore,2026,CS0136672,Pharmacy,High,815049,31.507464,74.380886,Phase 1
3,Lahore,2026,CS0132361,Grocery,High,814495,31.361587,74.367487,Phase 1
3,Lahore,2026,CS0133329,Grocery,High,814130,31.51449,74.31428,Phase 1
3,Lahore,2026,CS0135105,Supermarket,High,814016,31.446249,74.387336,Phase 1
3,Lahore,2026,CS0135697,Grocery,High,813474,31.483686,74.377199,Phase 1
3,Lahore,2026,CS0150165,Grocery,High,813338,31.498306,74.501569,Phase 1
3,Lahore,2026,CS0148466,Supermarket,High,812708,31.567867,74.364409,Phase 1
3,Lahore,2026,CS0132200,Pharmacy,High,812534,31.517299,74.437659,Phase 1
3,Lahore,2026,CS0134381,Pharmacy,High,812516,31.374889,74.381525,Phase 1
3,Lahore,2026,CS0132849,Supermarket,High,812479,31.262341,74.081708,Phase 1
3,Lahore,2026,CS0126870,Grocery,High,812285,31.43235,74.399962,Phase 1
3,Lahore,2026,CS0146386,Pharmacy,High,811988,31.361942,74.373068,Phase 1
3,Lahore,2026,CS0139099,Grocery,High,811604,31.312927,74.281702,Phase 1
3,Lahore,2026,CS0134294,Bakery,High,810769,31.253101,74.204265,Phase 1
3,Lahore,2026,CS0139807,Grocery,High,810631,31.447594,74.464541,Phase 1
3,Lahore,2026,CS0133767,Pharmacy,High,810259,31.470494,74.356982,Phase 1
3,Lahore,2026,CS0141120,Pharmacy,High,809344,31.350732,74.519382,Phase 1
3,Lahore,2026,CS0137358,Grocery,High,809117,31.542003,74.416459,Phase 1
3,Lahore,2026,CS0134866,Pharmacy,High,808873,31.241653,74.236553,Phase 1
3,Lahore,2026,CS0128519,Grocery,High,808007,31.249679,74.28576,Phase 1
3,Lahore,2026,CS0134754,Grocery,High,807903,31.283358,74.126423,Phase 1
3,Lahore,2026,CS0147233,Grocery,High,807794,31.309083,74.122439,Phase 1
3,Lahore,2026,CS0135289,Bakery,High,807337,31.351286,74.166521,Phase 1
3,Lahore,2026,CS0143657,Grocery,High,807089,31.287065,74.216622,Phase 1
3,Lahore,2026,CS0140144,Grocery,High,807041,31.523006,74.384321,Phase 1
3,Lahore,2026,CS0132332,Bakery,High,806861,31.559544,74.386545,Phase 1
3,Lahore,2026,CS0147975,Petro Mart,High,806719,31.238739,74.256664,Phase 1
3,Lahore,2026,CS0139857,Grocery,High,806716,31.463878,74.245533,Phase 1
3,Lahore,2026,CS0136144,Petro Mart,High,806367,31.51079,74.442374,Phase 1
3,Lahore,2026,CS0128173,Bakery,High,806355,31.421193,74.421569,Phase 1
3,Lahore,2026,CS0134765,Pharmacy,High,805955,31.481454,74.31988,Phase 1
3,Lahore,2026,CS0147417,Pharmacy,High,805633,31.502726,74.505418,Phase 1
3,Lahore,2026,CS0134157,Bakery,High,805329,31.37316,74.455916,Phase 1
3,Lahore,2026,CS0136949,Pharmacy,High,804857,31.267711,74.149798,Phase 1
3,Lahore,2026,CS0131834,Supermarket,High,803934,31.501562,74.374084,Phase 1
3,Lahore,2026,CS0139828,Grocery,High,803828,31.544973,74.333054,Phase 1
3,Lahore,2026,CS0140997,Grocery,High,803397,31.43965,74.392022,Phase 1
3,Lahore,2026,CS0129117,Grocery,High,802904,31.347006,74.046113,Phase 1
3,Lahore,2026,CS0135349,Bakery,High,802681,31.531131,74.453168,Phase 1
3,Lahore,2026,CS0139705,Pharmacy,High,802431,31.459539,74.313886,Phase 1
3,Lahore,2026,CS0137261,Bakery,High,802298,31.489893,74.465565,Phase 1
3,Lahore,2026,CS0130214,Grocery,High,802298,31.430366,74.421153,Phase 1
3,Lahore,2026,CS0147861,Bakery,High,799437,31.477609,74.382055,Phase 1
3,Lahore,2026,CS0138369,Petro Mart,High,799272,31.438355,74.457263,Phase 1
3,Lahore,2026,CS0136671,Grocery,High,799222,31.411843,74.334477,Phase 1
3,Lahore,2026,CS0130483,Grocery,High,798611,31.453264,74.41264,Phase 1
3,Lahore,2026,CS0129672,Bakery,High,798360,31.517844,74.351729,Phase 1
3,Lahore,2026,CS0140072,Pharmacy,High,797692,31.482794,74.393806,Phase 1
3,Lahore,2026,CS0132059,Grocery,High,797617,31.397041,74.238931,Phase 1
3,Lahore,2026,CS0140258,Grocery,High,797603,31.512009,74.413496,Phase 1
3,Lahore,2026,CS0148972,Petro Mart,High,797263,31.413094,74.4269,Phase 1
3,Lahore,2026,CS0134610,Grocery,High,797227,31.466218,74.361189,Phase 1
3,Lahore,2026,CS0127536,Grocery,High,797127,31.577248,74.529278,Phase 1
3,Lahore,2026,CS0147656,Pharmacy,High,796874,31.411048,74.515244,Phase 1
3,Lahore,2026,CS0137490,Pharmacy,High,796869,31.411975,74.468755,Phase 1
3,Lahore,2026,CS0128604,Supermarket,High,796683,31.335849,74.211386,Phase 1
3,Lahore,2026,CS0146085,Supermarket,High,796370,31.500391,74.369678,Phase 1
3,Lahore,2026,CS0127750,Grocery,High,796240,31.322269,74.421785,Phase 1
3,Lahore,2026,CS0133077,Bakery,High,795822,31.480693,74.45392,Phase 1
3,Lahore,2026,CS0134742,Supermarket,High,795635,31.463421,74.446793,Phase 1
3,Lahore,2026,CS0138032,Grocery,High,795153,31.471594,74.449443,Phase 1
3,Lahore,2026,CS0135986,Bakery,High,794362,31.469592,74.418446,Phase 1
3,Lahore,2026,CS0145042,Grocery,High,794276,31.314579,74.160827,Phase 1
3,Lahore,2026,CS0130939,Supermarket,High,793723,31.510084,74.390755,Phase 1
3,Lahore,2026,CS0142747,Grocery,High,793257,31.413824,74.466437,Phase 1
3,Lahore,2026,CS0146132,Bakery,High,792758,31.334708,74.138752,Phase 1
3,Lahore,2026,CS0143917,Petro Mart,High,792534,31.491851,74.501763,Phase 1
3,Lahore,2026,CS0136415,Grocery,High,792389,31.259047,74.218163,Phase 1
3,Lahore,2026,CS0132853,Pharmacy,High,792285,31.420115,74.320866,Phase 1
3,Lahore,2026,CS0140061,Grocery,High,791942,31.446334,74.35092,Phase 1
3,Lahore,2026,CS0146364,Grocery,High,791895,31.552451,74.346202,Phase 1
3,Lahore,2026,CS0143409,Grocery,High,791747,31.265167,74.125477,Phase 1
3,Lahore,2026,CS0137371,Grocery,High,791606,31.432153,74.331885,Phase 1
3,Lahore,2026,CS0147812,Grocery,High,791582,31.479963,74.395941,Phase 1
3,Lahore,2026,CS0129017,Pharmacy,High,791353,31.451231,74.288742,Phase 1
3,Lahore,2026,CS0137281,Bakery,High,791292,31.241064,74.241017,Phase 1
3,Lahore,2026,CS0151541,Grocery,High,791254,31.361092,74.332155,Phase 1
3,Lahore,2026,CS0148977,Supermarket,High,791072,31.445657,74.304417,Phase 1
3,Lahore,2026,CS0129961,Grocery,High,790807,31.298382,74.287412,Phase 1
3,Lahore,2026,CS0135864,Supermarket,High,790120,31.313313,74.41171,Phase 1
3,Lahore,2026,CS0151179,Grocery,High,789055,31.330877,74.499156,Phase 1
3,Lahore,2026,CS0135741,Grocery,High,788878,31.469643,74.419777,Phase 1
3,Lahore,2026,CS0140879,Bakery,High,788676,31.392019,74.514364,Phase 1
3,Lahore,2026,CS0147049,Petro Mart,High,788652,31.476554,74.396696,Phase 1
3,Lahore,2026,CS0131535,Grocery,High,788249,31.436697,74.402166,Phase 1
3,Lahore,2026,CS0128651,Pharmacy,High,787814,31.316715,74.205827,Phase 1
3,Lahore,2026,CS0127534,Grocery,High,787221,31.423194,74.423458,Phase 1
3,Lahore,2026,CS0141282,Grocery,High,787197,31.417717,74.407238,Phase 1
3,Lahore,2026,CS0133435,Grocery,High,786776,31.51424,74.467061,Phase 1
3,Lahore,2026,CS0137499,Grocery,High,786723,31.391782,74.45639,Phase 1
3,Lahore,2026,CS0135178,Pharmacy,High,786313,31.531071,74.315052,Phase 1
3,Lahore,2026,CS0140153,Grocery,High,786016,31.506701,74.330635,Phase 1
3,Lahore,2026,CS0127220,Pharmacy,High,785727,31.40381,74.49918,Phase 1
3,Lahore,2026,CS0129413,Grocery,High,784654,31.38311,74.505019,Phase 1
3,Lahore,2026,CS0135117,Grocery,High,784639,31.42535,74.452468,Phase 1
3,Lahore,2026,CS0135616,Grocery,High,784164,31.428164,74.313744,Phase 1
3,Lahore,2026,CS0131716,Grocery,High,783794,31.370668,74.222527,Phase 1
3,Lahore,2026,CS0151030,Grocery,High,783360,31.537558,74.396212,Phase 1
3,Lahore,2026,CS0149494,Grocery,High,783320,31.43916,74.32491,Phase 1
3,Lahore,2026,CS0130414,Grocery,High,783273,31.448531,74.474117,Phase 1
3,Lahore,2026,CS0128485,Pharmacy,High,781489,31.475123,74.451795,Phase 1
3,Lahore,2026,CS0149104,Petro Mart,High,781357,31.502488,74.340356,Phase 1
3,Lahore,2026,CS0140646,Grocery,High,780974,31.461827,74.37354,Phase 1
3,Lahore,2026,CS0132568,Bakery,High,780889,31.557274,74.520993,Phase 1
3,Lahore,2026,CS0148014,Grocery,High,780066,31.387172,74.463259,Phase 1
3,Lahore,2026,CS0148434,Supermarket,High,779812,31.252084,74.264694,Phase 1
3,Lahore,2026,CS0129740,Grocery,High,779779,31.369734,74.383019,Phase 1
3,Lahore,2026,CS0143767,Grocery,High,779171,31.496766,74.370826,Phase 1
3,Lahore,2026,CS0127538,Grocery,High,778749,31.469537,74.42309,Phase 1
3,Lahore,2026,CS0132500,Pharmacy,High,778744,31.348567,74.219646,Phase 1
3,Lahore,2026,CS0142100,Bakery,High,778584,31.578606,74.341843,Phase 1
3,Lahore,2026,CS0146810,Grocery,High,778425,31.493078,74.349232,Phase 1
3,Lahore,2026,CS0127238,Grocery,High,776554,31.42154,74.325341,Phase 1
3,Lahore,2026,CS0136282,Pharmacy,High,776100,31.352788,74.44729,Phase 1
3,Lahore,2026,CS0143796,Bakery,High,775305,31.378382,74.275093,Phase 1
3,Lahore,2026,CS0131185,Supermarket,High,775283,31.467474,74.38647,Phase 1
3,Lahore,2026,CS0148749,Grocery,High,775165,31.456874,74.219344,Phase 1
3,Lahore,2026,CS0139815,Grocery,High,775026,31.542469,74.412773,Phase 1
3,Lahore,2026,CS0144954,Grocery,High,774790,31.397131,74.425377,Phase 1
3,Lahore,2026,CS0141261,Bakery,High,774733,31.517198,74.48814,Phase 1
3,Lahore,2026,CS0127622,Bakery,High,774643,31.380703,74.15074,Phase 1
3,Lahore,2026,CS0141080,Grocery,High,774024,31.39662,74.460127,Phase 1
3,Lahore,2026,CS0131657,Grocery,High,773764,31.383707,74.411487,Phase 1
3,Lahore,2026,CS0136219,Petro Mart,High,773757,31.374094,74.493278,Phase 1
3,Lahore,2026,CS0147408,Grocery,High,773751,31.423636,74.491541,Phase 1
3,Lahore,2026,CS0141759,Grocery,High,773713,31.321426,74.19536,Phase 1
3,Lahore,2026,CS0127580,Pharmacy,High,773464,31.45735,74.325519,Phase 1
3,Lahore,2026,CS0130908,Grocery,High,773224,31.260313,74.297068,Phase 1
3,Lahore,2026,CS0150565,Petro Mart,High,773069,31.504967,74.411465,Phase 1
3,Lahore,2026,CS0135419,Pharmacy,High,772135,31.442169,74.560518,Phase 1
3,Lahore,2026,CS0137506,Grocery,High,772122,31.389769,74.472785,Phase 1
3,Lahore,2026,CS0144280,Bakery,High,772076,31.470642,74.369874,Phase 1
3,Lahore,2026,CS0149046,Grocery,High,771938,31.291627,74.207412,Phase 1
3,Lahore,2026,CS0139034,Grocery,High,771841,31.5022,74.411001,Phase 1
3,Lahore,2026,CS0148677,Bakery,High,771489,31.408684,74.395978,Phase 1
3,Lahore,2026,CS0132353,Grocery,High,770599,31.514704,74.405881,Phase 1
3,Lahore,2026,CS0128198,Pharmacy,High,770589,31.388056,74.446068,Phase 1
3,Lahore,2026,CS0145033,Supermarket,High,770529,31.424393,74.417294,Phase 1
3,Lahore,2026,CS0148470,Grocery,High,769355,31.44767,74.359325,Phase 1
3,Lahore,2026,CS0139555,Pharmacy,High,768877,31.459075,74.335999,Phase 1
3,Lahore,2026,CS0143415,Bakery,High,768825,31.334088,74.525579,Phase 1
3,Lahore,2026,CS0135001,Grocery,High,768778,31.243286,74.256345,Phase 1
3,Lahore,2026,CS0129583,Grocery,High,767972,31.406069,74.500282,Phase 1
3,Lahore,2026,CS0141789,Bakery,High,767854,31.316608,74.213568,Phase 1
3,Lahore,2026,CS0150794,Grocery,High,767774,31.342779,74.479769,Phase 1
3,Lahore,2026,CS0133093,Grocery,High,767234,31.461263,74.374272,Phase 1
3,Lahore,2026,CS0146943,Grocery,High,767166,31.608872,74.351537,Phase 1
3,Lahore,2027,CS0141860,Grocery,High,766914,31.518293,74.448191,Phase 1
3,Lahore,2027,CS0135029,Supermarket,High,766625,31.449944,74.384085,Phase 1
3,Lahore,2027,CS0147157,Grocery,High,766574,31.564697,74.428795,Phase 1
3,Lahore,2027,CS0136395,Grocery,High,766321,31.513167,74.390842,Phase 1
3,Lahore,2027,CS0128681,Bakery,High,766241,31.458407,74.480632,Phase 1
3,Lahore,2027,CS0142540,Grocery,High,765083,31.429755,74.399559,Phase 1
3,Lahore,2027,CS0134915,Grocery,High,764981,31.325758,74.268989,Phase 1
3,Lahore,2027,CS0128039,Grocery,High,764944,31.485145,74.363385,Phase 1
3,Lahore,2027,CS0141195,Grocery,High,764827,31.383294,74.352796,Phase 1
3,Lahore,2027,CS0137053,Grocery,High,764541,31.531112,74.437613,Phase 1
3,Lahore,2027,CS0134274,Grocery,High,764364,31.480489,74.461254,Phase 1
3,Lahore,2027,CS0134793,Pharmacy,High,764157,31.40003,74.517291,Phase 1
3,Lahore,2027,CS0132921,Grocery,High,764124,31.379814,74.322668,Phase 1
3,Lahore,2027,CS0147305,Grocery,High,763941,31.437065,74.287411,Phase 1
3,Lahore,2027,CS0127155,Bakery,High,763467,31.433345,74.450467,Phase 1
3,Lahore,2027,CS0129983,Grocery,High,763339,31.367306,74.36667,Phase 1
3,Lahore,2027,CS0128648,Bakery,High,763306,31.333484,74.23079,Phase 1
3,Lahore,2027,CS0146326,Bakery,High,763108,31.540024,74.375303,Phase 1
3,Lahore,2027,CS0140013,Grocery,High,762445,31.490124,74.425288,Phase 1
3,Lahore,2027,CS0137822,Grocery,High,762358,31.518849,74.429023,Phase 1
3,Lahore,2027,CS0127003,Supermarket,High,762311,31.275911,74.326101,Phase 1
3,Lahore,2027,CS0146792,Grocery,High,762054,31.265081,74.22779,Phase 1
3,Lahore,2027,CS0138190,Grocery,High,761399,31.292375,74.213887,Phase 1
3,Lahore,2027,CS0137074,Grocery,High,761092,31.526616,74.346766,Phase 1
3,Lahore,2027,CS0145352,Bakery,High,760778,31.454803,74.352426,Phase 1
3,Lahore,2027,CS0131176,Grocery,High,760445,31.397128,74.377273,Phase 1
3,Lahore,2027,CS0140097,Bakery,High,760437,31.45005,74.378289,Phase 1
3,Lahore,2027,CS0132338,Grocery,High,760347,31.546516,74.433694,Phase 1
3,Lahore,2027,CS0139592,Grocery,High,758192,31.480084,74.246234,Phase 1
3,Lahore,2027,CS0131636,Grocery,High,757793,31.296455,74.164569,Phase 1
3,Lahore,2027,CS0129021,Pharmacy,High,757764,31.473253,74.376553,Phase 1
3,Lahore,2027,CS0130953,Grocery,High,757267,31.260441,74.200055,Phase 1
3,Lahore,2027,CS0149378,Supermarket,High,757013,31.329406,74.26155,Phase 1
3,Lahore,2027,CS0135027,Pharmacy,High,756593,31.476465,74.462827,Phase 1
3,Lahore,2027,CS0146938,Petro Mart,High,755490,31.442362,74.411276,Phase 1
3,Lahore,2027,CS0136913,Grocery,High,755374,31.43797,74.483168,Phase 1
3,Lahore,2027,CS0136265,Grocery,High,755093,31.371258,74.456833,Phase 1
3,Lahore,2027,CS0134225,Grocery,High,754420,31.460149,74.357487,Phase 1
3,Lahore,2027,CS0140135,Pharmacy,High,754243,31.446717,74.545863,Phase 1
3,Lahore,2027,CS0140673,Grocery,High,752971,31.576289,74.374249,Phase 1
3,Lahore,2027,CS0139889,Grocery,High,752528,31.415533,74.501398,Phase 1
3,Lahore,2027,CS0136438,Grocery,High,752515,31.50201,74.386275,Phase 1
3,Lahore,2027,CS0147966,Grocery,High,752125,31.284721,74.08452,Phase 1
3,Lahore,2027,CS0130343,Grocery,High,752026,31.456126,74.360476,Phase 1
3,Lahore,2027,CS0128336,Grocery,High,751431,31.410239,74.354958,Phase 1
3,Lahore,2027,CS0144964,Supermarket,High,750755,31.297703,74.424317,Phase 1
3,Lahore,2027,CS0151225,Grocery,High,750192,31.552867,74.32823,Phase 1
3,Lahore,2027,CS0137564,Grocery,High,749939,31.486327,74.337758,Phase 1
3,Lahore,2027,CS0139945,Pharmacy,High,749501,31.444855,74.356643,Phase 1
3,Lahore,2027,CS0134864,Supermarket,High,749440,31.488358,74.445809,Phase 1
3,Lahore,2027,CS0136073,Grocery,High,749381,31.474323,74.468234,Phase 1
3,Lahore,2027,CS0149444,Bakery,High,748161,31.380934,74.361737,Phase 1
3,Lahore,2027,CS0129533,Grocery,High,748052,31.347615,74.213006,Phase 1
3,Lahore,2027,CS0141459,Grocery,High,747911,31.430291,74.442807,Phase 1
3,Lahore,2027,CS0143244,Grocery,High,747677,31.496248,74.413191,Phase 1
3,Lahore,2027,CS0130962,Grocery,High,747413,31.284325,74.187934,Phase 1
3,Lahore,2027,CS0136928,Bakery,High,747359,31.440024,74.40288,Phase 1
3,Lahore,2027,CS0148613,Bakery,High,746814,31.386534,74.411412,Phase 1
3,Lahore,2027,CS0135839,Grocery,High,744928,31.41496,74.269889,Phase 1
3,Lahore,2027,CS0137072,Grocery,High,744237,31.418602,74.559234,Phase 1
3,Lahore,2027,CS0129344,Grocery,High,743578,31.464851,74.205911,Phase 1
3,Lahore,2027,CS0140145,Pharmacy,High,743564,31.487381,74.446129,Phase 1
3,Lahore,2027,CS0150369,Grocery,High,742617,31.300305,74.172625,Phase 1
3,Lahore,2027,CS0126658,Grocery,High,742467,31.461271,74.461967,Phase 1
3,Lahore,2027,CS0144491,Pharmacy,High,741995,31.438393,74.430513,Phase 1
3,Lahore,2027,CS0133672,Grocery,High,741918,31.513378,74.385398,Phase 1
3,Lahore,2027,CS0141084,Bakery,High,741859,31.43074,74.477548,Phase 1
3,Lahore,2027,CS0149336,Grocery,High,741593,31.451122,74.286041,Phase 1
3,Lahore,2027,CS0130340,Grocery,High,741463,31.329933,74.406357,Phase 1
3,Lahore,2027,CS0138987,Grocery,High,741195,31.500214,74.468721,Phase 1
3,Lahore,2027,CS0149730,Grocery,High,741090,31.516126,74.374936,Phase 1
3,Lahore,2027,CS0136274,Grocery,High,740831,31.300439,74.184967,Phase 1
3,Lahore,2027,CS0138438,Grocery,High,740787,31.460543,74.449866,Phase 1
3,Lahore,2027,CS0149939,Grocery,High,740525,31.565188,74.321758,Phase 1
3,Lahore,2027,CS0148973,Grocery,High,740491,31.472784,74.372427,Phase 1
3,Lahore,2027,CS0128178,Grocery,High,739082,31.426096,74.467736,Phase 1
3,Lahore,2027,CS0143876,Bakery,High,738904,31.325073,74.415246,Phase 1
3,Lahore,2027,CS0146131,Grocery,High,738120,31.456449,74.448533,Phase 1
3,Lahore,2027,CS0141009,Grocery,High,738030,31.373631,74.410698,Phase 1
3,Lahore,2027,CS0151400,Supermarket,High,737767,31.386494,74.312366,Phase 1
3,Lahore,2027,CS0150090,Bakery,High,737681,31.260549,74.277415,Phase 1
3,Lahore,2027,CS0128543,Bakery,High,737521,31.431256,74.482827,Phase 1
3,Lahore,2027,CS0127377,Grocery,High,737350,31.293533,74.379152,Phase 1
3,Lahore,2027,CS0129891,Grocery,High,736567,31.439531,74.358747,Phase 1
3,Lahore,2027,CS0143323,Grocery,High,736295,31.489632,74.402634,Phase 1
3,Lahore,2027,CS0129710,Grocery,High,736257,31.42025,74.460465,Phase 1
3,Lahore,2027,CS0137437,Supermarket,High,735879,31.499681,74.396496,Phase 1
3,Lahore,2027,CS0151316,Pharmacy,High,735818,31.426702,74.354204,Phase 1
3,Lahore,2027,CS0145540,Petro Mart,High,735128,31.481811,74.388773,Phase 1
3,Lahore,2027,CS0129456,Grocery,High,734841,31.396304,74.518401,Phase 1
3,Lahore,2027,CS0132699,Pharmacy,High,734605,31.522534,74.466064,Phase 1
3,Lahore,2027,CS0148403,Grocery,High,734352,31.499218,74.425532,Phase 1
3,Lahore,2027,CS0139877,Grocery,High,734209,31.410254,74.397199,Phase 1
3,Lahore,2027,CS0137973,Petro Mart,High,733800,31.27281,74.159827,Phase 1
3,Lahore,2027,CS0148297,Grocery,High,733675,31.266417,74.192181,Phase 1
3,Lahore,2027,CS0145162,Grocery,High,732908,31.500312,74.340864,Phase 1
3,Lahore,2027,CS0148996,Bakery,High,732767,31.416037,74.474719,Phase 1
3,Lahore,2027,CS0148238,Bakery,High,732603,31.403587,74.513355,Phase 1
3,Lahore,2027,CS0130776,Grocery,High,732555,31.392999,74.205381,Phase 1
3,Lahore,2027,CS0134946,Supermarket,High,732337,31.482109,74.373467,Phase 1
3,Lahore,2027,CS0148177,Grocery,High,731949,31.474613,74.411047,Phase 1
3,Lahore,2027,CS0138589,Petro Mart,High,731822,31.443851,74.466384,Phase 1
3,Lahore,2027,CS0128852,Grocery,High,731443,31.589103,74.366851,Phase 1
3,Lahore,2027,CS0136259,Grocery,High,731275,31.5364,74.306911,Phase 1
3,Lahore,2027,CS0141107,Bakery,High,731256,31.475276,74.378346,Phase 1
3,Lahore,2027,CS0142473,Grocery,High,730739,31.293848,74.23545,Phase 1
3,Lahore,2027,CS0141038,Pharmacy,High,730196,31.421857,74.424662,Phase 1
3,Lahore,2027,CS0140913,Supermarket,High,730138,31.497239,74.445081,Phase 1
3,Lahore,2027,CS0149456,Pharmacy,High,729695,31.441473,74.391198,Phase 1
3,Lahore,2027,CS0147210,Grocery,High,729362,31.461794,74.416666,Phase 1
3,Lahore,2027,CS0132357,Pharmacy,High,728157,31.355758,74.153752,Phase 1
3,Lahore,2027,CS0128640,Grocery,High,728146,31.370334,74.396159,Phase 1
3,Lahore,2027,CS0142920,Grocery,High,727617,31.457258,74.349917,Phase 1
3,Lahore,2027,CS0143752,Pharmacy,High,727547,31.440897,74.343255,Phase 1
3,Lahore,2027,CS0139112,Pharmacy,High,727544,31.271,74.180688,Phase 1
3,Lahore,2027,CS0133695,Grocery,High,727439,31.400236,74.399715,Phase 1
3,Lahore,2027,CS0141019,Grocery,High,727367,31.390721,74.447782,Phase 1
3,Lahore,2027,CS0135732,Petro Mart,High,727142,31.391419,74.485029,Phase 1
3,Lahore,2027,CS0128382,Bakery,High,726997,31.498633,74.408459,Phase 1
3,Lahore,2027,CS0134995,Grocery,High,726588,31.47363,74.416259,Phase 1
3,Lahore,2027,CS0132373,Grocery,High,726195,31.481021,74.492253,Phase 1
3,Lahore,2027,CS0146299,Pharmacy,High,725871,31.441625,74.500841,Phase 1
3,Lahore,2027,CS0136604,Pharmacy,High,725617,31.469102,74.386871,Phase 1
3,Lahore,2027,CS0134812,Grocery,High,724596,31.390273,74.394456,Phase 1
3,Lahore,2027,CS0130838,Pharmacy,High,724354,31.455648,74.46517,Phase 1
3,Lahore,2027,CS0133520,Grocery,High,722997,31.388623,74.35423,Phase 1
3,Lahore,2027,CS0142816,Petro Mart,High,722384,31.433515,74.4578,Phase 1
3,Lahore,2027,CS0143598,Pharmacy,High,722285,31.559777,74.385231,Phase 1
3,Lahore,2027,CS0150931,Grocery,High,721093,31.438485,74.254823,Phase 1
3,Lahore,2027,CS0141011,Bakery,High,721061,31.341569,74.467968,Phase 1
3,Lahore,2027,CS0127098,Bakery,High,721028,31.611231,74.401855,Phase 1
3,Lahore,2027,CS0151428,Petro Mart,High,719953,31.280667,74.213355,Phase 1
3,Lahore,2027,CS0144464,Pharmacy,High,719725,31.48542,74.34366,Phase 1
3,Lahore,2027,CS0136874,Grocery,High,719313,31.396004,74.378906,Phase 1
3,Lahore,2027,CS0135610,Grocery,High,718789,31.57341,74.325304,Phase 1
3,Lahore,2027,CS0143663,Grocery,High,718531,31.334986,74.117701,Phase 1
3,Lahore,2027,CS0127935,Pharmacy,High,717880,31.278922,74.204855,Phase 1
3,Lahore,2027,CS0131710,Grocery,High,717569,31.543176,74.496624,Phase 1
3,Lahore,2027,CS0136483,Bakery,High,716415,31.48529,74.365601,Phase 1
3,Lahore,2027,CS0134074,Grocery,High,716300,31.458318,74.389789,Phase 1
3,Lahore,2027,CS0147164,Grocery,High,715536,31.54278,74.357382,Phase 1
3,Lahore,2027,CS0145738,Pharmacy,High,715021,31.519347,74.36806,Phase 1
3,Lahore,2027,CS0145849,Bakery,High,714812,31.467376,74.373358,Phase 1
3,Lahore,2027,CS0150873,Pharmacy,High,714807,31.482664,74.371066,Phase 1
3,Lahore,2027,CS0138251,Supermarket,High,714591,31.461388,74.419967,Phase 1
3,Lahore,2027,CS0146320,Grocery,High,714289,31.472799,74.352116,Phase 1
3,Lahore,2027,CS0126859,Bakery,High,713312,31.479364,74.379517,Phase 1
3,Lahore,2027,CS0136206,Pharmacy,High,713094,31.32289,74.39553,Phase 1
3,Lahore,2027,CS0137802,Supermarket,High,713040,31.283325,74.279306,Phase 1
3,Lahore,2027,CS0138814,Grocery,High,712472,31.343958,74.498649,Phase 1
3,Lahore,2027,CS0136491,Grocery,High,711174,31.546787,74.43823,Phase 1
3,Lahore,2027,CS0132133,Bakery,High,711170,31.365894,74.396131,Phase 1
3,Lahore,2027,CS0134778,Petro Mart,High,709834,31.29346,74.220672,Phase 1
3,Lahore,2027,CS0148076,Grocery,High,709802,31.386171,74.411486,Phase 1
3,Lahore,2027,CS0151526,Grocery,High,709529,31.477907,74.491751,Phase 1
3,Lahore,2027,CS0126985,Bakery,High,708878,31.497416,74.424007,Phase 1
3,Lahore,2027,CS0127050,Bakery,High,708633,31.325255,74.272961,Phase 1
3,Lahore,2027,CS0140459,Grocery,High,706723,31.42947,74.367441,Phase 1
3,Lahore,2027,CS0140365,Grocery,High,706674,31.440611,74.318585,Phase 1
3,Lahore,2027,CS0136230,Grocery,High,706404,31.357922,74.479763,Phase 1
3,Lahore,2027,CS0138753,Grocery,High,706389,31.423205,74.522749,Phase 1
3,Lahore,2027,CS0144774,Grocery,High,705681,31.526204,74.367084,Phase 1
3,Lahore,2027,CS0145558,Grocery,High,705305,31.422783,74.442095,Phase 1
3,Lahore,2027,CS0126848,Grocery,High,705126,31.443149,74.303567,Phase 1
3,Lahore,2027,CS0140053,Pharmacy,High,704146,31.421399,74.572978,Phase 1
3,Lahore,2027,CS0131630,Grocery,High,704093,31.549955,74.379006,Phase 1
3,Lahore,2027,CS0145616,Bakery,High,704037,31.325226,74.26192,Phase 1
3,Lahore,2027,CS0145316,Bakery,High,703785,31.337143,74.2611,Phase 1
3,Lahore,2027,CS0128477,Pharmacy,High,703734,31.274477,74.134538,Phase 1
3,Lahore,2027,CS0148482,Grocery,High,702445,31.510113,74.365252,Phase 1
3,Lahore,2027,CS0145589,Pharmacy,High,701682,31.476959,74.381446,Phase 1
3,Lahore,2027,CS0139033,Grocery,High,701402,31.350959,74.218251,Phase 1
3,Lahore,2027,CS0136741,Bakery,High,701241,31.457269,74.401557,Phase 1
3,Lahore,2027,CS0151049,Supermarket,High,700743,31.37293,74.457935,Phase 1
3,Lahore,2027,CS0127636,Grocery,High,700394,31.352913,74.316506,Phase 1
3,Lahore,2027,CS0127674,Grocery,High,699230,31.436432,74.463155,Phase 1
3,Lahore,2027,CS0136933,Grocery,High,699159,31.362063,74.423929,Phase 1
3,Lahore,2027,CS0137965,Grocery,High,699120,31.439064,74.219228,Phase 1
3,Lahore,2027,CS0150963,Bakery,High,698582,31.302292,74.367323,Phase 1
3,Lahore,2027,CS0133345,Petro Mart,High,698523,31.42374,74.346105,Phase 1
3,Lahore,2027,CS0129832,Grocery,High,698262,31.432073,74.400498,Phase 1
3,Lahore,2027,CS0143789,Supermarket,High,697954,31.502457,74.428672,Phase 1
3,Lahore,2027,CS0140690,Grocery,High,697808,31.48365,74.458842,Phase 1
3,Lahore,2027,CS0137553,Bakery,High,697046,31.381378,74.275728,Phase 1
3,Lahore,2027,CS0148077,Grocery,High,696880,31.429798,74.352309,Phase 1
3,Lahore,2027,CS0145721,Bakery,High,696614,31.428182,74.386413,Phase 1
3,Lahore,2027,CS0148719,Grocery,High,696439,31.29075,74.189739,Phase 1
3,Lahore,2027,CS0126668,Grocery,High,695543,31.437585,74.189695,Phase 1
3,Lahore,2027,CS0141202,Bakery,High,694649,31.518066,74.520743,Phase 1
3,Lahore,2027,CS0143037,Bakery,High,694394,31.49717,74.328163,Phase 1
3,Lahore,2027,CS0135422,Petro Mart,High,694369,31.519391,74.533702,Phase 1
3,Lahore,2027,CS0128291,Grocery,High,694276,31.52787,74.506837,Phase 1
3,Lahore,2027,CS0151429,Bakery,High,694139,31.446458,74.312348,Phase 1
3,Lahore,2027,CS0140853,Grocery,High,693648,31.455962,74.392933,Phase 1
3,Lahore,2027,CS0133400,Grocery,High,693430,31.269835,74.175734,Phase 1
3,Lahore,2027,CS0144570,Pharmacy,High,693240,31.4137,74.515568,Phase 1
3,Lahore,2027,CS0148756,Grocery,High,692755,31.462156,74.313938,Phase 1
3,Lahore,2027,CS0143271,Pharmacy,High,692638,31.375355,74.514372,Phase 1
3,Lahore,2027,CS0147254,Grocery,High,692537,31.489742,74.341003,Phase 1
3,Lahore,2027,CS0135296,Bakery,High,692377,31.537544,74.325528,Phase 1
3,Lahore,2027,CS0134542,Pharmacy,High,692321,31.464629,74.47863,Phase 1
3,Lahore,2027,CS0133198,Grocery,High,692152,31.472999,74.362996,Phase 1
3,Lahore,2027,CS0146212,Supermarket,High,692076,31.269779,74.257125,Phase 1
3,Lahore,2027,CS0151577,Grocery,High,691713,31.424268,74.332097,Phase 1
3,Lahore,2027,CS0150138,Grocery,High,691671,31.290563,74.134809,Phase 1
3,Lahore,2027,CS0149599,Grocery,High,691513,31.500736,74.431399,Phase 1
3,Lahore,2027,CS0137571,Grocery,High,691134,31.263746,74.164581,Phase 1
3,Lahore,2027,CS0139010,Grocery,High,690899,31.320146,74.144367,Phase 1
3,Lahore,2027,CS0134798,Pharmacy,High,690703,31.44285,74.468916,Phase 1
3,Lahore,2027,CS0143297,Grocery,High,689991,31.428298,74.573384,Phase 1
3,Lahore,2027,CS0140031,Pharmacy,High,689254,31.459836,74.382775,Phase 1
3,Lahore,2027,CS0140251,Grocery,High,689022,31.47456,74.378764,Phase 1
3,Lahore,2027,CS0135241,Pharmacy,High,689014,31.262521,74.119109,Phase 1
3,Lahore,2027,CS0142832,Grocery,High,688874,31.24682,74.186879,Phase 1
3,Lahore,2027,CS0133278,Supermarket,High,687875,31.410419,74.503689,Phase 1
3,Lahore,2027,CS0150921,Grocery,High,687748,31.412108,74.393653,Phase 1
3,Lahore,2027,CS0137450,Grocery,High,687683,31.462401,74.411964,Phase 1
3,Lahore,2027,CS0147856,Pharmacy,High,687638,31.279659,74.14178,Phase 1
3,Lahore,2027,CS0127239,Grocery,High,687314,31.43994,74.340387,Phase 1
3,Lahore,2027,CS0134006,Bakery,High,687228,31.280206,74.369816,Phase 1
3,Lahore,2027,CS0148163,Grocery,High,687197,31.605817,74.285996,Phase 1
3,Lahore,2027,CS0151215,Bakery,High,686695,31.336608,74.309934,Phase 1
3,Lahore,2027,CS0130518,Bakery,High,686492,31.258814,74.242107,Phase 1
3,Lahore,2027,CS0135970,Pharmacy,High,686306,31.528272,74.368568,Phase 1
3,Lahore,2027,CS0137611,Supermarket,High,684722,31.468865,74.547288,Phase 1
3,Lahore,2027,CS0128781,Grocery,High,684434,31.300653,74.236853,Phase 1
3,Lahore,2027,CS0146940,Grocery,High,684340,31.451296,74.307225,Phase 1
3,Lahore,2027,CS0141300,Grocery,High,683778,31.50827,74.349116,Phase 1
3,Lahore,2027,CS0127017,Pharmacy,High,683647,31.450445,74.444495,Phase 1
3,Lahore,2027,CS0148987,Bakery,High,683042,31.572093,74.450746,Phase 1
3,Lahore,2027,CS0128044,Grocery,High,682350,31.473959,74.299867,Phase 1
3,Lahore,2027,CS0148767,Grocery,High,681981,31.459007,74.401833,Phase 1
3,Lahore,2027,CS0144699,Supermarket,High,681187,31.465132,74.436839,Phase 1
3,Lahore,2027,CS0145148,Bakery,High,680640,31.348326,74.457249,Phase 1
3,Lahore,2027,CS0143091,Petro Mart,High,680453,31.350431,74.3405,Phase 1
3,Lahore,2027,CS0149593,Grocery,High,679805,31.424881,74.439493,Phase 1
3,Lahore,2027,CS0139331,Grocery,High,678869,31.272458,74.045286,Phase 1
3,Lahore,2027,CS0146356,Grocery,High,677969,31.414127,74.4212,Phase 1
3,Lahore,2027,CS0148722,Supermarket,High,677596,31.42496,74.364326,Phase 1
3,Lahore,2027,CS0139859,Grocery,High,677517,31.464146,74.45542,Phase 1
3,Lahore,2027,CS0148165,Grocery,High,676875,31.536933,74.475341,Phase 1
3,Lahore,2027,CS0129937,Pharmacy,High,676638,31.268088,74.104637,Phase 1
3,Lahore,2027,CS0134415,Grocery,High,676621,31.318684,74.250248,Phase 1
3,Lahore,2027,CS0142463,Grocery,High,676170,31.375097,74.255963,Phase 1
3,Lahore,2027,CS0134422,Grocery,High,675992,31.347959,74.215649,Phase 1
3,Lahore,2027,CS0148806,Grocery,High,675835,31.427861,74.37855,Phase 1
3,Lahore,2027,CS0142624,Petro Mart,High,675535,31.471261,74.350827,Phase 1
3,Lahore,2027,CS0139002,Grocery,High,675107,31.416059,74.550899,Phase 1
3,Lahore,2027,CS0150081,Grocery,High,674752,31.2744,74.112619,Phase 1
3,Lahore,2027,CS0147600,Grocery,High,674627,31.368371,74.484882,Phase 1
3,Lahore,2027,CS0151318,Grocery,High,673300,31.322839,74.110147,Phase 1
3,Lahore,2027,CS0130567,Pharmacy,High,673292,31.439399,74.384251,Phase 1
3,Lahore,2027,CS0141908,Bakery,High,672827,31.321279,74.311346,Phase 1
3,Lahore,2027,CS0144992,Grocery,High,672525,31.282353,74.055354,Phase 1
3,Lahore,2027,CS0146486,Grocery,High,671982,31.536678,74.429877,Phase 1
3,Lahore,2027,CS0149606,Pharmacy,High,671930,31.482241,74.301736,Phase 1
3,Lahore,2027,CS0142910,Grocery,High,671641,31.429346,74.48587,Phase 1
3,Lahore,2027,CS0150023,Bakery,High,671463,31.355229,74.262123,Phase 1
3,Lahore,2027,CS0135297,Grocery,High,671375,31.409628,74.345205,Phase 1
3,Lahore,2027,CS0127478,Grocery,High,671356,31.357876,74.472057,Phase 1
3,Lahore,2027,CS0151514,Grocery,High,670843,31.511663,74.415736,Phase 1
3,Lahore,2027,CS0131229,Grocery,High,670483,31.386781,74.532052,Phase 1
3,Lahore,2027,CS0132374,Pharmacy,High,670369,31.424219,74.253227,Phase 1
3,Lahore,2027,CS0139537,Grocery,High,670186,31.467885,74.3939,Phase 1
3,Lahore,2027,CS0145207,Pharmacy,High,668492,31.238563,74.220285,Phase 1
3,Lahore,2027,CS0133336,Pharmacy,High,668412,31.475204,74.399916,Phase 1
3,Lahore,2027,CS0151441,Grocery,High,668332,31.411054,74.477138,Phase 1
3,Lahore,2027,CS0146949,Grocery,High,668012,31.270114,74.213042,Phase 1
3,Lahore,2027,CS0149112,Grocery,High,667856,31.404928,74.419453,Phase 1
3,Lahore,2027,CS0149906,Supermarket,High,666867,31.364035,74.441646,Phase 1
3,Lahore,2027,CS0145217,Grocery,High,666854,31.493358,74.359215,Phase 1
3,Lahore,2027,CS0127498,Supermarket,High,666350,31.566035,74.406067,Phase 1
3,Lahore,2027,CS0132112,Grocery,High,666158,31.556871,74.38228,Phase 1
3,Lahore,2027,CS0138132,Bakery,High,665905,31.56072,74.402241,Phase 1
3,Lahore,2027,CS0134952,Bakery,High,665848,31.314705,74.3761,Phase 1
3,Lahore,2027,CS0142690,Supermarket,High,665593,31.477762,74.239555,Phase 1
3,Lahore,2027,CS0137038,Grocery,High,665206,31.547661,74.46352,Phase 1
3,Lahore,2027,CS0145384,Grocery,High,664133,31.443659,74.380207,Phase 1
3,Lahore,2027,CS0133492,Pharmacy,High,663751,31.321963,74.505592,Phase 1
3,Lahore,2027,CS0147247,Grocery,High,663654,31.378056,74.432848,Phase 1
3,Lahore,2027,CS0129641,Grocery,High,663476,31.445928,74.426934,Phase 1
3,Lahore,2027,CS0138679,Bakery,High,663454,31.358688,74.42626,Phase 1
3,Lahore,2027,CS0150013,Grocery,High,663402,31.443272,74.391513,Phase 1
3,Lahore,2027,CS0146512,Grocery,High,663268,31.548898,74.377391,Phase 1
3,Lahore,2027,CS0143105,Grocery,High,663248,31.354969,74.41666,Phase 1
3,Lahore,2027,CS0148502,Supermarket,High,662823,31.406488,74.452114,Phase 1
3,Lahore,2027,CS0144990,Grocery,High,661476,31.455232,74.516467,Phase 1
3,Lahore,2027,CS0129164,Grocery,High,661359,31.46822,74.330579,Phase 1
3,Lahore,2027,CS0134427,Pharmacy,High,661197,31.410176,74.43123,Phase 1
3,Lahore,2027,CS0151439,Bakery,High,661116,31.471722,74.248257,Phase 1
3,Lahore,2027,CS0141747,Grocery,High,660850,31.26613,74.261043,Phase 1
3,Lahore,2027,CS0146332,Pharmacy,High,660321,31.516567,74.48394,Phase 1
3,Lahore,2027,CS0146654,Petro Mart,High,660155,31.419879,74.425066,Phase 1
3,Lahore,2027,CS0146591,Bakery,High,659330,31.348158,74.232237,Phase 1
3,Lahore,2027,CS0129668,Supermarket,High,659124,31.435786,74.430641,Phase 1
3,Lahore,2027,CS0128665,Grocery,High,659093,31.462584,74.352783,Phase 1
3,Lahore,2027,CS0141790,Grocery,High,658520,31.495219,74.424112,Phase 1
3,Lahore,2027,CS0138730,Grocery,High,658350,31.547512,74.495044,Phase 1
3,Lahore,2027,CS0145132,Bakery,High,657842,31.246985,74.231354,Phase 1
3,Lahore,2027,CS0145792,Grocery,High,657718,31.307201,74.17137,Phase 1
3,Lahore,2027,CS0127641,Supermarket,High,657529,31.558883,74.270839,Phase 1
3,Lahore,2027,CS0142826,Grocery,High,656920,31.298935,74.270761,Phase 1
3,Lahore,2027,CS0131367,Grocery,High,656543,31.416168,74.355937,Phase 1
3,Lahore,2027,CS0143884,Grocery,High,656377,31.478499,74.410739,Phase 1
3,Lahore,2027,CS0143178,Grocery,High,655841,31.405324,74.431095,Phase 1
3,Lahore,2027,CS0137014,Bakery,High,655294,31.5711,74.327725,Phase 1
3,Lahore,2027,CS0135454,Grocery,High,655025,31.51707,74.481406,Phase 1
3,Lahore,2027,CS0140676,Grocery,High,654851,31.400417,74.387927,Phase 1
3,Lahore,2027,CS0143270,Grocery,High,654606,31.466248,74.369013,Phase 1
3,Lahore,2027,CS0138895,Grocery,High,654115,31.304303,74.166645,Phase 1
3,Lahore,2027,CS0149244,Supermarket,High,654104,31.466906,74.467459,Phase 1
3,Lahore,2027,CS0142478,Petro Mart,High,654086,31.428242,74.410778,Phase 1
3,Lahore,2027,CS0130536,Supermarket,High,654039,31.399897,74.378392,Phase 1
3,Lahore,2027,CS0137992,Grocery,High,653294,31.455472,74.285341,Phase 1
3,Lahore,2027,CS0139251,Pharmacy,High,653257,31.473831,74.481093,Phase 1
3,Lahore,2027,CS0132129,Grocery,High,652917,31.432572,74.363643,Phase 1
3,Lahore,2027,CS0128233,Pharmacy,High,652625,31.443881,74.430454,Phase 1
3,Lahore,2027,CS0145389,Grocery,High,652492,31.349855,74.424669,Phase 1
3,Lahore,2027,CS0149820,Grocery,High,652448,31.595476,74.358041,Phase 1
3,Lahore,2027,CS0148507,Pharmacy,High,652246,31.334621,74.21055,Phase 1
3,Lahore,2027,CS0128853,Grocery,High,651491,31.442535,74.472012,Phase 1
3,Lahore,2027,CS0129103,Grocery,High,650487,31.408585,74.469274,Phase 1
3,Lahore,2027,CS0144909,Grocery,High,650265,31.325776,74.469559,Phase 1
3,Lahore,2027,CS0134300,Pharmacy,High,650145,31.293006,74.325224,Phase 1
3,Lahore,2027,CS0137694,Grocery,High,649811,31.346867,74.447642,Phase 1
3,Lahore,2027,CS0131789,Pharmacy,High,648410,31.422439,74.5395,Phase 1
3,Lahore,2027,CS0151241,Grocery,High,648240,31.404929,74.468103,Phase 1
3,Lahore,2027,CS0146733,Grocery,High,647714,31.557332,74.330507,Phase 1
3,Lahore,2027,CS0143738,Petro Mart,High,647699,31.46889,74.38396,Phase 1
3,Lahore,2027,CS0135751,Grocery,High,647240,31.317315,74.188671,Phase 1
3,Lahore,2027,CS0142918,Bakery,High,645635,31.412316,74.374737,Phase 1
3,Lahore,2027,CS0129653,Bakery,High,645361,31.449625,74.292569,Phase 1
3,Lahore,2027,CS0140114,Petro Mart,High,645358,31.429197,74.422874,Phase 1
3,Lahore,2027,CS0142161,Pharmacy,High,644402,31.530473,74.376954,Phase 1
3,Lahore,2027,CS0146586,Grocery,High,644100,31.335153,74.141092,Phase 1
3,Lahore,2027,CS0133750,Bakery,High,643781,31.289316,74.152956,Phase 1
3,Lahore,2027,CS0143809,Grocery,High,643685,31.234191,74.204292,Phase 1
3,Lahore,2027,CS0147737,Grocery,High,643581,31.543714,74.366194,Phase 1
3,Lahore,2027,CS0139497,Grocery,High,643420,31.569482,74.466634,Phase 1
3,Lahore,2027,CS0145241,Bakery,High,643231,31.451065,74.369511,Phase 1
3,Lahore,2027,CS0143589,Grocery,High,643196,31.445031,74.368822,Phase 1
3,Lahore,2027,CS0145423,Bakery,High,642943,31.476555,74.393589,Phase 1
3,Lahore,2027,CS0145269,Bakery,High,642167,31.486426,74.391679,Phase 1
3,Lahore,2027,CS0129733,Bakery,High,641998,31.548258,74.418705,Phase 1
3,Lahore,2027,CS0147466,Pharmacy,High,641989,31.319896,74.393833,Phase 1
3,Lahore,2027,CS0136894,Pharmacy,High,641765,31.333676,74.236573,Phase 1
3,Lahore,2027,CS0143751,Grocery,High,641236,31.424344,74.508965,Phase 1
3,Lahore,2027,CS0139708,Pharmacy,High,640345,31.431159,74.428273,Phase 1
3,Lahore,2027,CS0132099,Grocery,High,640333,31.412623,74.404818,Phase 1
3,Lahore,2027,CS0137118,Grocery,High,640059,31.473819,74.527852,Phase 1
3,Lahore,2027,CS0148372,Grocery,High,639536,31.360493,74.197157,Phase 1
3,Lahore,2027,CS0134247,Grocery,High,639275,31.425005,74.318759,Phase 1
3,Lahore,2027,CS0138651,Bakery,High,639063,31.57544,74.497296,Phase 1
3,Lahore,2027,CS0150542,Grocery,High,638779,31.52234,74.365313,Phase 1
3,Lahore,2027,CS0143023,Petro Mart,High,638693,31.490584,74.462363,Phase 1
3,Lahore,2027,CS0148588,Bakery,High,638624,31.443272,74.335915,Phase 1
3,Lahore,2027,CS0149597,Bakery,High,638611,31.499569,74.396009,Phase 1
3,Lahore,2027,CS0129605,Grocery,High,637203,31.470054,74.485077,Phase 1
3,Lahore,2027,CS0139487,Supermarket,High,636964,31.301717,74.126302,Phase 1
3,Lahore,2027,CS0137130,Grocery,High,636486,31.612341,74.33316,Phase 1
3,Lahore,2027,CS0137359,Grocery,High,635875,31.492219,74.381423,Phase 1
3,Lahore,2027,CS0127444,Bakery,High,635748,31.348688,74.492286,Phase 1
3,Lahore,2027,CS0140433,Petro Mart,High,635567,31.30552,74.183057,Phase 1
3,Lahore,2027,CS0145761,Grocery,High,635203,31.47836,74.498542,Phase 1
3,Lahore,2027,CS0131388,Supermarket,High,635184,31.433697,74.39913,Phase 1
3,Lahore,2027,CS0141133,Petro Mart,High,634962,31.535386,74.312696,Phase 1
3,Lahore,2027,CS0146168,Grocery,High,634785,31.366158,74.489936,Phase 1
3,Lahore,2027,CS0136294,Pharmacy,High,634577,31.2889,74.216293,Phase 1
3,Lahore,2027,CS0142175,Grocery,High,634431,31.410397,74.397512,Phase 1
3,Lahore,2027,CS0138277,Grocery,High,634248,31.464242,74.388696,Phase 1
3,Lahore,2027,CS0144484,Petro Mart,High,634235,31.482313,74.272452,Phase 1
3,Lahore,2027,CS0141976,Grocery,High,634133,31.453669,74.359973,Phase 1
3,Lahore,2027,CS0132882,Grocery,High,634041,31.257073,74.264566,Phase 1
3,Lahore,2027,CS0146300,Supermarket,High,633864,31.473758,74.42446,Phase 1
3,Lahore,2027,CS0141732,Grocery,High,633284,31.303137,74.293919,Phase 1
3,Lahore,2027,CS0142979,Grocery,High,632735,31.431433,74.439767,Phase 1
3,Lahore,2027,CS0126727,Grocery,High,632403,31.357335,74.137756,Phase 1
3,Lahore,2027,CS0149259,Bakery,High,632381,31.327502,74.456626,Phase 1
3,Lahore,2027,CS0150656,Grocery,High,632080,31.348779,74.4024,Phase 1
3,Lahore,2027,CS0147733,Supermarket,High,631869,31.270128,74.226525,Phase 1
3,Lahore,2027,CS0147679,Grocery,High,631682,31.296047,74.130925,Phase 1
3,Lahore,2027,CS0132448,Bakery,High,631005,31.371676,74.40614,Phase 1
3,Lahore,2027,CS0135108,Grocery,High,630943,31.551794,74.355082,Phase 1
3,Lahore,2027,CS0151543,Bakery,High,630452,31.544641,74.39366,Phase 1
3,Lahore,2027,CS0151183,Supermarket,High,629424,31.268646,74.138896,Phase 1
3,Lahore,2027,CS0149919,Grocery,High,628871,31.3144,74.478134,Phase 1
3,Lahore,2027,CS0143815,Grocery,High,628043,31.398911,74.465359,Phase 1
3,Lahore,2027,CS0150615,Grocery,High,627903,31.472418,74.392297,Phase 1
3,Lahore,2027,CS0144794,Grocery,High,627447,31.388141,74.507924,Phase 1
3,Lahore,2027,CS0145516,Petro Mart,High,627292,31.289246,74.139249,Phase 1
3,Lahore,2027,CS0151345,Grocery,High,627291,31.37802,74.443169,Phase 1
3,Lahore,2027,CS0135604,Grocery,High,626843,31.437548,74.323305,Phase 1
3,Lahore,2027,CS0137187,Grocery,High,626834,31.401776,74.410512,Phase 1
4,Gujranwala,2025,CS0174528,Petro Mart,High,1952116,32.130255,74.014204,Phase 1
4,Gujranwala,2025,CS0175222,Grocery,High,1860718,32.24383,74.152139,Phase 1
4,Gujranwala,2025,CS0177106,Grocery,High,1737477,32.174479,73.997233,Phase 1
4,Gujranwala,2025,CS0172477,Grocery,High,1715463,32.196827,74.063163,Phase 1
4,Gujranwala,2025,CS0173303,Grocery,High,1672447,32.28054,74.115539,Phase 1
4,Gujranwala,2025,CS0178199,Grocery,High,1652782,32.144814,74.125317,Phase 1
4,Gujranwala,2025,CS0175213,Grocery,High,1623802,32.309175,73.942886,Phase 1
4,Gujranwala,2025,CS0175276,Grocery,High,1597214,31.924718,74.223717,Phase 1
4,Gujranwala,2025,CS0177579,Grocery,High,1595579,32.16284,74.133215,Phase 1
4,Gujranwala,2025,CS0173079,Grocery,High,1594387,32.151038,74.165314,Phase 1
4,Gujranwala,2025,CS0170788,Bakery,High,1576912,32.204083,73.955597,Phase 1
4,Gujranwala,2025,CS0175232,Supermarket,High,1544440,31.994822,74.27201,Phase 1
4,Gujranwala,2025,CS0172298,Grocery,High,1538506,32.214918,74.15584,Phase 1
4,Gujranwala,2025,CS0175613,Bakery,High,1534814,31.931596,74.246084,Phase 1
4,Gujranwala,2025,CS0172703,Pharmacy,High,1532982,32.119162,74.189196,Phase 1
4,Gujranwala,2025,CS0171567,Bakery,High,1517131,31.88353,74.129078,Phase 1
4,Gujranwala,2025,CS0176819,Grocery,High,1512704,32.348739,74.15087,Phase 1
4,Gujranwala,2025,CS0173085,Grocery,High,1477710,32.170145,73.885039,Phase 1
4,Gujranwala,2025,CS0175132,Bakery,High,1457886,32.088669,74.033682,Phase 1
4,Gujranwala,2025,CS0176445,Grocery,High,1453447,32.0842,73.984549,Phase 1
4,Gujranwala,2025,CS0170812,Grocery,High,1449317,32.198213,74.045338,Phase 1
4,Gujranwala,2025,CS0174078,Grocery,High,1403979,32.141956,73.977439,Phase 1
4,Gujranwala,2025,CS0174683,Pharmacy,High,1378321,31.883689,74.268016,Phase 1
4,Gujranwala,2025,CS0172067,Grocery,High,1367494,31.871375,74.272334,Phase 1
4,Gujranwala,2025,CS0170955,Grocery,High,1354923,32.211672,73.994346,Phase 1
4,Gujranwala,2025,CS0173900,Grocery,High,1350021,32.099637,74.115649,Phase 1
4,Gujranwala,2025,CS0174706,Supermarket,High,1342808,32.181703,74.173248,Phase 1
4,Gujranwala,2025,CS0176071,Grocery,High,1341595,32.305923,73.96604,Phase 1
4,Gujranwala,2025,CS0175668,Pharmacy,High,1318538,32.206173,74.016376,Phase 1
4,Gujranwala,2025,CS0171846,Grocery,High,1317864,32.19421,73.914499,Phase 1
4,Gujranwala,2025,CS0176157,Grocery,High,1311821,32.293454,74.092981,Phase 1
4,Gujranwala,2025,CS0174665,Grocery,High,1310432,31.984447,74.021121,Phase 1
4,Gujranwala,2025,CS0171943,Supermarket,High,1306308,32.188332,74.112992,Phase 1
4,Gujranwala,2025,CS0170876,Grocery,High,1297334,32.148941,73.976735,Phase 1
4,Gujranwala,2025,CS0172432,Pharmacy,High,1295438,32.054205,73.87627,Phase 1
4,Gujranwala,2025,CS0171448,Bakery,High,1292596,32.183007,74.032461,Phase 1
4,Gujranwala,2025,CS0176663,Grocery,High,1289975,32.349554,74.112919,Phase 1
4,Gujranwala,2025,CS0176835,Grocery,High,1285541,32.175846,74.170874,Phase 1
4,Gujranwala,2025,CS0174505,Grocery,High,1284473,32.18545,74.027853,Phase 1
4,Gujranwala,2025,CS0174873,Grocery,High,1283854,32.076509,74.112784,Phase 1
4,Gujranwala,2025,CS0174073,Supermarket,High,1283818,32.130295,74.057704,Phase 1
4,Gujranwala,2025,CS0174162,Grocery,High,1281432,32.274996,73.935184,Phase 1
4,Gujranwala,2025,CS0170982,Grocery,High,1267497,32.250982,74.166577,Phase 1
4,Gujranwala,2025,CS0171950,Grocery,High,1259112,31.922553,74.252299,Phase 1
4,Gujranwala,2025,CS0170867,Grocery,High,1253567,32.089778,74.037577,Phase 1
4,Gujranwala,2025,CS0171057,Grocery,High,1249573,32.08341,74.026105,Phase 1
4,Gujranwala,2025,CS0170565,Grocery,High,1247812,32.380827,73.993917,Phase 1
4,Gujranwala,2025,CS0170592,Grocery,High,1242387,32.141776,74.144229,Phase 1
4,Gujranwala,2025,CS0175774,Grocery,High,1234369,32.149509,74.023954,Phase 1
4,Gujranwala,2025,CS0170083,Bakery,High,1233619,32.122228,73.945952,Phase 1
4,Gujranwala,2025,CS0173618,Grocery,High,1232745,32.112744,74.060815,Phase 1
4,Gujranwala,2025,CS0170480,Grocery,High,1230973,32.063602,74.093698,Phase 1
4,Gujranwala,2025,CS0175074,Petro Mart,High,1223152,32.181182,73.990861,Phase 1
4,Gujranwala,2025,CS0172771,Grocery,High,1222436,32.250077,74.105306,Phase 1
4,Gujranwala,2025,CS0176126,Grocery,High,1222165,32.251509,73.945477,Phase 1
4,Gujranwala,2025,CS0174807,Grocery,High,1217998,32.243617,74.04683,Phase 1
4,Gujranwala,2025,CS0172236,Grocery,High,1214299,32.292493,73.992617,Phase 1
4,Gujranwala,2025,CS0171180,Bakery,High,1211343,32.036294,74.063683,Phase 1
4,Gujranwala,2025,CS0173977,Grocery,High,1207659,32.207571,74.052467,Phase 1
4,Gujranwala,2025,CS0171462,Supermarket,High,1206349,32.181853,74.112989,Phase 1
4,Gujranwala,2025,CS0171687,Pharmacy,High,1200678,32.162776,74.069005,Phase 1
4,Gujranwala,2025,CS0170051,Grocery,High,1199363,32.232382,74.006889,Phase 1
4,Gujranwala,2025,CS0174326,Grocery,High,1191771,32.227462,74.170039,Phase 1
4,Gujranwala,2025,CS0177660,Bakery,High,1189276,32.29953,74.053307,Phase 1
4,Gujranwala,2025,CS0169902,Grocery,High,1189177,32.149733,74.075475,Phase 1
4,Gujranwala,2025,CS0173273,Grocery,High,1188945,32.201678,73.976287,Phase 1
4,Gujranwala,2025,CS0176388,Bakery,High,1186869,32.232277,74.067178,Phase 1
4,Gujranwala,2025,CS0171817,Bakery,High,1182825,32.252043,74.00613,Phase 1
4,Gujranwala,2025,CS0177658,Grocery,High,1179527,32.244545,74.067379,Phase 1
4,Gujranwala,2025,CS0172598,Supermarket,High,1179260,32.145716,74.047496,Phase 1
4,Gujranwala,2025,CS0174266,Grocery,High,1176465,32.289243,74.031995,Phase 1
4,Gujranwala,2025,CS0178000,Grocery,High,1163510,32.198605,73.985986,Phase 1
4,Gujranwala,2025,CS0170577,Grocery,High,1161321,32.142692,74.016659,Phase 1
4,Gujranwala,2025,CS0173127,Bakery,High,1157778,31.932033,74.266608,Phase 1
4,Gujranwala,2025,CS0173086,Grocery,High,1152884,32.11239,73.997445,Phase 1
4,Gujranwala,2025,CS0177724,Grocery,High,1152111,32.156901,73.858768,Phase 1
4,Gujranwala,2025,CS0170903,Grocery,High,1150188,32.246497,74.026178,Phase 1
4,Gujranwala,2025,CS0175775,Petro Mart,High,1149697,32.268945,73.960396,Phase 1
4,Gujranwala,2025,CS0171372,Supermarket,High,1144202,32.209839,74.114818,Phase 1
4,Gujranwala,2025,CS0177994,Grocery,High,1134811,31.891206,74.193536,Phase 1
4,Gujranwala,2025,CS0172261,Grocery,High,1128307,32.29971,74.161877,Phase 1
4,Gujranwala,2025,CS0170653,Grocery,High,1124136,32.316519,74.199238,Phase 1
4,Gujranwala,2025,CS0171685,Grocery,High,1122233,32.038924,73.936739,Phase 1
4,Gujranwala,2025,CS0173035,Grocery,High,1120975,32.225119,74.009521,Phase 1
4,Gujranwala,2025,CS0177196,Bakery,High,1119247,32.161155,74.117414,Phase 1
4,Gujranwala,2025,CS0176855,Grocery,High,1116786,32.262941,73.986455,Phase 1
4,Gujranwala,2025,CS0174187,Pharmacy,High,1115308,32.258343,74.018658,Phase 1
4,Gujranwala,2025,CS0177502,Bakery,High,1114980,31.884531,74.158488,Phase 1
4,Gujranwala,2025,CS0173012,Grocery,High,1113059,32.159937,74.048196,Phase 1
4,Gujranwala,2025,CS0176952,Grocery,High,1111848,32.207772,74.002643,Phase 1
4,Gujranwala,2025,CS0172638,Grocery,High,1111567,32.103036,74.327688,Phase 1
4,Gujranwala,2025,CS0172386,Pharmacy,High,1110375,32.311654,74.135244,Phase 1
4,Gujranwala,2025,CS0177219,Grocery,High,1105438,32.059975,74.005695,Phase 1
4,Gujranwala,2025,CS0172985,Grocery,High,1100040,32.094624,74.02256,Phase 1
4,Gujranwala,2025,CS0177940,Grocery,High,1097311,31.900033,74.20306,Phase 1
4,Gujranwala,2025,CS0170568,Grocery,High,1091073,32.088958,74.101152,Phase 1
4,Gujranwala,2025,CS0170118,Bakery,High,1086809,32.218835,74.086657,Phase 1
4,Gujranwala,2025,CS0176908,Grocery,High,1086783,32.297611,73.96724,Phase 1
4,Gujranwala,2025,CS0177667,Pharmacy,High,1085500,32.086094,74.068466,Phase 1
4,Gujranwala,2025,CS0175007,Grocery,High,1079188,32.184405,73.911313,Phase 1
4,Gujranwala,2025,CS0175916,Grocery,High,1077245,31.87174,74.170115,Phase 1
4,Gujranwala,2025,CS0174176,Grocery,High,1074018,31.913579,74.255478,Phase 1
4,Gujranwala,2025,CS0171259,Pharmacy,High,1067768,31.908178,74.345091,Phase 1
4,Gujranwala,2025,CS0171253,Petro Mart,High,1065626,32.127131,74.055978,Phase 1
4,Gujranwala,2025,CS0173046,Bakery,High,1053354,31.969739,74.264756,Phase 1
4,Gujranwala,2025,CS0171421,Grocery,High,1048549,31.965486,74.164107,Phase 1
4,Gujranwala,2025,CS0174277,Petro Mart,High,1044529,32.361278,74.001265,Phase 1
4,Gujranwala,2025,CS0176168,Grocery,High,1043229,32.306466,73.935336,Phase 1
4,Gujranwala,2025,CS0171215,Grocery,High,1041980,32.114057,74.064946,Phase 1
4,Gujranwala,2025,CS0174970,Supermarket,High,1040443,32.027281,74.278756,Phase 1
4,Gujranwala,2025,CS0171067,Grocery,High,1039961,32.29971,74.006691,Phase 1
4,Gujranwala,2025,CS0172913,Grocery,High,1039731,32.115418,74.006827,Phase 1
4,Gujranwala,2025,CS0177731,Grocery,High,1038926,32.293925,73.994311,Phase 1
4,Gujranwala,2025,CS0178010,Grocery,High,1037220,32.174745,74.146981,Phase 1
4,Gujranwala,2025,CS0176072,Bakery,High,1036337,32.059294,74.050337,Phase 1
4,Gujranwala,2025,CS0172577,Grocery,High,1035014,32.365861,74.153745,Phase 1
4,Gujranwala,2025,CS0177068,Grocery,High,1034657,32.294164,73.845555,Phase 1
4,Gujranwala,2025,CS0170927,Grocery,High,1033653,32.260568,74.014148,Phase 1
4,Gujranwala,2025,CS0170180,Grocery,High,1033132,32.142332,74.006253,Phase 1
4,Gujranwala,2025,CS0174740,Grocery,High,1032167,32.189884,74.093205,Phase 1
4,Gujranwala,2025,CS0177640,Pharmacy,High,1029071,32.252908,74.001176,Phase 1
4,Gujranwala,2025,CS0173430,Bakery,High,1026847,32.140111,74.07914,Phase 1
4,Gujranwala,2025,CS0177875,Grocery,High,1026649,32.198434,74.280851,Phase 1
4,Gujranwala,2025,CS0171203,Bakery,High,1024355,32.095329,74.077277,Phase 1
4,Gujranwala,2025,CS0173517,Petro Mart,High,1020746,31.928522,74.223065,Phase 1
4,Gujranwala,2025,CS0170755,Supermarket,High,1019489,32.208247,74.001231,Phase 1
4,Gujranwala,2025,CS0173544,Pharmacy,High,1018473,32.176901,73.899336,Phase 1
4,Gujranwala,2025,CS0173521,Petro Mart,High,1016988,32.209139,74.049485,Phase 1
4,Gujranwala,2025,CS0178153,Pharmacy,High,1011939,32.239057,73.935711,Phase 1
4,Gujranwala,2025,CS0170994,Grocery,High,1008024,32.148442,74.025002,Phase 1
4,Gujranwala,2025,CS0176863,Bakery,High,1006818,32.202174,74.061482,Phase 1
4,Gujranwala,2025,CS0177850,Bakery,High,1006391,32.363492,74.002536,Phase 1
4,Gujranwala,2025,CS0174627,Grocery,High,1004838,31.935999,74.120444,Phase 1
4,Gujranwala,2025,CS0175695,Pharmacy,High,1001885,32.140263,74.022297,Phase 1
4,Gujranwala,2025,CS0171801,Bakery,High,1000736,32.144603,74.082061,Phase 1
4,Gujranwala,2025,CS0173753,Pharmacy,High,998631,31.957061,74.196778,Phase 1
4,Gujranwala,2025,CS0170145,Pharmacy,High,996811,32.2134,74.118112,Phase 1
4,Gujranwala,2025,CS0173746,Grocery,High,991512,31.892796,74.238128,Phase 1
4,Gujranwala,2025,CS0170290,Grocery,High,990848,31.915836,74.270625,Phase 1
4,Gujranwala,2025,CS0171146,Grocery,High,989184,32.209454,74.132216,Phase 1
4,Gujranwala,2025,CS0170585,Pharmacy,High,988826,32.046251,74.024298,Phase 1
4,Gujranwala,2025,CS0174286,Grocery,High,988452,32.281942,74.033603,Phase 1
4,Gujranwala,2025,CS0172153,Bakery,High,985754,31.903538,74.184263,Phase 1
4,Gujranwala,2025,CS0174007,Supermarket,High,983951,32.097678,74.065066,Phase 1
4,Gujranwala,2025,CS0176121,Supermarket,High,981675,31.929563,74.310135,Phase 1
4,Gujranwala,2025,CS0173161,Grocery,High,979271,32.267718,74.094503,Phase 1
4,Gujranwala,2025,CS0174194,Grocery,High,972512,31.921934,74.159767,Phase 1
4,Gujranwala,2025,CS0171854,Grocery,High,969461,32.108163,74.066912,Phase 1
4,Gujranwala,2025,CS0170212,Grocery,High,968334,32.132991,74.124854,Phase 1
4,Gujranwala,2025,CS0174158,Grocery,High,965138,32.086963,74.107295,Phase 1
4,Gujranwala,2025,CS0177659,Grocery,High,964972,32.176346,73.988279,Phase 1
4,Gujranwala,2025,CS0174645,Bakery,High,964000,31.886841,74.005401,Phase 1
4,Gujranwala,2025,CS0174347,Bakery,High,957781,32.151556,74.076809,Phase 1
4,Gujranwala,2025,CS0174540,Grocery,High,957714,32.113328,73.972127,Phase 1
4,Gujranwala,2025,CS0177748,Grocery,High,956243,32.360707,73.852773,Phase 1
4,Gujranwala,2025,CS0178102,Grocery,High,953463,32.158597,74.02236,Phase 1
4,Gujranwala,2025,CS0175513,Grocery,High,952359,32.123144,73.963728,Phase 1
4,Gujranwala,2025,CS0175844,Grocery,High,952235,31.963199,74.096742,Phase 1
4,Gujranwala,2025,CS0174959,Grocery,High,948190,32.364933,73.950764,Phase 1
4,Gujranwala,2025,CS0170359,Grocery,High,947459,32.146109,74.161599,Phase 1
4,Gujranwala,2025,CS0177318,Bakery,High,946960,32.201225,73.982103,Phase 1
4,Gujranwala,2025,CS0173140,Bakery,High,944979,32.273783,73.908021,Phase 1
4,Gujranwala,2025,CS0170750,Grocery,High,944320,32.233653,74.029847,Phase 1
4,Gujranwala,2025,CS0175565,Grocery,High,943823,32.367767,74.064368,Phase 1
4,Gujranwala,2026,CS0177708,Grocery,High,940322,32.194303,73.99322,Phase 1
4,Gujranwala,2026,CS0171713,Grocery,High,937449,32.167393,73.965389,Phase 1
4,Gujranwala,2026,CS0169922,Grocery,High,936414,32.316959,73.925016,Phase 1
4,Gujranwala,2026,CS0178036,Grocery,High,933471,32.164164,73.938302,Phase 1
4,Gujranwala,2026,CS0173318,Pharmacy,High,930672,31.859941,74.0825,Phase 1
4,Gujranwala,2026,CS0173313,Grocery,High,929836,32.187361,73.968697,Phase 1
4,Gujranwala,2026,CS0170724,Grocery,High,928271,32.109215,74.130714,Phase 1
4,Gujranwala,2026,CS0171016,Grocery,High,927705,32.269567,74.162814,Phase 1
4,Gujranwala,2026,CS0172337,Bakery,High,926634,32.213757,73.995861,Phase 1
4,Gujranwala,2026,CS0176743,Supermarket,High,923446,32.133258,74.134085,Phase 1
4,Gujranwala,2026,CS0172980,Grocery,High,922489,32.197681,74.131935,Phase 1
4,Gujranwala,2026,CS0175324,Grocery,High,921854,32.193328,74.005176,Phase 1
4,Gujranwala,2026,CS0171640,Bakery,High,921730,32.318957,74.02824,Phase 1
4,Gujranwala,2026,CS0170594,Grocery,High,918751,32.16753,74.209576,Phase 1
4,Gujranwala,2026,CS0176780,Pharmacy,High,916036,32.244748,74.100994,Phase 1
4,Gujranwala,2026,CS0172228,Grocery,High,915319,32.247476,74.011971,Phase 1
4,Gujranwala,2026,CS0172229,Bakery,High,914709,31.882681,74.255399,Phase 1
4,Gujranwala,2026,CS0176406,Pharmacy,High,911706,32.265038,73.925606,Phase 1
4,Gujranwala,2026,CS0176500,Petro Mart,High,910545,32.174825,73.980583,Phase 1
4,Gujranwala,2026,CS0175814,Grocery,High,910286,32.271715,74.16882,Phase 1
4,Gujranwala,2026,CS0173812,Grocery,High,910061,32.075357,74.056703,Phase 1
4,Gujranwala,2026,CS0176854,Pharmacy,High,908242,31.896936,74.168359,Phase 1
4,Gujranwala,2026,CS0170230,Grocery,High,907965,32.032987,74.179176,Phase 1
4,Gujranwala,2026,CS0171382,Bakery,High,906694,32.299416,74.051122,Phase 1
4,Gujranwala,2026,CS0176338,Petro Mart,High,905969,32.084754,74.062537,Phase 1
4,Gujranwala,2026,CS0175956,Grocery,High,905722,32.056129,74.112442,Phase 1
4,Gujranwala,2026,CS0175576,Grocery,High,904734,31.92415,74.236748,Phase 1
4,Gujranwala,2026,CS0177244,Bakery,High,903663,32.167451,74.22387,Phase 1
4,Gujranwala,2026,CS0174457,Grocery,High,902007,32.17347,73.956593,Phase 1
4,Gujranwala,2026,CS0171332,Pharmacy,High,901775,32.343405,73.943589,Phase 1
4,Gujranwala,2026,CS0171150,Supermarket,High,899982,31.95087,74.146192,Phase 1
4,Gujranwala,2026,CS0174263,Grocery,High,899494,32.053764,74.025364,Phase 1
4,Gujranwala,2026,CS0176609,Grocery,High,898266,31.922908,74.234883,Phase 1
4,Gujranwala,2026,CS0175383,Grocery,High,894406,32.293027,74.153514,Phase 1
4,Gujranwala,2026,CS0178183,Grocery,High,894200,31.95377,74.287312,Phase 1
4,Gujranwala,2026,CS0175017,Pharmacy,High,889803,32.209511,74.041156,Phase 1
4,Gujranwala,2026,CS0173960,Grocery,High,889752,32.224424,74.067968,Phase 1
4,Gujranwala,2026,CS0175297,Grocery,High,889317,32.229415,74.095249,Phase 1
4,Gujranwala,2026,CS0173157,Bakery,High,889237,31.917817,74.297511,Phase 1
4,Gujranwala,2026,CS0170718,Grocery,High,887524,32.166125,74.09201,Phase 1
4,Gujranwala,2026,CS0170989,Grocery,High,887099,32.027778,74.41663,Phase 1
4,Gujranwala,2026,CS0170985,Grocery,High,885045,32.057229,73.967602,Phase 1
4,Gujranwala,2026,CS0177308,Bakery,High,884186,32.190681,74.206015,Phase 1
4,Gujranwala,2026,CS0172962,Grocery,High,884108,32.107842,74.028261,Phase 1
4,Gujranwala,2026,CS0172579,Pharmacy,High,883631,32.157426,74.029178,Phase 1
4,Gujranwala,2026,CS0173191,Grocery,High,880777,32.377285,73.970535,Phase 1
4,Gujranwala,2026,CS0171876,Grocery,High,880455,31.894591,74.298047,Phase 1
4,Gujranwala,2026,CS0173694,Pharmacy,High,880417,32.253916,74.072636,Phase 1
4,Gujranwala,2026,CS0176017,Grocery,High,879845,31.929962,74.130979,Phase 1
4,Gujranwala,2026,CS0171354,Grocery,High,879274,32.152708,74.024622,Phase 1
4,Gujranwala,2026,CS0171172,Bakery,High,879120,32.03435,74.014446,Phase 1
4,Gujranwala,2026,CS0173688,Grocery,High,877480,32.271154,74.130874,Phase 1
4,Gujranwala,2026,CS0175233,Bakery,High,876106,32.176619,74.17689,Phase 1
4,Gujranwala,2026,CS0176539,Grocery,High,874497,32.021699,73.992949,Phase 1
4,Gujranwala,2026,CS0170096,Grocery,High,874212,32.232594,74.096531,Phase 1
4,Gujranwala,2026,CS0177440,Petro Mart,High,871591,32.152656,74.132069,Phase 1
4,Gujranwala,2026,CS0175429,Grocery,High,870727,32.124013,74.238748,Phase 1
4,Gujranwala,2026,CS0177558,Grocery,High,870230,32.118457,74.027286,Phase 1
4,Gujranwala,2026,CS0177020,Bakery,High,870081,32.239195,74.092661,Phase 1
4,Gujranwala,2026,CS0175748,Grocery,High,869805,31.903459,74.226342,Phase 1
4,Gujranwala,2026,CS0170390,Grocery,High,867216,31.90323,74.279253,Phase 1
4,Gujranwala,2026,CS0176918,Grocery,High,867079,31.879812,74.190346,Phase 1
4,Gujranwala,2026,CS0172125,Bakery,High,864969,32.181709,74.147671,Phase 1
4,Gujranwala,2026,CS0173472,Grocery,High,864572,32.116114,73.950835,Phase 1
4,Gujranwala,2026,CS0169855,Grocery,High,859690,32.238291,74.054708,Phase 1
4,Gujranwala,2026,CS0171855,Grocery,High,859332,32.127123,74.203325,Phase 1
4,Gujranwala,2026,CS0170606,Grocery,High,857101,32.076896,73.993916,Phase 1
4,Gujranwala,2026,CS0176691,Grocery,High,855436,32.35699,74.124489,Phase 1
4,Gujranwala,2026,CS0178231,Grocery,High,854136,32.066068,74.024799,Phase 1
4,Gujranwala,2026,CS0174588,Supermarket,High,847831,32.136942,73.982829,Phase 1
4,Gujranwala,2026,CS0175550,Grocery,High,846047,32.225741,74.035394,Phase 1
4,Gujranwala,2026,CS0174220,Pharmacy,High,845357,32.125728,74.083336,Phase 1
4,Gujranwala,2026,CS0173717,Grocery,High,842829,32.387047,74.162016,Phase 1
4,Gujranwala,2026,CS0177199,Grocery,High,842781,32.158065,74.031717,Phase 1
4,Gujranwala,2026,CS0170102,Grocery,High,840177,32.18349,74.096895,Phase 1
4,Gujranwala,2026,CS0176109,Grocery,High,839956,31.950309,74.274395,Phase 1
4,Gujranwala,2026,CS0175995,Grocery,High,838911,32.195635,74.046589,Phase 1
4,Gujranwala,2026,CS0170837,Grocery,High,837606,32.214103,74.035258,Phase 1
4,Gujranwala,2026,CS0175180,Grocery,High,836816,32.27511,74.04032,Phase 1
4,Gujranwala,2026,CS0172856,Grocery,High,836283,32.022551,74.221232,Phase 1
4,Gujranwala,2026,CS0171438,Grocery,High,833631,32.17903,73.951894,Phase 1
4,Gujranwala,2026,CS0176682,Grocery,High,831839,32.189297,74.028459,Phase 1
4,Gujranwala,2026,CS0170950,Bakery,High,829779,31.919746,74.259801,Phase 1
4,Gujranwala,2026,CS0176690,Grocery,High,829678,32.340851,74.08598,Phase 1
4,Gujranwala,2026,CS0173428,Grocery,High,828220,32.297145,74.130013,Phase 1
4,Gujranwala,2026,CS0171131,Grocery,High,826361,32.017246,73.933927,Phase 1
4,Gujranwala,2026,CS0177254,Supermarket,High,825986,31.94758,74.429436,Phase 1
4,Gujranwala,2026,CS0176627,Pharmacy,High,825359,32.149752,73.969684,Phase 1
4,Gujranwala,2026,CS0173169,Pharmacy,High,825330,31.940716,74.203149,Phase 1
4,Gujranwala,2026,CS0169934,Grocery,High,824971,31.913175,74.278637,Phase 1
4,Gujranwala,2026,CS0172910,Bakery,High,824741,32.287119,74.093354,Phase 1
4,Gujranwala,2026,CS0174411,Petro Mart,High,824602,31.901446,74.273999,Phase 1
4,Gujranwala,2026,CS0174617,Petro Mart,High,824060,32.085873,74.047501,Phase 1
4,Gujranwala,2026,CS0177572,Bakery,High,823220,32.200183,74.125884,Phase 1
4,Gujranwala,2026,CS0172983,Grocery,High,822080,32.064532,74.125163,Phase 1
4,Gujranwala,2026,CS0173142,Grocery,High,821971,32.272234,74.036027,Phase 1
4,Gujranwala,2026,CS0171147,Pharmacy,High,821858,31.945821,74.271551,Phase 1
4,Gujranwala,2026,CS0172329,Grocery,High,820435,32.16768,73.981053,Phase 1
4,Gujranwala,2026,CS0171756,Pharmacy,High,819866,32.152885,73.979223,Phase 1
4,Gujranwala,2026,CS0173010,Grocery,High,812950,32.325887,74.107317,Phase 1
4,Gujranwala,2026,CS0176171,Grocery,High,810956,32.308972,74.040089,Phase 1
4,Gujranwala,2026,CS0174049,Grocery,High,810562,32.234536,74.114296,Phase 1
4,Gujranwala,2026,CS0170690,Bakery,High,809348,32.142603,74.079042,Phase 1
4,Gujranwala,2026,CS0174760,Grocery,High,808935,32.220991,74.03109,Phase 1
4,Gujranwala,2026,CS0170753,Bakery,High,808512,32.174943,73.902331,Phase 1
4,Gujranwala,2026,CS0177113,Petro Mart,High,807784,32.117147,74.047099,Phase 1
4,Gujranwala,2026,CS0176104,Grocery,High,807066,32.301022,73.926012,Phase 1
4,Gujranwala,2026,CS0173248,Pharmacy,High,807001,31.979112,74.120563,Phase 1
4,Gujranwala,2026,CS0175684,Grocery,High,806201,32.281942,74.014905,Phase 1
4,Gujranwala,2026,CS0173730,Grocery,High,806055,32.061402,74.089428,Phase 1
4,Gujranwala,2026,CS0170017,Supermarket,High,804986,32.207123,74.107582,Phase 1
4,Gujranwala,2026,CS0172559,Grocery,High,802815,32.121923,74.021963,Phase 1
4,Gujranwala,2026,CS0170498,Supermarket,High,802678,32.190165,74.122973,Phase 1
4,Gujranwala,2026,CS0175223,Supermarket,High,802660,32.145971,73.956759,Phase 1
4,Gujranwala,2026,CS0171835,Bakery,High,801678,31.991723,74.187077,Phase 1
4,Gujranwala,2026,CS0170637,Grocery,High,799935,32.09952,73.936028,Phase 1
4,Gujranwala,2026,CS0175519,Grocery,High,799704,32.027887,74.113107,Phase 1
4,Gujranwala,2026,CS0173985,Supermarket,High,799678,32.234119,73.991605,Phase 1
4,Gujranwala,2026,CS0173581,Bakery,High,799152,32.200028,74.052957,Phase 1
4,Gujranwala,2026,CS0174544,Grocery,High,799005,31.920338,74.302451,Phase 1
4,Gujranwala,2026,CS0176892,Grocery,High,798225,32.2332,74.098929,Phase 1
4,Gujranwala,2026,CS0171529,Grocery,High,797608,32.155075,74.007785,Phase 1
4,Gujranwala,2026,CS0176573,Grocery,High,792679,32.201744,74.080706,Phase 1
4,Gujranwala,2026,CS0171942,Grocery,High,792585,32.273703,73.930055,Phase 1
4,Gujranwala,2026,CS0175191,Grocery,High,789885,32.196694,74.150681,Phase 1
4,Gujranwala,2026,CS0177375,Pharmacy,High,789260,32.114161,74.02776,Phase 1
4,Gujranwala,2026,CS0175482,Bakery,High,787634,32.297274,74.116557,Phase 1
4,Gujranwala,2026,CS0175202,Grocery,High,787569,32.263565,73.900901,Phase 1
4,Gujranwala,2026,CS0176708,Grocery,High,785665,32.342869,74.068296,Phase 1
4,Gujranwala,2026,CS0170774,Grocery,High,783576,32.254141,73.899605,Phase 1
4,Gujranwala,2026,CS0172734,Supermarket,High,782966,32.271336,74.097778,Phase 1
4,Gujranwala,2026,CS0172029,Grocery,High,782243,32.135917,74.197807,Phase 1
4,Gujranwala,2026,CS0176836,Grocery,High,781727,32.207357,73.913388,Phase 1
4,Gujranwala,2026,CS0175918,Bakery,High,781104,32.137204,73.934716,Phase 1
4,Gujranwala,2026,CS0175983,Grocery,High,781093,32.151255,74.03853,Phase 1
4,Gujranwala,2026,CS0172213,Bakery,High,779633,32.248076,74.119468,Phase 1
4,Gujranwala,2026,CS0171024,Pharmacy,High,776923,32.210553,74.092714,Phase 1
4,Gujranwala,2026,CS0170527,Supermarket,High,775656,32.275038,74.137617,Phase 1
4,Gujranwala,2026,CS0173239,Grocery,High,775123,32.163744,74.142056,Phase 1
4,Gujranwala,2026,CS0177459,Grocery,High,771982,32.214405,74.017388,Phase 1
4,Gujranwala,2026,CS0171537,Pharmacy,High,771530,32.223483,74.107652,Phase 1
4,Gujranwala,2026,CS0174899,Grocery,High,769524,32.338237,74.07649,Phase 1
4,Gujranwala,2026,CS0176182,Grocery,High,768718,32.290567,74.009643,Phase 1
4,Gujranwala,2026,CS0170679,Grocery,High,767161,32.099244,73.979961,Phase 1
4,Gujranwala,2026,CS0176094,Bakery,High,765920,32.175082,73.953417,Phase 1
4,Gujranwala,2026,CS0177761,Grocery,High,765011,32.167747,74.094805,Phase 1
4,Gujranwala,2026,CS0175556,Bakery,High,764810,32.198978,74.04835,Phase 1
4,Gujranwala,2026,CS0171282,Grocery,High,763463,32.149367,73.978557,Phase 1
4,Gujranwala,2026,CS0176833,Grocery,High,760992,31.869457,74.220682,Phase 1
4,Gujranwala,2026,CS0176870,Petro Mart,High,760399,32.009506,74.275843,Phase 1
4,Gujranwala,2026,CS0172654,Supermarket,High,759998,32.199067,74.055483,Phase 1
4,Gujranwala,2026,CS0173687,Grocery,High,758333,32.149637,73.979239,Phase 1
4,Gujranwala,2026,CS0170146,Grocery,High,756397,32.056719,74.092501,Phase 1
4,Gujranwala,2026,CS0174306,Grocery,High,756368,32.168463,74.036594,Phase 1
4,Gujranwala,2026,CS0177448,Pharmacy,High,755374,32.217504,73.968351,Phase 1
4,Gujranwala,2026,CS0171490,Grocery,High,755309,32.209668,73.937375,Phase 1
4,Gujranwala,2026,CS0176589,Grocery,High,752864,32.147937,74.102173,Phase 1
4,Gujranwala,2026,CS0173280,Bakery,High,752568,32.092733,74.031797,Phase 1
4,Gujranwala,2026,CS0174949,Supermarket,High,751904,32.336608,73.944239,Phase 1
4,Gujranwala,2026,CS0174410,Bakery,High,750793,32.258665,73.990296,Phase 1
4,Gujranwala,2026,CS0176677,Bakery,High,750669,32.254712,73.989532,Phase 1
4,Gujranwala,2026,CS0176341,Grocery,High,749862,32.134601,73.991617,Phase 1
4,Gujranwala,2026,CS0173871,Grocery,High,749807,32.182146,74.107352,Phase 1
4,Gujranwala,2026,CS0174894,Grocery,High,749534,32.185754,74.078512,Phase 1
4,Gujranwala,2027,CS0173774,Supermarket,High,748828,32.347967,73.988231,Phase 1
4,Gujranwala,2027,CS0173878,Pharmacy,High,748825,32.093673,74.062074,Phase 1
4,Gujranwala,2027,CS0174881,Supermarket,High,748727,32.370583,73.94871,Phase 1
4,Gujranwala,2027,CS0176735,Grocery,High,748011,32.127526,74.030029,Phase 1
4,Gujranwala,2027,CS0177592,Grocery,High,747759,32.228307,73.961798,Phase 1
4,Gujranwala,2027,CS0171234,Supermarket,High,746971,32.195181,74.011886,Phase 1
4,Gujranwala,2027,CS0172183,Grocery,High,745882,31.896882,74.268337,Phase 1
4,Gujranwala,2027,CS0174638,Grocery,High,745595,32.235369,73.962663,Phase 1
4,Gujranwala,2027,CS0173533,Grocery,High,744963,32.24856,73.937722,Phase 1
4,Gujranwala,2027,CS0176265,Bakery,High,744807,32.140459,74.029099,Phase 1
4,Gujranwala,2027,CS0173558,Grocery,High,744508,32.171183,74.194711,Phase 1
4,Gujranwala,2027,CS0172049,Bakery,High,742947,32.059632,74.115032,Phase 1
4,Gujranwala,2027,CS0177772,Grocery,High,740800,32.243944,73.956176,Phase 1
4,Gujranwala,2027,CS0174397,Petro Mart,High,738551,32.187611,74.001078,Phase 1
4,Gujranwala,2027,CS0178137,Supermarket,High,735933,32.180097,74.134131,Phase 1
4,Gujranwala,2027,CS0177528,Grocery,High,733541,32.185533,74.066673,Phase 1
4,Gujranwala,2027,CS0170279,Grocery,High,732973,32.155844,74.045167,Phase 1
4,Gujranwala,2027,CS0174210,Grocery,High,732654,32.115394,73.940907,Phase 1
4,Gujranwala,2027,CS0177314,Grocery,High,732282,32.241014,74.025478,Phase 1
4,Gujranwala,2027,CS0172720,Petro Mart,High,731895,32.178147,74.074186,Phase 1
4,Gujranwala,2027,CS0177256,Pharmacy,High,730112,32.20604,74.040325,Phase 1
4,Gujranwala,2027,CS0173106,Grocery,High,729975,32.162883,73.997956,Phase 1
4,Gujranwala,2027,CS0175653,Grocery,High,728700,32.148965,73.988562,Phase 1
4,Gujranwala,2027,CS0173083,Pharmacy,High,728176,32.190693,74.026293,Phase 1
4,Gujranwala,2027,CS0170897,Bakery,High,728029,32.260687,74.032399,Phase 1
4,Gujranwala,2027,CS0172542,Grocery,High,727825,32.273018,73.805041,Phase 1
4,Gujranwala,2027,CS0177591,Supermarket,High,727320,32.014111,74.039344,Phase 1
4,Gujranwala,2027,CS0172864,Supermarket,High,724527,32.01439,74.321284,Phase 1
4,Gujranwala,2027,CS0172741,Supermarket,High,724187,32.149979,74.079033,Phase 1
4,Gujranwala,2027,CS0171617,Grocery,High,723798,32.291815,73.965144,Phase 1
4,Gujranwala,2027,CS0176839,Grocery,High,723480,32.218923,74.093464,Phase 1
4,Gujranwala,2027,CS0174388,Bakery,High,722641,32.174408,74.060714,Phase 1
4,Gujranwala,2027,CS0171928,Grocery,High,720465,32.339735,73.991572,Phase 1
4,Gujranwala,2027,CS0172708,Grocery,High,719485,31.889941,74.26216,Phase 1
4,Gujranwala,2027,CS0173675,Grocery,High,719170,31.963181,74.351191,Phase 1
4,Gujranwala,2027,CS0177496,Pharmacy,High,718014,32.216708,73.984075,Phase 1
4,Gujranwala,2027,CS0177419,Grocery,High,717463,32.194725,73.916002,Phase 1
4,Gujranwala,2027,CS0177107,Supermarket,High,714756,31.911846,74.281654,Phase 1
4,Gujranwala,2027,CS0174302,Grocery,High,714081,32.165751,74.042174,Phase 1
4,Gujranwala,2027,CS0172007,Petro Mart,High,713335,32.119343,74.001022,Phase 1
4,Gujranwala,2027,CS0172031,Grocery,High,713127,32.231463,74.043667,Phase 1
4,Gujranwala,2027,CS0175688,Grocery,High,712372,32.190496,73.914636,Phase 1
4,Gujranwala,2027,CS0176648,Supermarket,High,712082,32.409076,73.999016,Phase 1
4,Gujranwala,2027,CS0170669,Bakery,High,712067,32.358307,74.003008,Phase 1
4,Gujranwala,2027,CS0177849,Grocery,High,712057,31.91503,74.302316,Phase 1
4,Gujranwala,2027,CS0177259,Pharmacy,High,711642,32.22685,74.200061,Phase 1
4,Gujranwala,2027,CS0175303,Grocery,High,711387,32.161277,74.071618,Phase 1
4,Gujranwala,2027,CS0177086,Grocery,High,710518,32.220661,73.977779,Phase 1
4,Gujranwala,2027,CS0178241,Grocery,High,707895,32.105561,74.084819,Phase 1
4,Gujranwala,2027,CS0177034,Grocery,High,706573,32.103435,74.104998,Phase 1
4,Gujranwala,2027,CS0171832,Grocery,High,705866,32.247177,74.060114,Phase 1
4,Gujranwala,2027,CS0174953,Grocery,High,704504,32.144846,73.97457,Phase 1
4,Gujranwala,2027,CS0177672,Grocery,High,704071,32.186821,74.038377,Phase 1
4,Gujranwala,2027,CS0173135,Grocery,High,703726,32.186689,74.006253,Phase 1
4,Gujranwala,2027,CS0175314,Pharmacy,High,702406,32.110179,74.111742,Phase 1
4,Gujranwala,2027,CS0173346,Bakery,High,700781,32.045462,74.079791,Phase 1
4,Gujranwala,2027,CS0177790,Pharmacy,High,699843,32.288476,73.895528,Phase 1
4,Gujranwala,2027,CS0175091,Bakery,High,699830,32.390234,74.117068,Phase 1
4,Gujranwala,2027,CS0176849,Grocery,High,699501,32.251591,73.92412,Phase 1
4,Gujranwala,2027,CS0172095,Grocery,High,699089,32.020925,74.211374,Phase 1
4,Gujranwala,2027,CS0172666,Pharmacy,High,698773,32.289328,74.116143,Phase 1
4,Gujranwala,2027,CS0177872,Supermarket,High,697559,31.926164,74.24294,Phase 1
4,Gujranwala,2027,CS0172414,Grocery,High,697362,32.153546,74.172551,Phase 1
4,Gujranwala,2027,CS0177035,Grocery,High,695930,32.111341,74.140343,Phase 1
4,Gujranwala,2027,CS0177584,Supermarket,High,695910,32.361176,74.124704,Phase 1
4,Gujranwala,2027,CS0177494,Grocery,High,695805,32.038653,74.114306,Phase 1
4,Gujranwala,2027,CS0172855,Grocery,High,695595,32.250318,74.102202,Phase 1
4,Gujranwala,2027,CS0173226,Grocery,High,695537,32.169609,74.04842,Phase 1
4,Gujranwala,2027,CS0173622,Grocery,High,695280,32.429175,74.104897,Phase 1
4,Gujranwala,2027,CS0172039,Pharmacy,High,694653,32.150949,74.173794,Phase 1
4,Gujranwala,2027,CS0176369,Grocery,High,694636,32.152562,74.050115,Phase 1
4,Gujranwala,2027,CS0172853,Grocery,High,694322,32.308161,73.901995,Phase 1
4,Gujranwala,2027,CS0176731,Grocery,High,693836,32.176189,74.057956,Phase 1
4,Gujranwala,2027,CS0176365,Grocery,High,693286,31.937676,74.150556,Phase 1
4,Gujranwala,2027,CS0173197,Pharmacy,High,692666,32.216981,74.133734,Phase 1
4,Gujranwala,2027,CS0173739,Bakery,High,692528,32.037875,74.025734,Phase 1
4,Gujranwala,2027,CS0171638,Petro Mart,High,691938,32.202995,73.919583,Phase 1
4,Gujranwala,2027,CS0176188,Petro Mart,High,689392,32.137216,74.180224,Phase 1
4,Gujranwala,2027,CS0171842,Grocery,High,689074,32.289502,73.987564,Phase 1
4,Gujranwala,2027,CS0173095,Supermarket,High,687804,32.106652,74.090163,Phase 1
4,Gujranwala,2027,CS0174920,Grocery,High,687088,32.120039,74.016318,Phase 1
4,Gujranwala,2027,CS0176587,Grocery,High,685938,31.954957,74.373285,Phase 1
4,Gujranwala,2027,CS0177481,Grocery,High,685260,32.243343,74.052315,Phase 1
4,Gujranwala,2027,CS0175718,Bakery,High,685105,32.074056,74.160171,Phase 1
4,Gujranwala,2027,CS0177619,Bakery,High,684201,32.176742,74.147077,Phase 1
4,Gujranwala,2027,CS0169874,Grocery,High,683920,32.245313,73.989128,Phase 1
4,Gujranwala,2027,CS0175128,Grocery,High,683799,32.217798,74.034561,Phase 1
4,Gujranwala,2027,CS0171489,Bakery,High,682429,31.937988,74.351293,Phase 1
4,Gujranwala,2027,CS0174520,Petro Mart,High,682399,32.251697,73.932632,Phase 1
4,Gujranwala,2027,CS0171939,Grocery,High,682184,32.129838,74.113489,Phase 1
4,Gujranwala,2027,CS0177537,Grocery,High,681389,31.93505,74.260525,Phase 1
4,Gujranwala,2027,CS0172532,Grocery,High,679271,32.118403,74.201095,Phase 1
4,Gujranwala,2027,CS0177760,Grocery,High,679032,32.210675,74.090224,Phase 1
4,Gujranwala,2027,CS0175808,Pharmacy,High,678878,32.16915,73.902417,Phase 1
4,Gujranwala,2027,CS0177472,Grocery,High,677932,32.190073,74.011368,Phase 1
4,Gujranwala,2027,CS0173431,Pharmacy,High,674926,32.164449,74.0805,Phase 1
4,Gujranwala,2027,CS0173815,Grocery,High,673496,32.048608,73.96836,Phase 1
4,Gujranwala,2027,CS0172391,Supermarket,High,671976,31.89686,74.217438,Phase 1
4,Gujranwala,2027,CS0170001,Petro Mart,High,671193,32.261762,73.928725,Phase 1
4,Gujranwala,2027,CS0177981,Pharmacy,High,670085,32.182458,74.035551,Phase 1
4,Gujranwala,2027,CS0172900,Pharmacy,High,669191,32.099644,74.058284,Phase 1
4,Gujranwala,2027,CS0178126,Petro Mart,High,669090,32.163494,74.141233,Phase 1
4,Gujranwala,2027,CS0176585,Grocery,High,667790,32.226688,74.025778,Phase 1
4,Gujranwala,2027,CS0175631,Bakery,High,667667,32.135154,73.99124,Phase 1
4,Gujranwala,2027,CS0172523,Grocery,High,667120,31.946056,74.234129,Phase 1
4,Gujranwala,2027,CS0173925,Grocery,High,665414,32.211955,74.027341,Phase 1
4,Gujranwala,2027,CS0170298,Supermarket,High,665090,32.290831,74.010141,Phase 1
4,Gujranwala,2027,CS0172357,Pharmacy,High,663541,32.218231,74.059049,Phase 1
4,Gujranwala,2027,CS0171217,Pharmacy,High,660911,32.284494,74.04041,Phase 1
4,Gujranwala,2027,CS0177137,Petro Mart,High,657582,32.09122,74.013567,Phase 1
4,Gujranwala,2027,CS0170045,Grocery,High,656164,32.164751,74.001136,Phase 1
4,Gujranwala,2027,CS0170981,Pharmacy,High,655856,32.064213,73.953825,Phase 1
4,Gujranwala,2027,CS0174796,Pharmacy,High,654322,32.397017,74.065653,Phase 1
4,Gujranwala,2027,CS0175969,Grocery,High,654254,32.239566,74.039566,Phase 1
4,Gujranwala,2027,CS0173863,Grocery,High,644847,32.114455,73.960431,Phase 1
4,Gujranwala,2027,CS0175360,Grocery,High,644559,32.137801,73.928764,Phase 1
4,Gujranwala,2027,CS0173190,Grocery,High,644048,32.274077,74.010963,Phase 1
4,Gujranwala,2027,CS0175590,Supermarket,High,642141,32.117221,73.871843,Phase 1
4,Gujranwala,2027,CS0174502,Supermarket,High,641581,32.077151,74.05845,Phase 1
4,Gujranwala,2027,CS0177838,Pharmacy,High,639452,32.125139,74.042453,Phase 1
4,Gujranwala,2027,CS0177265,Grocery,High,639343,32.225343,74.125861,Phase 1
4,Gujranwala,2027,CS0173268,Pharmacy,High,638531,32.072577,74.07239,Phase 1
4,Gujranwala,2027,CS0177848,Grocery,High,638445,32.104917,74.141911,Phase 1
4,Gujranwala,2027,CS0174022,Pharmacy,High,638403,32.244465,74.12366,Phase 1
4,Gujranwala,2027,CS0170373,Bakery,High,637050,31.951743,74.233768,Phase 1
4,Gujranwala,2027,CS0177602,Grocery,High,637050,31.95876,74.287495,Phase 1
4,Gujranwala,2027,CS0176187,Grocery,High,636255,32.137447,74.108025,Phase 1
4,Gujranwala,2027,CS0173474,Pharmacy,High,634686,32.175358,73.908284,Phase 1
4,Gujranwala,2027,CS0170378,Grocery,High,632873,32.016959,74.163041,Phase 1
4,Gujranwala,2027,CS0171637,Pharmacy,High,631597,32.283299,73.958376,Phase 1
4,Gujranwala,2027,CS0173385,Grocery,High,630965,32.123468,74.147,Phase 1
4,Gujranwala,2027,CS0175217,Grocery,High,630566,32.158149,74.087314,Phase 1
4,Gujranwala,2027,CS0177091,Pharmacy,High,629700,32.156375,73.854272,Phase 1
4,Gujranwala,2027,CS0174592,Supermarket,High,628888,32.16753,74.152281,Phase 1
4,Gujranwala,2027,CS0177178,Pharmacy,High,628720,32.160393,74.056549,Phase 1
4,Gujranwala,2027,CS0172749,Bakery,High,626981,31.835213,74.115691,Phase 1
5,Gujrat,2025,CS0113086,Grocery,High,1868019,32.641586,74.05348,Phase 1
5,Gujrat,2025,CS0113023,Bakery,High,1800994,32.779144,74.004503,Phase 1
5,Gujrat,2025,CS0113480,Grocery,High,1517151,32.632712,74.032615,Phase 1
5,Gujrat,2025,CS0113675,Grocery,High,1312046,32.488066,74.072039,Phase 1
5,Gujrat,2025,CS0113162,Grocery,High,1270488,32.680364,73.724256,Phase 1
5,Gujrat,2025,CS0113540,Grocery,High,1194796,32.57407,73.91648,Phase 1
5,Gujrat,2025,CS0112791,Grocery,High,1160321,32.557377,73.912635,Phase 1
5,Gujrat,2025,CS0113143,Grocery,High,1153052,32.824367,73.893501,Phase 1
5,Gujrat,2025,CS0113315,Petro Mart,High,1148496,32.574918,74.037215,Phase 1
5,Gujrat,2025,CS0112936,Grocery,High,1145251,32.773802,74.003817,Phase 1
5,Gujrat,2025,CS0113673,Grocery,High,1131109,32.624706,74.122331,Phase 1
5,Gujrat,2025,CS0113303,Grocery,High,1109048,32.620009,74.156778,Phase 1
5,Gujrat,2025,CS0113257,Pharmacy,High,1098566,32.584133,74.117673,Phase 1
5,Gujrat,2025,CS0113275,Supermarket,High,1089889,32.840042,73.941647,Phase 1
5,Gujrat,2025,CS0113692,Grocery,High,1087604,32.703361,74.078666,Phase 1
5,Gujrat,2025,CS0113123,Pharmacy,High,1050097,32.65283,73.947955,Phase 1
5,Gujrat,2025,CS0112861,Grocery,High,1042431,32.722552,74.007387,Phase 1
5,Gujrat,2025,CS0113434,Grocery,High,1014065,32.779489,73.999368,Phase 1
5,Gujrat,2025,CS0113235,Bakery,High,1009417,32.571791,73.974821,Phase 1
5,Gujrat,2025,CS0113026,Bakery,High,1000926,32.725683,74.139066,Phase 1
5,Gujrat,2025,CS0112892,Grocery,High,997915,32.573221,74.11107,Phase 1
5,Gujrat,2026,CS0113034,Pharmacy,High,981867,32.794769,74.048937,Phase 1
5,Gujrat,2026,CS0112944,Grocery,High,974571,32.736805,74.013285,Phase 1
5,Gujrat,2026,CS0113450,Bakery,High,973393,32.431492,73.930657,Phase 1
5,Gujrat,2026,CS0112926,Grocery,High,943736,32.597246,74.066812,Phase 1
5,Gujrat,2026,CS0113679,Grocery,High,909887,32.666394,74.020889,Phase 1
5,Gujrat,2026,CS0112912,Grocery,High,901426,32.640089,73.92262,Phase 1
5,Gujrat,2026,CS0113132,Grocery,High,893163,32.711114,73.89994,Phase 1
5,Gujrat,2026,CS0113534,Grocery,High,886777,32.65308,74.140798,Phase 1
5,Gujrat,2026,CS0113543,Grocery,High,883433,32.698054,74.068718,Phase 1
5,Gujrat,2026,CS0113487,Grocery,High,869235,32.817298,73.893175,Phase 1
5,Gujrat,2026,CS0113476,Grocery,High,859645,32.65345,73.860749,Phase 1
5,Gujrat,2026,CS0113147,Grocery,High,856490,32.658379,74.216929,Phase 1
5,Gujrat,2026,CS0113695,Grocery,High,849337,32.627877,74.138013,Phase 1
5,Gujrat,2026,CS0112788,Bakery,High,834473,32.58417,74.00998,Phase 1
5,Gujrat,2026,CS0112971,Grocery,High,818003,32.7168,73.778161,Phase 1
5,Gujrat,2026,CS0113171,Grocery,High,811084,32.83137,73.984244,Phase 1
5,Gujrat,2026,CS0113041,Grocery,High,810043,32.670996,74.053857,Phase 1
5,Gujrat,2026,CS0113420,Grocery,High,805965,32.798476,74.132648,Phase 1
5,Gujrat,2026,CS0112876,Bakery,High,779995,32.776223,73.948869,Phase 1
5,Gujrat,2026,CS0113405,Grocery,High,774604,32.699565,74.016213,Phase 1
5,Gujrat,2026,CS0113306,Bakery,High,768304,32.761053,74.108683,Phase 1
5,Gujrat,2027,CS0113587,Petro Mart,High,762938,32.762166,74.184524,Phase 1
5,Gujrat,2027,CS0112769,Bakery,High,759428,32.591241,73.917719,Phase 1
5,Gujrat,2027,CS0112723,Grocery,High,745500,32.561399,74.144571,Phase 1
5,Gujrat,2027,CS0113349,Grocery,High,725979,32.879632,74.114967,Phase 1
5,Gujrat,2027,CS0113656,Pharmacy,High,720796,32.492706,74.038647,Phase 1
5,Gujrat,2027,CS0113300,Supermarket,High,718375,32.629031,74.002208,Phase 1
5,Gujrat,2027,CS0112923,Grocery,High,714256,32.667997,74.068221,Phase 1
5,Gujrat,2027,CS0113165,Bakery,High,710115,32.603301,74.101171,Phase 1
5,Gujrat,2027,CS0113163,Grocery,High,697493,32.798063,73.707596,Phase 1
5,Gujrat,2027,CS0112826,Grocery,High,696928,32.56502,74.076456,Phase 1
5,Gujrat,2027,CS0113340,Grocery,High,693144,32.88413,73.984231,Phase 1
5,Gujrat,2027,CS0113457,Grocery,High,691064,32.837686,73.92396,Phase 1
5,Gujrat,2027,CS0112825,Pharmacy,High,682421,32.560154,74.037157,Phase 1
5,Gujrat,2027,CS0112708,Grocery,High,671861,32.649061,74.142483,Phase 1
5,Gujrat,2027,CS0113538,Grocery,High,661992,32.894737,73.721376,Phase 1
5,Gujrat,2027,CS0113654,Bakery,High,659741,32.74511,74.010146,Phase 1
5,Gujrat,2027,CS0113120,Bakery,High,650426,32.78248,74.039227,Phase 1
5,Gujrat,2027,CS0112939,Grocery,High,645061,32.501439,73.970089,Phase 1
6,Sialkot,2025,CS0113923,Grocery,High,2176738,32.442003,74.402647,Phase 1
6,Sialkot,2025,CS0115631,Supermarket,High,1582108,32.332454,74.540441,Phase 1
6,Sialkot,2025,CS0116335,Bakery,High,1565589,32.15098,74.637671,Phase 1
6,Sialkot,2025,CS0114199,Pharmacy,High,1480230,32.435475,74.563661,Phase 1
6,Sialkot,2025,CS0114667,Grocery,High,1448856,32.465438,74.627727,Phase 1
6,Sialkot,2025,CS0115156,Pharmacy,High,1427424,32.495405,74.554006,Phase 1
6,Sialkot,2025,CS0114614,Grocery,High,1412101,32.394435,74.534281,Phase 1
6,Sialkot,2025,CS0115285,Petro Mart,High,1383246,32.525879,74.557799,Phase 1
6,Sialkot,2025,CS0116544,Petro Mart,High,1374697,32.491779,74.322445,Phase 1
6,Sialkot,2025,CS0115578,Bakery,High,1326505,32.362979,74.463291,Phase 1
6,Sialkot,2025,CS0115070,Petro Mart,High,1321363,32.474031,74.439495,Phase 1
6,Sialkot,2025,CS0114415,Petro Mart,High,1294108,32.493717,74.527618,Phase 1
6,Sialkot,2025,CS0115211,Grocery,High,1292590,32.416784,74.431579,Phase 1
6,Sialkot,2025,CS0114722,Grocery,High,1289004,32.413757,74.337501,Phase 1
6,Sialkot,2025,CS0116060,Grocery,High,1268570,32.438789,74.376767,Phase 1
6,Sialkot,2025,CS0114548,Grocery,High,1251850,32.348929,74.632138,Phase 1
6,Sialkot,2025,CS0114724,Grocery,High,1248292,32.387353,74.392851,Phase 1
6,Sialkot,2025,CS0116253,Grocery,High,1239682,32.412532,74.386651,Phase 1
6,Sialkot,2025,CS0115219,Grocery,High,1235156,32.360046,74.436408,Phase 1
6,Sialkot,2025,CS0116363,Petro Mart,High,1226535,32.463853,74.623121,Phase 1
6,Sialkot,2025,CS0114260,Pharmacy,High,1218773,32.360974,74.5911,Phase 1
6,Sialkot,2025,CS0115759,Grocery,High,1214470,32.435583,74.398122,Phase 1
6,Sialkot,2025,CS0116081,Grocery,High,1199560,32.517488,74.651582,Phase 1
6,Sialkot,2025,CS0114690,Grocery,High,1191808,32.493594,74.462178,Phase 1
6,Sialkot,2025,CS0116512,Grocery,High,1190904,32.394811,74.407417,Phase 1
6,Sialkot,2025,CS0116399,Grocery,High,1187155,32.15844,74.581691,Phase 1
6,Sialkot,2025,CS0115263,Bakery,High,1183464,32.529445,74.498872,Phase 1
6,Sialkot,2025,CS0116418,Grocery,High,1174608,32.602432,74.561339,Phase 1
6,Sialkot,2025,CS0113842,Grocery,High,1169741,32.362349,74.440268,Phase 1
6,Sialkot,2025,CS0115348,Grocery,High,1143494,32.525396,74.20079,Phase 1
6,Sialkot,2025,CS0115512,Grocery,High,1141861,32.684651,74.464228,Phase 1
6,Sialkot,2025,CS0116355,Supermarket,High,1131334,32.398985,74.254168,Phase 1
6,Sialkot,2025,CS0114925,Grocery,High,1129248,32.56587,74.417082,Phase 1
6,Sialkot,2025,CS0115103,Grocery,High,1123494,32.450737,74.573445,Phase 1
6,Sialkot,2025,CS0115018,Grocery,High,1120754,32.464471,74.641374,Phase 1
6,Sialkot,2025,CS0115967,Pharmacy,High,1119933,32.553141,74.538312,Phase 1
6,Sialkot,2025,CS0115574,Grocery,High,1116988,32.49143,74.547173,Phase 1
6,Sialkot,2025,CS0114699,Bakery,High,1111476,32.490734,74.377534,Phase 1
6,Sialkot,2025,CS0116074,Pharmacy,High,1100368,32.558363,74.575476,Phase 1
6,Sialkot,2025,CS0115642,Pharmacy,High,1098780,32.421767,74.537597,Phase 1
6,Sialkot,2025,CS0115800,Grocery,High,1087029,32.579561,74.477879,Phase 1
6,Sialkot,2025,CS0116434,Pharmacy,High,1078024,32.408991,74.395141,Phase 1
6,Sialkot,2025,CS0114002,Grocery,High,1074576,32.43985,74.315075,Phase 1
6,Sialkot,2025,CS0115283,Grocery,High,1068144,32.388802,74.57197,Phase 1
6,Sialkot,2025,CS0115124,Bakery,High,1060741,32.461089,74.556467,Phase 1
6,Sialkot,2025,CS0115233,Grocery,High,1042459,32.371257,74.599333,Phase 1
6,Sialkot,2025,CS0113979,Petro Mart,High,1042457,32.595722,74.393736,Phase 1
6,Sialkot,2025,CS0116447,Grocery,High,1039610,32.409042,74.463951,Phase 1
6,Sialkot,2025,CS0116342,Grocery,High,1028326,32.427497,74.575253,Phase 1
6,Sialkot,2025,CS0114678,Grocery,High,1027706,32.265569,74.598026,Phase 1
6,Sialkot,2025,CS0116659,Pharmacy,High,1026898,32.566306,74.346104,Phase 1
6,Sialkot,2025,CS0113885,Petro Mart,High,1022491,32.492611,74.624841,Phase 1
6,Sialkot,2025,CS0116720,Pharmacy,High,1020942,32.411824,74.556202,Phase 1
6,Sialkot,2025,CS0114733,Pharmacy,High,1016068,32.508461,74.463208,Phase 1
6,Sialkot,2025,CS0116845,Grocery,High,1015203,32.384659,74.514527,Phase 1
6,Sialkot,2025,CS0115068,Grocery,High,1015104,32.393727,74.397394,Phase 1
6,Sialkot,2025,CS0114281,Grocery,High,1009442,32.443001,74.578996,Phase 1
6,Sialkot,2025,CS0114191,Grocery,High,1006873,32.474753,74.533412,Phase 1
6,Sialkot,2025,CS0115473,Grocery,High,1005730,32.455677,74.615405,Phase 1
6,Sialkot,2025,CS0114266,Supermarket,High,997257,32.308046,74.593781,Phase 1
6,Sialkot,2026,CS0115738,Grocery,High,992051,32.50106,74.560764,Phase 1
6,Sialkot,2026,CS0115801,Grocery,High,977149,32.55861,74.604323,Phase 1
6,Sialkot,2026,CS0115007,Bakery,High,974157,32.243772,74.626902,Phase 1
6,Sialkot,2026,CS0114376,Pharmacy,High,972541,32.363426,74.710774,Phase 1
6,Sialkot,2026,CS0114608,Grocery,High,972408,32.523162,74.61068,Phase 1
6,Sialkot,2026,CS0113939,Supermarket,High,970424,32.486602,74.409421,Phase 1
6,Sialkot,2026,CS0113788,Bakery,High,967979,32.436753,74.462605,Phase 1
6,Sialkot,2026,CS0115719,Grocery,High,963577,32.560193,74.583205,Phase 1
6,Sialkot,2026,CS0116044,Grocery,High,954275,32.542697,74.480347,Phase 1
6,Sialkot,2026,CS0115496,Petro Mart,High,952422,32.32299,74.593701,Phase 1
6,Sialkot,2026,CS0116702,Grocery,High,950742,32.55803,74.570726,Phase 1
6,Sialkot,2026,CS0116687,Supermarket,High,943503,32.516865,74.521515,Phase 1
6,Sialkot,2026,CS0115931,Grocery,High,939702,32.380051,74.419113,Phase 1
6,Sialkot,2026,CS0116240,Pharmacy,High,939099,32.100265,74.533237,Phase 1
6,Sialkot,2026,CS0115178,Grocery,High,935275,32.427062,74.60614,Phase 1
6,Sialkot,2026,CS0115636,Grocery,High,932774,32.307993,74.612324,Phase 1
6,Sialkot,2026,CS0113838,Grocery,High,931924,32.139629,74.487795,Phase 1
6,Sialkot,2026,CS0116390,Grocery,High,929412,32.495516,74.568432,Phase 1
6,Sialkot,2026,CS0115894,Grocery,High,927059,32.466169,74.44337,Phase 1
6,Sialkot,2026,CS0115478,Grocery,High,922457,32.438228,74.711132,Phase 1
6,Sialkot,2026,CS0116736,Grocery,High,918949,32.539093,74.296785,Phase 1
6,Sialkot,2026,CS0114635,Grocery,High,918443,32.171526,74.540593,Phase 1
6,Sialkot,2026,CS0113869,Petro Mart,High,915745,32.276105,74.544368,Phase 1
6,Sialkot,2026,CS0115329,Pharmacy,High,893455,32.216662,74.510394,Phase 1
6,Sialkot,2026,CS0116032,Grocery,High,893357,32.350363,74.521482,Phase 1
6,Sialkot,2026,CS0116121,Grocery,High,878447,32.421895,74.465777,Phase 1
6,Sialkot,2026,CS0115744,Grocery,High,871994,32.364254,74.385828,Phase 1
6,Sialkot,2026,CS0114003,Grocery,High,866836,32.482062,74.411632,Phase 1
6,Sialkot,2026,CS0114725,Grocery,High,862838,32.393101,74.60006,Phase 1
6,Sialkot,2026,CS0114035,Grocery,High,860158,32.334115,74.712744,Phase 1
6,Sialkot,2026,CS0115237,Pharmacy,High,857202,32.219646,74.585077,Phase 1
6,Sialkot,2026,CS0114930,Grocery,High,856921,32.421798,74.485108,Phase 1
6,Sialkot,2026,CS0113890,Bakery,High,849631,32.417829,74.598378,Phase 1
6,Sialkot,2026,CS0114688,Pharmacy,High,849581,32.395373,74.440097,Phase 1
6,Sialkot,2026,CS0116466,Pharmacy,High,849233,32.347119,74.483502,Phase 1
6,Sialkot,2026,CS0113844,Supermarket,High,839976,32.349659,74.382199,Phase 1
6,Sialkot,2026,CS0115769,Pharmacy,High,835541,32.579839,74.607644,Phase 1
6,Sialkot,2026,CS0115817,Grocery,High,834894,32.392159,74.478083,Phase 1
6,Sialkot,2026,CS0113812,Bakery,High,833474,32.219591,74.612026,Phase 1
6,Sialkot,2026,CS0114811,Grocery,High,832476,32.457099,74.635716,Phase 1
6,Sialkot,2026,CS0115086,Pharmacy,High,830950,32.557133,74.413716,Phase 1
6,Sialkot,2026,CS0115986,Pharmacy,High,830163,32.333201,74.624958,Phase 1
6,Sialkot,2026,CS0116210,Pharmacy,High,824672,32.147282,74.521682,Phase 1
6,Sialkot,2026,CS0113899,Grocery,High,824236,32.436717,74.364021,Phase 1
6,Sialkot,2026,CS0113903,Grocery,High,821171,32.48893,74.524205,Phase 1
6,Sialkot,2026,CS0115180,Bakery,High,817687,32.431433,74.605674,Phase 1
6,Sialkot,2026,CS0115879,Grocery,High,815705,32.128674,74.51013,Phase 1
6,Sialkot,2026,CS0113880,Bakery,High,813118,32.471728,74.530609,Phase 1
6,Sialkot,2026,CS0115132,Grocery,High,812589,32.492237,74.434323,Phase 1
6,Sialkot,2026,CS0115795,Grocery,High,810371,32.404655,74.413849,Phase 1
6,Sialkot,2026,CS0115791,Grocery,High,807872,32.339669,74.594038,Phase 1
6,Sialkot,2026,CS0114627,Grocery,High,807085,32.45351,74.549998,Phase 1
6,Sialkot,2026,CS0114336,Grocery,High,805934,32.571924,74.358801,Phase 1
6,Sialkot,2026,CS0114472,Grocery,High,803882,32.477532,74.554817,Phase 1
6,Sialkot,2026,CS0114070,Supermarket,High,799350,32.438213,74.592564,Phase 1
6,Sialkot,2026,CS0114852,Grocery,High,798190,32.355139,74.466899,Phase 1
6,Sialkot,2026,CS0116391,Grocery,High,793177,32.41756,74.542603,Phase 1
6,Sialkot,2026,CS0114228,Grocery,High,792141,32.312322,74.327008,Phase 1
6,Sialkot,2026,CS0116151,Grocery,High,791348,32.296388,74.588469,Phase 1
6,Sialkot,2027,CS0116220,Grocery,High,789343,32.52275,74.420163,Phase 1
6,Sialkot,2027,CS0113756,Grocery,High,788899,32.532356,74.469123,Phase 1
6,Sialkot,2027,CS0116573,Grocery,High,785047,32.536951,74.534727,Phase 1
6,Sialkot,2027,CS0116003,Grocery,High,784199,32.333749,74.437335,Phase 1
6,Sialkot,2027,CS0115780,Grocery,High,779695,32.130205,74.478123,Phase 1
6,Sialkot,2027,CS0114897,Pharmacy,High,771537,32.413603,74.583673,Phase 1
6,Sialkot,2027,CS0116221,Pharmacy,High,771537,32.448978,74.446186,Phase 1
6,Sialkot,2027,CS0114020,Grocery,High,770371,32.11366,74.494995,Phase 1
6,Sialkot,2027,CS0115019,Grocery,High,769156,32.236058,74.671467,Phase 1
6,Sialkot,2027,CS0115001,Grocery,High,764948,32.464747,74.525614,Phase 1
6,Sialkot,2027,CS0115690,Grocery,High,757001,32.603936,74.529522,Phase 1
6,Sialkot,2027,CS0115724,Grocery,High,750946,32.319653,74.452734,Phase 1
6,Sialkot,2027,CS0115289,Grocery,High,747703,32.324056,74.464924,Phase 1
6,Sialkot,2027,CS0115046,Supermarket,High,744514,32.223251,74.508715,Phase 1
6,Sialkot,2027,CS0116324,Pharmacy,High,743945,32.518444,74.526496,Phase 1
6,Sialkot,2027,CS0115882,Grocery,High,742990,32.370607,74.289741,Phase 1
6,Sialkot,2027,CS0115785,Grocery,High,742821,32.251011,74.575283,Phase 1
6,Sialkot,2027,CS0116537,Bakery,High,740989,32.33845,74.595801,Phase 1
6,Sialkot,2027,CS0116873,Bakery,High,739397,32.150365,74.573157,Phase 1
6,Sialkot,2027,CS0116549,Grocery,High,737803,32.499455,74.338145,Phase 1
6,Sialkot,2027,CS0116270,Grocery,High,735062,32.492266,74.46271,Phase 1
6,Sialkot,2027,CS0114494,Bakery,High,734668,32.532,74.421968,Phase 1
6,Sialkot,2027,CS0116691,Bakery,High,733711,32.510548,74.328921,Phase 1
6,Sialkot,2027,CS0116026,Pharmacy,High,732125,32.395464,74.21744,Phase 1
6,Sialkot,2027,CS0114801,Pharmacy,High,731163,32.435667,74.300106,Phase 1
6,Sialkot,2027,CS0114896,Supermarket,High,726921,32.499786,74.440442,Phase 1
6,Sialkot,2027,CS0114619,Pharmacy,High,724173,32.471227,74.312821,Phase 1
6,Sialkot,2027,CS0115135,Bakery,High,718217,32.520785,74.544865,Phase 1
6,Sialkot,2027,CS0114165,Petro Mart,High,712185,32.530332,74.53599,Phase 1
6,Sialkot,2027,CS0114717,Grocery,High,712044,32.449044,74.500373,Phase 1
6,Sialkot,2027,CS0116329,Grocery,High,707192,32.344961,74.613729,Phase 1
6,Sialkot,2027,CS0114008,Grocery,High,705799,32.511489,74.515873,Phase 1
6,Sialkot,2027,CS0116604,Supermarket,High,704621,32.485856,74.539212,Phase 1
6,Sialkot,2027,CS0115547,Supermarket,High,701635,32.541831,74.459366,Phase 1
6,Sialkot,2027,CS0114059,Grocery,High,700777,32.311025,74.488579,Phase 1
6,Sialkot,2027,CS0116663,Grocery,High,698731,32.389468,74.500272,Phase 1
6,Sialkot,2027,CS0116095,Grocery,High,693036,32.447772,74.337288,Phase 1
6,Sialkot,2027,CS0116832,Grocery,High,692903,32.370581,74.470133,Phase 1
6,Sialkot,2027,CS0113926,Pharmacy,High,691753,32.491416,74.501355,Phase 1
6,Sialkot,2027,CS0115328,Grocery,High,690875,32.382981,74.62519,Phase 1
6,Sialkot,2027,CS0116862,Supermarket,High,688110,32.508404,74.207092,Phase 1
6,Sialkot,2027,CS0115857,Pharmacy,High,686244,32.37264,74.479811,Phase 1
6,Sialkot,2027,CS0114478,Pharmacy,High,676771,32.470142,74.550278,Phase 1
6,Sialkot,2027,CS0116796,Bakery,High,671352,32.204295,74.644444,Phase 1
6,Sialkot,2027,CS0114293,Bakery,High,671019,32.453579,74.602695,Phase 1
6,Sialkot,2027,CS0113818,Bakery,High,670124,32.518999,74.477422,Phase 1
6,Sialkot,2027,CS0114774,Grocery,High,664760,32.229923,74.391162,Phase 1
6,Sialkot,2027,CS0115767,Grocery,High,651375,32.362782,74.497263,Phase 1
6,Sialkot,2027,CS0115947,Pharmacy,High,649265,32.647359,74.457877,Phase 1
6,Sialkot,2027,CS0115764,Pharmacy,High,644614,32.495401,74.615247,Phase 1
7,Hyderabad,2025,CS0054289,Grocery,High,2329931,25.377987,68.418596,Phase 1
7,Hyderabad,2025,CS0056053,Grocery,High,1860166,25.520522,68.616562,Phase 1
7,Hyderabad,2025,CS0055658,Grocery,High,1698396,25.556645,68.431787,Phase 1
7,Hyderabad,2025,CS0058843,Grocery,High,1632264,25.406115,68.47298,Phase 1
7,Hyderabad,2025,CS0057237,Grocery,High,1614440,25.453731,68.442582,Phase 1
7,Hyderabad,2025,CS0058918,Supermarket,High,1606773,25.400355,68.427425,Phase 1
7,Hyderabad,2025,CS0056032,Grocery,High,1581520,25.426758,68.393199,Phase 1
7,Hyderabad,2025,CS0057597,Petro Mart,High,1501414,25.396845,68.466383,Phase 1
7,Hyderabad,2025,CS0058176,Grocery,High,1432906,25.33523,68.396261,Phase 1
7,Hyderabad,2025,CS0055379,Grocery,High,1425274,25.494341,68.567846,Phase 1
7,Hyderabad,2025,CS0057980,Grocery,High,1416766,25.428519,68.601951,Phase 1
7,Hyderabad,2025,CS0058099,Pharmacy,High,1416509,25.458438,68.506047,Phase 1
7,Hyderabad,2025,CS0057223,Grocery,High,1368899,25.446623,68.572343,Phase 1
7,Hyderabad,2025,CS0056906,Pharmacy,High,1353412,25.491134,68.639598,Phase 1
7,Hyderabad,2025,CS0054573,Grocery,High,1342157,25.360846,68.515647,Phase 1
7,Hyderabad,2025,CS0054303,Bakery,High,1332081,25.377674,68.411638,Phase 1
7,Hyderabad,2025,CS0057565,Grocery,High,1329307,25.381928,68.477634,Phase 1
7,Hyderabad,2025,CS0058219,Grocery,High,1304313,25.45848,68.619337,Phase 1
7,Hyderabad,2025,CS0054414,Pharmacy,High,1303831,25.44809,68.526292,Phase 1
7,Hyderabad,2025,CS0054153,Supermarket,High,1303696,25.361122,68.57599,Phase 1
7,Hyderabad,2025,CS0054706,Grocery,High,1293616,25.607858,68.513877,Phase 1
7,Hyderabad,2025,CS0056231,Grocery,High,1292485,25.477173,68.511286,Phase 1
7,Hyderabad,2025,CS0057662,Grocery,High,1286934,25.411429,68.556183,Phase 1
7,Hyderabad,2025,CS0057146,Grocery,High,1286807,25.434554,68.552836,Phase 1
7,Hyderabad,2025,CS0057645,Pharmacy,High,1276441,25.37295,68.443245,Phase 1
7,Hyderabad,2025,CS0054710,Pharmacy,High,1269688,25.461288,68.441754,Phase 1
7,Hyderabad,2025,CS0058119,Grocery,High,1261586,25.486534,68.467367,Phase 1
7,Hyderabad,2025,CS0057749,Grocery,High,1260086,25.281257,68.474883,Phase 1
7,Hyderabad,2025,CS0056127,Petro Mart,High,1250889,25.451376,68.47403,Phase 1
7,Hyderabad,2025,CS0057158,Grocery,High,1201878,25.485542,68.450981,Phase 1
7,Hyderabad,2025,CS0057348,Grocery,High,1199481,25.416185,68.513051,Phase 1
7,Hyderabad,2025,CS0057460,Grocery,High,1199379,25.467825,68.439056,Phase 1
7,Hyderabad,2025,CS0054739,Grocery,High,1195739,25.445645,68.46716,Phase 1
7,Hyderabad,2025,CS0054046,Bakery,High,1186484,25.351972,68.536143,Phase 1
7,Hyderabad,2025,CS0056190,Bakery,High,1185588,25.292238,68.495002,Phase 1
7,Hyderabad,2025,CS0058367,Grocery,High,1167243,25.347448,68.422618,Phase 1
7,Hyderabad,2025,CS0057072,Grocery,High,1164755,25.465891,68.517918,Phase 1
7,Hyderabad,2025,CS0056809,Grocery,High,1147316,25.466523,68.489154,Phase 1
7,Hyderabad,2025,CS0055006,Grocery,High,1139927,25.495338,68.494598,Phase 1
7,Hyderabad,2025,CS0054307,Bakery,High,1139758,25.467377,68.443307,Phase 1
7,Hyderabad,2025,CS0055602,Pharmacy,High,1137342,25.52968,68.440558,Phase 1
7,Hyderabad,2025,CS0058479,Petro Mart,High,1130736,25.292492,68.452303,Phase 1
7,Hyderabad,2025,CS0055846,Grocery,High,1123558,25.291805,68.458801,Phase 1
7,Hyderabad,2025,CS0057998,Bakery,High,1122523,25.496403,68.616478,Phase 1
7,Hyderabad,2025,CS0058908,Bakery,High,1113650,25.480202,68.548216,Phase 1
7,Hyderabad,2025,CS0058624,Grocery,High,1102663,25.446135,68.493006,Phase 1
7,Hyderabad,2025,CS0054163,Grocery,High,1101426,25.55314,68.541005,Phase 1
7,Hyderabad,2025,CS0057718,Grocery,High,1100127,25.357392,68.396515,Phase 1
7,Hyderabad,2025,CS0058597,Petro Mart,High,1096420,25.420767,68.594582,Phase 1
7,Hyderabad,2025,CS0058259,Grocery,High,1090244,25.290091,68.498487,Phase 1
7,Hyderabad,2025,CS0055370,Grocery,High,1086880,25.534833,68.450471,Phase 1
7,Hyderabad,2025,CS0054183,Grocery,High,1076350,25.463918,68.531438,Phase 1
7,Hyderabad,2025,CS0058141,Grocery,High,1075906,25.522752,68.564152,Phase 1
7,Hyderabad,2025,CS0057881,Grocery,High,1074561,25.494818,68.604174,Phase 1
7,Hyderabad,2025,CS0057663,Grocery,High,1070312,25.434986,68.565747,Phase 1
7,Hyderabad,2025,CS0057608,Grocery,High,1065135,25.412523,68.366232,Phase 1
7,Hyderabad,2025,CS0054632,Pharmacy,High,1064618,25.586792,68.607686,Phase 1
7,Hyderabad,2025,CS0059032,Grocery,High,1053617,25.438407,68.586367,Phase 1
7,Hyderabad,2025,CS0057950,Grocery,High,1048200,25.523522,68.476419,Phase 1
7,Hyderabad,2025,CS0056503,Bakery,High,1047232,25.358051,68.54536,Phase 1
7,Hyderabad,2025,CS0054353,Pharmacy,High,1041597,25.314023,68.547878,Phase 1
7,Hyderabad,2025,CS0058485,Bakery,High,1035762,25.423094,68.428832,Phase 1
7,Hyderabad,2025,CS0056051,Grocery,High,1028037,25.317169,68.614568,Phase 1
7,Hyderabad,2025,CS0055831,Grocery,High,1024733,25.326135,68.530443,Phase 1
7,Hyderabad,2025,CS0054681,Grocery,High,1022492,25.321824,68.489086,Phase 1
7,Hyderabad,2025,CS0054312,Pharmacy,High,1015482,25.326766,68.530739,Phase 1
7,Hyderabad,2025,CS0059074,Grocery,High,1009847,25.476026,68.501424,Phase 1
7,Hyderabad,2025,CS0058833,Bakery,High,1007953,25.30878,68.443207,Phase 1
7,Hyderabad,2025,CS0057505,Grocery,High,1007882,25.351827,68.418346,Phase 1
7,Hyderabad,2026,CS0057839,Bakery,High,1007360,25.346654,68.545494,Phase 1
7,Hyderabad,2026,CS0057706,Petro Mart,High,1002998,25.592235,68.525328,Phase 1
7,Hyderabad,2026,CS0054340,Pharmacy,High,1001089,25.423205,68.441017,Phase 1
7,Hyderabad,2026,CS0055119,Grocery,High,1000938,25.480508,68.460823,Phase 1
7,Hyderabad,2026,CS0055073,Pharmacy,High,1000693,25.469619,68.443164,Phase 1
7,Hyderabad,2026,CS0057891,Grocery,High,1000655,25.36579,68.420688,Phase 1
7,Hyderabad,2026,CS0055226,Grocery,High,1000549,25.571984,68.506514,Phase 1
7,Hyderabad,2026,CS0055645,Bakery,High,1000079,25.252083,68.483599,Phase 1
7,Hyderabad,2026,CS0055752,Grocery,High,999792,25.446605,68.457977,Phase 1
7,Hyderabad,2026,CS0059012,Pharmacy,High,994051,25.437769,68.389594,Phase 1
7,Hyderabad,2026,CS0056858,Pharmacy,High,992534,25.55905,68.594595,Phase 1
7,Hyderabad,2026,CS0056957,Grocery,High,991675,25.373059,68.484677,Phase 1
7,Hyderabad,2026,CS0056362,Pharmacy,High,987487,25.523834,68.622323,Phase 1
7,Hyderabad,2026,CS0054965,Grocery,High,987425,25.525689,68.465063,Phase 1
7,Hyderabad,2026,CS0056598,Grocery,High,981665,25.522601,68.516807,Phase 1
7,Hyderabad,2026,CS0057115,Grocery,High,980301,25.375254,68.554024,Phase 1
7,Hyderabad,2026,CS0055412,Grocery,High,976647,25.683566,68.546041,Phase 1
7,Hyderabad,2026,CS0056451,Grocery,High,976349,25.359631,68.495961,Phase 1
7,Hyderabad,2026,CS0057339,Pharmacy,High,975113,25.534107,68.538555,Phase 1
7,Hyderabad,2026,CS0055204,Pharmacy,High,972833,25.464582,68.626606,Phase 1
7,Hyderabad,2026,CS0055264,Grocery,High,970481,25.437099,68.554935,Phase 1
7,Hyderabad,2026,CS0055538,Bakery,High,967746,25.4004,68.403906,Phase 1
7,Hyderabad,2026,CS0056251,Grocery,High,966344,25.478214,68.556561,Phase 1
7,Hyderabad,2026,CS0057274,Bakery,High,965559,25.483754,68.616224,Phase 1
7,Hyderabad,2026,CS0056563,Pharmacy,High,963178,25.513362,68.643456,Phase 1
7,Hyderabad,2026,CS0058644,Grocery,High,957675,25.354831,68.508095,Phase 1
7,Hyderabad,2026,CS0058947,Grocery,High,955367,25.564809,68.481476,Phase 1
7,Hyderabad,2026,CS0054348,Bakery,High,953009,25.526762,68.484612,Phase 1
7,Hyderabad,2026,CS0058148,Grocery,High,943985,25.511362,68.625097,Phase 1
7,Hyderabad,2026,CS0056133,Grocery,High,936119,25.451148,68.507944,Phase 1
7,Hyderabad,2026,CS0057947,Grocery,High,935122,25.428646,68.424016,Phase 1
7,Hyderabad,2026,CS0057632,Supermarket,High,931851,25.36238,68.477178,Phase 1
7,Hyderabad,2026,CS0055254,Grocery,High,929386,25.517948,68.659906,Phase 1
7,Hyderabad,2026,CS0056229,Supermarket,High,928571,25.42404,68.588019,Phase 1
7,Hyderabad,2026,CS0055750,Pharmacy,High,926653,25.416485,68.438291,Phase 1
7,Hyderabad,2026,CS0057719,Petro Mart,High,923401,25.405007,68.378467,Phase 1
7,Hyderabad,2026,CS0054638,Bakery,High,922210,25.442705,68.424269,Phase 1
7,Hyderabad,2026,CS0054374,Grocery,High,922149,25.450988,68.543415,Phase 1
7,Hyderabad,2026,CS0054416,Grocery,High,917498,25.363282,68.424927,Phase 1
7,Hyderabad,2026,CS0056212,Bakery,High,915468,25.388478,68.474453,Phase 1
7,Hyderabad,2026,CS0055070,Pharmacy,High,910935,25.470189,68.523921,Phase 1
7,Hyderabad,2026,CS0055742,Grocery,High,908900,25.431949,68.444065,Phase 1
7,Hyderabad,2026,CS0058220,Bakery,High,907288,25.388425,68.393341,Phase 1
7,Hyderabad,2026,CS0058094,Grocery,High,904060,25.359528,68.463329,Phase 1
7,Hyderabad,2026,CS0056916,Bakery,High,902341,25.438003,68.434479,Phase 1
7,Hyderabad,2026,CS0054504,Pharmacy,High,901959,25.422084,68.426726,Phase 1
7,Hyderabad,2026,CS0055281,Grocery,High,901780,25.535555,68.524552,Phase 1
7,Hyderabad,2026,CS0059047,Grocery,High,901170,25.398487,68.380611,Phase 1
7,Hyderabad,2026,CS0054729,Grocery,High,900226,25.455145,68.45092,Phase 1
7,Hyderabad,2026,CS0057794,Bakery,High,899372,25.392963,68.336791,Phase 1
7,Hyderabad,2026,CS0057956,Grocery,High,897085,25.379014,68.50029,Phase 1
7,Hyderabad,2026,CS0056141,Pharmacy,High,895635,25.441696,68.556087,Phase 1
7,Hyderabad,2026,CS0057883,Grocery,High,895564,25.433816,68.36971,Phase 1
7,Hyderabad,2026,CS0057910,Petro Mart,High,895442,25.52079,68.559916,Phase 1
7,Hyderabad,2026,CS0056378,Grocery,High,893595,25.519924,68.550269,Phase 1
7,Hyderabad,2026,CS0056531,Bakery,High,891139,25.47632,68.519905,Phase 1
7,Hyderabad,2026,CS0058670,Grocery,High,890655,25.535242,68.485446,Phase 1
7,Hyderabad,2026,CS0055962,Supermarket,High,885974,25.454162,68.490063,Phase 1
7,Hyderabad,2026,CS0057401,Grocery,High,885049,25.331972,68.454337,Phase 1
7,Hyderabad,2026,CS0058028,Grocery,High,884033,25.354727,68.384794,Phase 1
7,Hyderabad,2026,CS0058909,Bakery,High,881499,25.543002,68.509124,Phase 1
7,Hyderabad,2026,CS0058124,Grocery,High,881059,25.449336,68.544854,Phase 1
7,Hyderabad,2026,CS0054269,Grocery,High,879434,25.46744,68.493469,Phase 1
7,Hyderabad,2026,CS0057943,Grocery,High,877942,25.371712,68.526982,Phase 1
7,Hyderabad,2026,CS0054667,Pharmacy,High,872898,25.505517,68.597407,Phase 1
7,Hyderabad,2026,CS0057928,Grocery,High,871925,25.473548,68.456853,Phase 1
7,Hyderabad,2026,CS0054760,Grocery,High,869792,25.464515,68.439672,Phase 1
7,Hyderabad,2026,CS0058948,Grocery,High,868842,25.52106,68.529124,Phase 1
7,Hyderabad,2026,CS0056679,Grocery,High,867628,25.320014,68.536679,Phase 1
7,Hyderabad,2027,CS0055061,Grocery,High,866051,25.410237,68.459089,Phase 1
7,Hyderabad,2027,CS0058258,Grocery,High,865759,25.429149,68.439957,Phase 1
7,Hyderabad,2027,CS0054743,Bakery,High,865288,25.393787,68.466052,Phase 1
7,Hyderabad,2027,CS0054645,Bakery,High,865230,25.475068,68.537494,Phase 1
7,Hyderabad,2027,CS0054584,Grocery,High,863530,25.41099,68.491784,Phase 1
7,Hyderabad,2027,CS0058232,Grocery,High,863163,25.307578,68.596956,Phase 1
7,Hyderabad,2027,CS0055087,Pharmacy,High,861019,25.484476,68.547832,Phase 1
7,Hyderabad,2027,CS0058749,Grocery,High,860810,25.325156,68.500532,Phase 1
7,Hyderabad,2027,CS0057190,Bakery,High,860252,25.483057,68.449808,Phase 1
7,Hyderabad,2027,CS0054061,Grocery,High,857482,25.487203,68.455167,Phase 1
7,Hyderabad,2027,CS0055206,Bakery,High,856968,25.537749,68.557442,Phase 1
7,Hyderabad,2027,CS0055581,Grocery,High,856059,25.564437,68.491679,Phase 1
7,Hyderabad,2027,CS0055634,Supermarket,High,853042,25.433334,68.420503,Phase 1
7,Hyderabad,2027,CS0056896,Grocery,High,851514,25.384493,68.540745,Phase 1
7,Hyderabad,2027,CS0057729,Grocery,High,849870,25.426694,68.491346,Phase 1
7,Hyderabad,2027,CS0055357,Grocery,High,849705,25.560243,68.511677,Phase 1
7,Hyderabad,2027,CS0055169,Grocery,High,848013,25.341478,68.575277,Phase 1
7,Hyderabad,2027,CS0057496,Bakery,High,845833,25.327485,68.464346,Phase 1
7,Hyderabad,2027,CS0056501,Grocery,High,845182,25.427852,68.531889,Phase 1
7,Hyderabad,2027,CS0056660,Bakery,High,842905,25.555685,68.409172,Phase 1
7,Hyderabad,2027,CS0055151,Grocery,High,842491,25.460652,68.488162,Phase 1
7,Hyderabad,2027,CS0057995,Grocery,High,838053,25.492481,68.419307,Phase 1
7,Hyderabad,2027,CS0058681,Grocery,High,835765,25.404273,68.440304,Phase 1
7,Hyderabad,2027,CS0054043,Grocery,High,834940,25.452417,68.497598,Phase 1
7,Hyderabad,2027,CS0058753,Bakery,High,834766,25.419093,68.588378,Phase 1
7,Hyderabad,2027,CS0055723,Grocery,High,834409,25.366238,68.37849,Phase 1
7,Hyderabad,2027,CS0055004,Grocery,High,833835,25.416906,68.530539,Phase 1
7,Hyderabad,2027,CS0059056,Supermarket,High,826997,25.464924,68.530969,Phase 1
7,Hyderabad,2027,CS0054757,Grocery,High,823944,25.560115,68.592339,Phase 1
7,Hyderabad,2027,CS0058764,Bakery,High,821795,25.425846,68.436423,Phase 1
7,Hyderabad,2027,CS0054215,Supermarket,High,821575,25.378383,68.491388,Phase 1
7,Hyderabad,2027,CS0056596,Pharmacy,High,818147,25.474408,68.529354,Phase 1
7,Hyderabad,2027,CS0056780,Bakery,High,817690,25.517497,68.489941,Phase 1
7,Hyderabad,2027,CS0057664,Pharmacy,High,813603,25.47378,68.568092,Phase 1
7,Hyderabad,2027,CS0055055,Bakery,High,811945,25.496966,68.636373,Phase 1
7,Hyderabad,2027,CS0057779,Grocery,High,810796,25.46611,68.570522,Phase 1
7,Hyderabad,2027,CS0056153,Grocery,High,808257,25.514366,68.540657,Phase 1
7,Hyderabad,2027,CS0054193,Grocery,High,802455,25.468024,68.48173,Phase 1
7,Hyderabad,2027,CS0058849,Grocery,High,801510,25.47734,68.421714,Phase 1
7,Hyderabad,2027,CS0054337,Pharmacy,High,800605,25.481745,68.525913,Phase 1
7,Hyderabad,2027,CS0055128,Pharmacy,High,799232,25.37334,68.43418,Phase 1
7,Hyderabad,2027,CS0058569,Supermarket,High,796519,25.502163,68.527522,Phase 1
7,Hyderabad,2027,CS0055804,Pharmacy,High,795549,25.445006,68.559547,Phase 1
7,Hyderabad,2027,CS0056366,Grocery,High,793651,25.282213,68.518072,Phase 1
7,Hyderabad,2027,CS0056093,Grocery,High,789740,25.463253,68.545982,Phase 1
7,Hyderabad,2027,CS0055418,Grocery,High,786985,25.399357,68.571717,Phase 1
7,Hyderabad,2027,CS0058912,Grocery,High,786441,25.467351,68.51834,Phase 1
7,Hyderabad,2027,CS0056386,Pharmacy,High,783086,25.526992,68.514223,Phase 1
7,Hyderabad,2027,CS0056703,Grocery,High,776999,25.450353,68.577743,Phase 1
7,Hyderabad,2027,CS0056020,Grocery,High,776665,25.41822,68.455693,Phase 1
7,Hyderabad,2027,CS0054610,Grocery,High,776221,25.436709,68.415823,Phase 1
7,Hyderabad,2027,CS0056468,Grocery,High,774083,25.431444,68.408335,Phase 1
7,Hyderabad,2027,CS0058587,Petro Mart,High,773773,25.394956,68.544208,Phase 1
7,Hyderabad,2027,CS0057968,Pharmacy,High,772273,25.41199,68.496102,Phase 1
7,Hyderabad,2027,CS0054475,Grocery,High,768655,25.422562,68.588015,Phase 1
7,Hyderabad,2027,CS0056006,Grocery,High,766680,25.458774,68.555208,Phase 1
7,Hyderabad,2027,CS0054753,Grocery,High,766276,25.496741,68.573047,Phase 1
7,Hyderabad,2027,CS0057522,Pharmacy,High,766020,25.556518,68.431506,Phase 1
8,Peshawar,2025,CS0157632,Petro Mart,High,1855528,33.870861,71.709859,Phase 3
8,Peshawar,2025,CS0159360,Grocery,High,1742723,34.062817,71.545137,Phase 3
8,Peshawar,2025,CS0156960,Grocery,High,1647149,33.754266,71.555064,Phase 3
8,Peshawar,2025,CS0157368,Grocery,High,1516096,33.992161,71.477041,Phase 3
8,Peshawar,2025,CS0155808,Bakery,High,1473239,33.943855,71.613662,Phase 3
8,Peshawar,2025,CS0157398,Grocery,High,1404269,33.872159,71.705118,Phase 3
8,Peshawar,2025,CS0159553,Grocery,High,1381171,33.927395,71.419383,Phase 3
8,Peshawar,2025,CS0158825,Pharmacy,High,1330567,33.930202,71.720918,Phase 3
8,Peshawar,2025,CS0156708,Grocery,High,1326369,33.818667,71.586233,Phase 3
8,Peshawar,2025,CS0155674,Pharmacy,High,1296969,33.991342,71.603815,Phase 3
8,Peshawar,2025,CS0157280,Grocery,High,1289536,33.971359,71.671321,Phase 3
8,Peshawar,2025,CS0159561,Pharmacy,High,1280757,33.742908,71.686812,Phase 3
8,Peshawar,2025,CS0158352,Supermarket,High,1277861,33.858743,71.584092,Phase 3
8,Peshawar,2025,CS0158753,Grocery,High,1267478,33.854706,71.668539,Phase 3
8,Peshawar,2025,CS0157409,Pharmacy,High,1262234,34.049664,71.490753,Phase 3
8,Peshawar,2025,CS0157515,Grocery,High,1247165,33.792138,71.711291,Phase 3
8,Peshawar,2025,CS0156743,Grocery,High,1245404,33.897923,71.561713,Phase 3
8,Peshawar,2025,CS0156118,Grocery,High,1228293,33.841821,71.566594,Phase 3
8,Peshawar,2025,CS0156187,Grocery,High,1215447,33.838461,71.619437,Phase 3
8,Peshawar,2025,CS0159523,Grocery,High,1214534,33.82851,71.626313,Phase 3
8,Peshawar,2025,CS0157417,Bakery,High,1209907,33.932886,71.604497,Phase 3
8,Peshawar,2025,CS0156856,Bakery,High,1194874,33.889073,71.694201,Phase 3
8,Peshawar,2025,CS0157011,Bakery,High,1193239,33.91441,71.581709,Phase 3
8,Peshawar,2025,CS0158800,Grocery,High,1187357,33.901626,71.456859,Phase 3
8,Peshawar,2025,CS0155769,Grocery,High,1185263,33.930439,71.555374,Phase 3
8,Peshawar,2025,CS0158708,Supermarket,High,1183961,33.700908,71.662392,Phase 3
8,Peshawar,2025,CS0155920,Grocery,High,1169695,33.973756,71.504264,Phase 3
8,Peshawar,2025,CS0156851,Pharmacy,High,1168635,33.917354,71.528155,Phase 3
8,Peshawar,2025,CS0157135,Pharmacy,High,1166882,34.042287,71.560429,Phase 3
8,Peshawar,2025,CS0156128,Grocery,High,1166848,33.905454,71.6199,Phase 3
8,Peshawar,2025,CS0159660,Supermarket,High,1164676,34.030544,71.52661,Phase 3
8,Peshawar,2025,CS0157947,Supermarket,High,1161566,33.963305,71.453195,Phase 3
8,Peshawar,2025,CS0157281,Grocery,High,1158136,33.907914,71.62029,Phase 3
8,Peshawar,2025,CS0155855,Grocery,High,1155311,33.851873,71.480583,Phase 3
8,Peshawar,2025,CS0157028,Petro Mart,High,1149857,33.878982,71.549831,Phase 3
8,Peshawar,2025,CS0156770,Pharmacy,High,1144725,33.997709,71.542104,Phase 3
8,Peshawar,2025,CS0156364,Grocery,High,1127224,33.986005,71.690139,Phase 3
8,Peshawar,2025,CS0158615,Pharmacy,High,1124529,33.801432,71.583352,Phase 3
8,Peshawar,2025,CS0159128,Grocery,High,1121765,33.945357,71.706722,Phase 3
8,Peshawar,2025,CS0159108,Pharmacy,High,1121173,33.795298,71.555038,Phase 3
8,Peshawar,2025,CS0156899,Grocery,High,1104338,33.696279,71.600811,Phase 3
8,Peshawar,2025,CS0155714,Bakery,High,1089753,33.861043,71.636392,Phase 3
8,Peshawar,2025,CS0157622,Supermarket,High,1084636,33.929328,71.431407,Phase 3
8,Peshawar,2025,CS0157685,Bakery,High,1084075,33.838704,71.573064,Phase 3
8,Peshawar,2025,CS0159467,Pharmacy,High,1081781,33.965367,71.610448,Phase 3
8,Peshawar,2025,CS0157756,Grocery,High,1080106,33.859214,71.475797,Phase 3
8,Peshawar,2025,CS0159160,Grocery,High,1076750,34.004705,71.66282,Phase 3
8,Peshawar,2025,CS0156013,Bakery,High,1075753,33.878061,71.570553,Phase 3
8,Peshawar,2025,CS0159410,Grocery,High,1065984,33.932564,71.499414,Phase 3
8,Peshawar,2025,CS0157015,Bakery,High,1064683,33.873422,71.544757,Phase 3
8,Peshawar,2025,CS0159093,Grocery,High,1062624,33.786053,71.670915,Phase 3
8,Peshawar,2025,CS0159310,Pharmacy,High,1057063,33.839966,71.703889,Phase 3
8,Peshawar,2025,CS0157688,Bakery,High,1055109,33.972355,71.624218,Phase 3
8,Peshawar,2025,CS0158750,Grocery,High,1054760,33.955734,71.637998,Phase 3
8,Peshawar,2025,CS0157172,Supermarket,High,1053184,33.890971,71.659672,Phase 3
8,Peshawar,2025,CS0158576,Petro Mart,High,1049363,33.692829,71.617372,Phase 3
8,Peshawar,2025,CS0158129,Grocery,High,1045374,34.078629,71.581637,Phase 3
8,Peshawar,2025,CS0157444,Grocery,High,1044701,33.834584,71.595257,Phase 3
8,Peshawar,2025,CS0156652,Grocery,High,1042263,33.861323,71.567805,Phase 3
8,Peshawar,2025,CS0157563,Grocery,High,1038387,33.794406,71.675967,Phase 3
8,Peshawar,2025,CS0156709,Grocery,High,1035578,33.81489,71.626795,Phase 3
8,Peshawar,2025,CS0156048,Pharmacy,High,1033946,34.017391,71.680613,Phase 3
8,Peshawar,2025,CS0158803,Grocery,High,1031957,33.893425,71.561369,Phase 3
8,Peshawar,2025,CS0159081,Pharmacy,High,1021963,33.903524,71.67064,Phase 3
8,Peshawar,2025,CS0155922,Grocery,High,1014654,33.913621,71.613753,Phase 3
8,Peshawar,2025,CS0156516,Bakery,High,1009275,33.85861,71.531451,Phase 3
8,Peshawar,2025,CS0157175,Supermarket,High,1006401,33.818893,71.492705,Phase 3
8,Peshawar,2025,CS0156122,Grocery,High,1006003,34.064459,71.632879,Phase 3
8,Peshawar,2025,CS0156927,Grocery,High,1003262,33.932218,71.495733,Phase 3
8,Peshawar,2025,CS0157833,Bakery,High,1002438,33.79079,71.47319,Phase 3
8,Peshawar,2025,CS0158080,Pharmacy,High,998065,33.846719,71.620715,Phase 3
8,Peshawar,2025,CS0158490,Grocery,High,995174,33.783466,71.579386,Phase 3
8,Peshawar,2025,CS0156478,Grocery,High,992175,33.920487,71.567069,Phase 3
8,Peshawar,2025,CS0155616,Grocery,High,992002,33.964511,71.630961,Phase 3
8,Peshawar,2025,CS0157868,Grocery,High,988012,33.879849,71.651736,Phase 3
8,Peshawar,2025,CS0158390,Grocery,High,983466,33.950115,71.606794,Phase 3
8,Peshawar,2025,CS0157723,Pharmacy,High,982880,33.880279,71.750268,Phase 3
8,Peshawar,2025,CS0156132,Grocery,High,982871,33.93079,71.653985,Phase 3
8,Peshawar,2025,CS0158582,Pharmacy,High,975420,33.841543,71.574921,Phase 3
8,Peshawar,2025,CS0156959,Grocery,High,974585,33.914582,71.585369,Phase 3
8,Peshawar,2025,CS0159707,Grocery,High,967755,34.057318,71.604891,Phase 3
8,Peshawar,2025,CS0158552,Bakery,High,965849,33.969403,71.570822,Phase 3
8,Peshawar,2025,CS0156179,Grocery,High,964577,33.963529,71.661226,Phase 3
8,Peshawar,2025,CS0157112,Pharmacy,High,964292,33.857791,71.571649,Phase 3
8,Peshawar,2025,CS0158856,Grocery,High,962049,33.89768,71.58445,Phase 3
8,Peshawar,2026,CS0157901,Grocery,High,960310,33.82547,71.492137,Phase 3
8,Peshawar,2026,CS0157274,Pharmacy,High,958981,33.854775,71.615565,Phase 3
8,Peshawar,2026,CS0155851,Pharmacy,High,958357,33.84049,71.626069,Phase 3
8,Peshawar,2026,CS0157625,Grocery,High,956850,33.92696,71.508821,Phase 3
8,Peshawar,2026,CS0158757,Pharmacy,High,956471,33.90445,71.609383,Phase 3
8,Peshawar,2026,CS0158059,Grocery,High,955599,33.727824,71.542006,Phase 3
8,Peshawar,2026,CS0159257,Pharmacy,High,949766,33.912748,71.43731,Phase 3
8,Peshawar,2026,CS0156954,Grocery,High,949565,33.89914,71.534855,Phase 3
8,Peshawar,2026,CS0157310,Grocery,High,948407,33.795409,71.65584,Phase 3
8,Peshawar,2026,CS0156354,Grocery,High,945637,33.953556,71.518637,Phase 3
8,Peshawar,2026,CS0156923,Pharmacy,High,944788,33.972841,71.587054,Phase 3
8,Peshawar,2026,CS0157442,Bakery,High,944548,33.871785,71.680102,Phase 3
8,Peshawar,2026,CS0155833,Grocery,High,941347,33.966828,71.623097,Phase 3
8,Peshawar,2026,CS0157196,Pharmacy,High,939839,33.860946,71.643354,Phase 3
8,Peshawar,2026,CS0159059,Grocery,High,932516,33.769147,71.715238,Phase 3
8,Peshawar,2026,CS0157837,Petro Mart,High,931140,33.890178,71.613191,Phase 3
8,Peshawar,2026,CS0156479,Grocery,High,930094,33.872291,71.588332,Phase 3
8,Peshawar,2026,CS0156554,Supermarket,High,929649,33.917361,71.582796,Phase 3
8,Peshawar,2026,CS0157631,Grocery,High,927521,33.911091,71.629849,Phase 3
8,Peshawar,2026,CS0159117,Grocery,High,926052,34.005241,71.620214,Phase 3
8,Peshawar,2026,CS0159669,Grocery,High,924467,33.942307,71.476784,Phase 3
8,Peshawar,2026,CS0157401,Supermarket,High,920224,34.00324,71.633621,Phase 3
8,Peshawar,2026,CS0159113,Grocery,High,913776,33.997998,71.477299,Phase 3
8,Peshawar,2026,CS0156533,Pharmacy,High,913711,33.87361,71.445789,Phase 3
8,Peshawar,2026,CS0159023,Grocery,High,913626,33.876773,71.60519,Phase 3
8,Peshawar,2026,CS0156890,Supermarket,High,911167,33.760865,71.555965,Phase 3
8,Peshawar,2026,CS0159375,Bakery,High,908403,33.909561,71.632975,Phase 3
8,Peshawar,2026,CS0157882,Pharmacy,High,904645,33.854964,71.539936,Phase 3
8,Peshawar,2026,CS0158721,Grocery,High,901908,33.95414,71.707765,Phase 3
8,Peshawar,2026,CS0156284,Pharmacy,High,898065,34.015432,71.537368,Phase 3
8,Peshawar,2026,CS0158224,Grocery,High,894495,34.016484,71.622796,Phase 3
8,Peshawar,2026,CS0156414,Grocery,High,890233,33.688449,71.618423,Phase 3
8,Peshawar,2026,CS0156197,Bakery,High,889338,33.99528,71.546735,Phase 3
8,Peshawar,2026,CS0159162,Pharmacy,High,889223,33.815899,71.638245,Phase 3
8,Peshawar,2026,CS0155821,Grocery,High,886167,33.911616,71.572566,Phase 3
8,Peshawar,2026,CS0157316,Bakery,High,884362,33.879249,71.515492,Phase 3
8,Peshawar,2026,CS0158696,Grocery,High,883629,34.030316,71.587635,Phase 3
8,Peshawar,2026,CS0157478,Grocery,High,882507,33.978686,71.581489,Phase 3
8,Peshawar,2026,CS0159377,Grocery,High,882092,33.888298,71.692851,Phase 3
8,Peshawar,2026,CS0158380,Grocery,High,879646,33.904027,71.66723,Phase 3
8,Peshawar,2026,CS0156737,Bakery,High,875200,33.924507,71.626279,Phase 3
8,Peshawar,2026,CS0157498,Grocery,High,874837,33.926852,71.48146,Phase 3
8,Peshawar,2026,CS0158839,Grocery,High,869766,33.833391,71.64105,Phase 3
8,Peshawar,2026,CS0159414,Bakery,High,862145,33.896395,71.590378,Phase 3
8,Peshawar,2026,CS0156946,Grocery,High,860986,33.826989,71.601226,Phase 3
8,Peshawar,2026,CS0155932,Grocery,High,856348,33.868317,71.525615,Phase 3
8,Peshawar,2026,CS0157506,Pharmacy,High,853676,33.871465,71.650863,Phase 3
8,Peshawar,2026,CS0158463,Grocery,High,848281,33.913256,71.648602,Phase 3
8,Peshawar,2026,CS0158250,Petro Mart,High,848003,33.872668,71.650007,Phase 3
8,Peshawar,2026,CS0156577,Pharmacy,High,846034,33.807275,71.547826,Phase 3
8,Peshawar,2026,CS0157559,Grocery,High,845312,33.91715,71.645392,Phase 3
8,Peshawar,2026,CS0157298,Grocery,High,844387,33.92909,71.539782,Phase 3
8,Peshawar,2026,CS0158328,Bakery,High,839567,33.929008,71.625986,Phase 3
8,Peshawar,2026,CS0158600,Grocery,High,835163,33.823486,71.537535,Phase 3
8,Peshawar,2026,CS0159574,Grocery,High,834758,33.742968,71.690264,Phase 3
8,Peshawar,2026,CS0157914,Grocery,High,832403,33.903537,71.672455,Phase 3
8,Peshawar,2026,CS0156278,Grocery,High,832153,33.87714,71.725081,Phase 3
8,Peshawar,2026,CS0156701,Bakery,High,828152,33.921696,71.59776,Phase 3
8,Peshawar,2026,CS0158788,Pharmacy,High,827528,34.058232,71.675804,Phase 3
8,Peshawar,2026,CS0158586,Bakery,High,823395,33.906735,71.647988,Phase 3
8,Peshawar,2026,CS0156706,Petro Mart,High,823134,33.884628,71.626404,Phase 3
8,Peshawar,2026,CS0157098,Pharmacy,High,821765,33.944643,71.524406,Phase 3
8,Peshawar,2026,CS0157838,Bakery,High,819610,33.954517,71.698479,Phase 3
8,Peshawar,2026,CS0157088,Supermarket,High,814454,34.048924,71.411132,Phase 3
8,Peshawar,2026,CS0156643,Grocery,High,813596,33.793939,71.662268,Phase 3
8,Peshawar,2026,CS0159211,Supermarket,High,812958,33.730609,71.576101,Phase 3
8,Peshawar,2026,CS0156224,Grocery,High,811358,33.778063,71.580634,Phase 3
8,Peshawar,2026,CS0157717,Grocery,High,804958,33.957877,71.565818,Phase 3
8,Peshawar,2026,CS0159615,Bakery,High,802882,33.933678,71.616878,Phase 3
8,Peshawar,2026,CS0157910,Grocery,High,801140,33.811025,71.535819,Phase 3
8,Peshawar,2026,CS0156871,Grocery,High,800243,33.960431,71.683488,Phase 3
8,Peshawar,2026,CS0158605,Grocery,High,799322,33.797231,71.475697,Phase 3
8,Peshawar,2026,CS0159280,Pharmacy,High,797218,33.914214,71.555148,Phase 3
8,Peshawar,2026,CS0156398,Petro Mart,High,796936,33.989675,71.527444,Phase 3
8,Peshawar,2026,CS0158900,Grocery,High,796420,33.918168,71.49242,Phase 3
8,Peshawar,2026,CS0158019,Supermarket,High,789303,33.753093,71.583442,Phase 3
8,Peshawar,2026,CS0157239,Grocery,High,787765,33.904466,71.583245,Phase 3
8,Peshawar,2026,CS0156130,Pharmacy,High,786551,33.998674,71.430007,Phase 3
8,Peshawar,2026,CS0159631,Supermarket,High,786255,33.985635,71.430217,Phase 3
8,Peshawar,2026,CS0158939,Grocery,High,785011,33.878226,71.602543,Phase 3
8,Peshawar,2026,CS0158553,Grocery,High,783747,33.890367,71.643356,Phase 3
8,Peshawar,2026,CS0158848,Grocery,High,782932,33.9266,71.738096,Phase 3
8,Peshawar,2026,CS0157008,Grocery,High,782254,33.880265,71.64801,Phase 3
8,Peshawar,2026,CS0156244,Grocery,High,781030,33.770281,71.685845,Phase 3
8,Peshawar,2027,CS0158759,Pharmacy,High,778966,33.981535,71.562769,Phase 3
8,Peshawar,2027,CS0155941,Grocery,High,773912,33.861557,71.520749,Phase 3
8,Peshawar,2027,CS0156131,Bakery,High,772316,33.875843,71.614468,Phase 3
8,Peshawar,2027,CS0157948,Supermarket,High,770824,33.985233,71.694405,Phase 3
8,Peshawar,2027,CS0156293,Pharmacy,High,769587,33.844962,71.577298,Phase 3
8,Peshawar,2027,CS0158527,Grocery,High,767582,33.987522,71.661468,Phase 3
8,Peshawar,2027,CS0156355,Grocery,High,767538,33.772995,71.682788,Phase 3
8,Peshawar,2027,CS0159229,Grocery,High,765192,33.901705,71.424832,Phase 3
8,Peshawar,2027,CS0158897,Grocery,High,764730,34.003417,71.644589,Phase 3
8,Peshawar,2027,CS0157845,Bakery,High,763676,33.788445,71.587149,Phase 3
8,Peshawar,2027,CS0157754,Grocery,High,763286,34.046624,71.473733,Phase 3
8,Peshawar,2027,CS0157230,Supermarket,High,760791,33.956043,71.606493,Phase 3
8,Peshawar,2027,CS0156766,Grocery,High,756821,33.840889,71.480109,Phase 3
8,Peshawar,2027,CS0156598,Pharmacy,High,749856,33.833076,71.666697,Phase 3
8,Peshawar,2027,CS0157455,Bakery,High,748958,33.855407,71.605248,Phase 3
8,Peshawar,2027,CS0158031,Grocery,High,748672,33.870294,71.716359,Phase 3
8,Peshawar,2027,CS0158833,Bakery,High,748424,33.819779,71.669988,Phase 3
8,Peshawar,2027,CS0158942,Bakery,High,745961,33.909325,71.64086,Phase 3
8,Peshawar,2027,CS0158693,Grocery,High,744944,33.979405,71.621894,Phase 3
8,Peshawar,2027,CS0157827,Grocery,High,742255,33.891979,71.718922,Phase 3
8,Peshawar,2027,CS0158872,Grocery,High,742174,33.982137,71.587392,Phase 3
8,Peshawar,2027,CS0156638,Grocery,High,737330,33.854191,71.519357,Phase 3
8,Peshawar,2027,CS0158584,Grocery,High,736968,33.833902,71.551667,Phase 3
8,Peshawar,2027,CS0158285,Petro Mart,High,736125,33.964019,71.439278,Phase 3
8,Peshawar,2027,CS0155650,Supermarket,High,735496,33.995284,71.572494,Phase 3
8,Peshawar,2027,CS0156575,Bakery,High,731437,33.864865,71.536035,Phase 3
8,Peshawar,2027,CS0156212,Supermarket,High,730769,33.923064,71.720261,Phase 3
8,Peshawar,2027,CS0157371,Grocery,High,727915,33.881129,71.555717,Phase 3
8,Peshawar,2027,CS0157499,Grocery,High,722418,33.924452,71.560349,Phase 3
8,Peshawar,2027,CS0159020,Supermarket,High,721970,33.938715,71.67266,Phase 3
8,Peshawar,2027,CS0157935,Pharmacy,High,709122,33.928769,71.443713,Phase 3
8,Peshawar,2027,CS0155656,Pharmacy,High,706466,33.850259,71.524487,Phase 3
8,Peshawar,2027,CS0159186,Pharmacy,High,701016,33.943494,71.686578,Phase 3
8,Peshawar,2027,CS0156149,Supermarket,High,700813,33.926664,71.70896,Phase 3
8,Peshawar,2027,CS0158573,Grocery,High,697220,33.922748,71.607448,Phase 3
8,Peshawar,2027,CS0158410,Grocery,High,694537,34.004175,71.503829,Phase 3
8,Peshawar,2027,CS0157585,Grocery,High,692729,33.945523,71.677708,Phase 3
8,Peshawar,2027,CS0157655,Pharmacy,High,691362,34.036941,71.586618,Phase 3
8,Peshawar,2027,CS0158574,Grocery,High,690380,33.947091,71.521095,Phase 3
8,Peshawar,2027,CS0157155,Grocery,High,686463,33.801835,71.52882,Phase 3
8,Peshawar,2027,CS0158937,Bakery,High,686265,33.849512,71.516528,Phase 3
8,Peshawar,2027,CS0159393,Pharmacy,High,684704,33.913775,71.583139,Phase 3
8,Peshawar,2027,CS0156104,Pharmacy,High,683814,33.951913,71.627841,Phase 3
8,Peshawar,2027,CS0157336,Petro Mart,High,679819,33.868762,71.662255,Phase 3
8,Peshawar,2027,CS0158801,Supermarket,High,677235,33.88239,71.550967,Phase 3
8,Peshawar,2027,CS0156126,Grocery,High,674817,33.904087,71.526416,Phase 3
8,Peshawar,2027,CS0157089,Petro Mart,High,674526,33.999368,71.571356,Phase 3
8,Peshawar,2027,CS0156613,Bakery,High,673225,33.768757,71.664591,Phase 3
8,Peshawar,2027,CS0157453,Grocery,High,672921,33.926231,71.561035,Phase 3
8,Peshawar,2027,CS0158892,Grocery,High,669452,33.879532,71.61576,Phase 3
8,Peshawar,2027,CS0158513,Grocery,High,666928,33.904841,71.568418,Phase 3
8,Peshawar,2027,CS0157682,Grocery,High,666924,33.962112,71.688458,Phase 3
8,Peshawar,2027,CS0158809,Bakery,High,662289,33.826841,71.623305,Phase 3
8,Peshawar,2027,CS0156112,Supermarket,High,661230,33.833493,71.705383,Phase 3
8,Peshawar,2027,CS0159069,Grocery,High,657653,33.95491,71.534646,Phase 3
8,Peshawar,2027,CS0159337,Grocery,High,656844,33.871057,71.590637,Phase 3
8,Peshawar,2027,CS0156273,Grocery,High,653007,33.872121,71.640009,Phase 3
8,Peshawar,2027,CS0156860,Grocery,High,649610,33.785744,71.574802,Phase 3
8,Peshawar,2027,CS0157416,Grocery,High,646329,33.929158,71.619676,Phase 3
8,Peshawar,2027,CS0157867,Grocery,High,637492,33.784467,71.577311,Phase 3
8,Peshawar,2027,CS0157243,Bakery,High,632537,33.880512,71.757863,Phase 3
8,Peshawar,2027,CS0156763,Pharmacy,High,631907,33.808634,71.653432,Phase 3
8,Peshawar,2027,CS0155633,Grocery,High,631475,33.824776,71.524221,Phase 3
8,Peshawar,2027,CS0157782,Supermarket,High,624451,33.910072,71.636511,Phase 3
8,Peshawar,2027,CS0157129,Grocery,High,623615,33.911021,71.54461,Phase 3
8,Peshawar,2027,CS0156166,Grocery,High,621282,33.72939,71.543264,Phase 3
8,Peshawar,2027,CS0156767,Pharmacy,High,617055,33.978946,71.601721,Phase 3
8,Peshawar,2027,CS0155703,Grocery,High,616803,33.807541,71.608443,Phase 3
8,Peshawar,2027,CS0158253,Grocery,High,616569,33.909499,71.448045,Phase 3
8,Peshawar,2027,CS0155988,Supermarket,High,614389,33.951107,71.584807,Phase 3
9,Rawalpindi,2025,CS0101616,Petro Mart,High,1961591,33.321513,73.4804,Phase 3
9,Rawalpindi,2025,CS0102885,Bakery,High,1673814,33.704003,73.333584,Phase 3
9,Rawalpindi,2025,CS0097505,Grocery,High,1636026,33.410835,73.375898,Phase 3
9,Rawalpindi,2025,CS0097288,Grocery,High,1626667,33.657206,73.482776,Phase 3
9,Rawalpindi,2025,CS0101813,Pharmacy,High,1605501,33.35268,73.506854,Phase 3
9,Rawalpindi,2025,CS0097149,Supermarket,High,1601933,33.642801,73.423259,Phase 3
9,Rawalpindi,2025,CS0097682,Pharmacy,High,1576174,33.374937,73.467982,Phase 3
9,Rawalpindi,2025,CS0104344,Pharmacy,High,1554959,33.427649,73.46589,Phase 3
9,Rawalpindi,2025,CS0104389,Grocery,High,1548496,33.584572,73.40685,Phase 3
9,Rawalpindi,2025,CS0095457,Supermarket,High,1501270,33.455699,73.405944,Phase 3
9,Rawalpindi,2025,CS0095500,Grocery,High,1483723,33.652387,73.323599,Phase 3
9,Rawalpindi,2025,CS0097759,Grocery,High,1473730,33.620957,73.454786,Phase 3
9,Rawalpindi,2025,CS0095487,Grocery,High,1467450,33.454899,73.342768,Phase 3
9,Rawalpindi,2025,CS0095103,Bakery,High,1463799,33.424941,73.48581,Phase 3
9,Rawalpindi,2025,CS0095280,Grocery,High,1451060,33.511293,73.320537,Phase 3
9,Rawalpindi,2025,CS0098956,Grocery,High,1441847,33.30484,73.453547,Phase 3
9,Rawalpindi,2025,CS0097114,Bakery,High,1439771,33.505948,73.371712,Phase 3
9,Rawalpindi,2025,CS0098027,Pharmacy,High,1437926,33.62596,73.408995,Phase 3
9,Rawalpindi,2025,CS0102518,Grocery,High,1400762,33.506042,73.379475,Phase 3
9,Rawalpindi,2025,CS0105052,Grocery,High,1394513,33.463885,73.284542,Phase 3
9,Rawalpindi,2025,CS0102970,Grocery,High,1385185,33.591121,73.338032,Phase 3
9,Rawalpindi,2025,CS0104561,Pharmacy,High,1378764,33.550306,73.374631,Phase 3
9,Rawalpindi,2025,CS0096714,Pharmacy,High,1368487,33.539392,73.361234,Phase 3
9,Rawalpindi,2025,CS0101344,Grocery,High,1358498,33.401553,73.31309,Phase 3
9,Rawalpindi,2025,CS0099354,Grocery,High,1353663,33.544731,73.47198,Phase 3
9,Rawalpindi,2025,CS0096458,Petro Mart,High,1347378,33.617317,73.470122,Phase 3
9,Rawalpindi,2025,CS0098369,Bakery,High,1344124,33.30293,73.502253,Phase 3
9,Rawalpindi,2025,CS0096558,Grocery,High,1342968,33.515271,73.286316,Phase 3
9,Rawalpindi,2025,CS0101759,Grocery,High,1321132,33.655322,73.543006,Phase 3
9,Rawalpindi,2025,CS0102857,Grocery,High,1320584,33.330223,73.470738,Phase 3
9,Rawalpindi,2025,CS0098972,Grocery,High,1320284,33.562773,73.384264,Phase 3
9,Rawalpindi,2025,CS0100514,Grocery,High,1315053,33.386157,73.543095,Phase 3
9,Rawalpindi,2025,CS0096732,Grocery,High,1309908,33.428449,73.522689,Phase 3
9,Rawalpindi,2025,CS0102956,Bakery,High,1306087,33.538572,73.442654,Phase 3
9,Rawalpindi,2025,CS0104371,Pharmacy,High,1296080,33.57593,73.486839,Phase 3
9,Rawalpindi,2025,CS0102711,Pharmacy,High,1294332,33.211038,73.423535,Phase 3
9,Rawalpindi,2025,CS0098231,Grocery,High,1279548,33.195385,73.450052,Phase 3
9,Rawalpindi,2025,CS0104856,Supermarket,High,1279208,33.551034,73.448487,Phase 3
9,Rawalpindi,2025,CS0097868,Supermarket,High,1267444,33.555936,73.35042,Phase 3
9,Rawalpindi,2025,CS0097134,Pharmacy,High,1265978,33.531492,73.468571,Phase 3
9,Rawalpindi,2025,CS0101215,Grocery,High,1264831,33.319752,73.39178,Phase 3
9,Rawalpindi,2025,CS0095580,Supermarket,High,1260107,33.638993,73.443307,Phase 3
9,Rawalpindi,2025,CS0095617,Grocery,High,1254122,33.64241,73.412641,Phase 3
9,Rawalpindi,2025,CS0104934,Grocery,High,1245526,33.61066,73.387928,Phase 3
9,Rawalpindi,2025,CS0103678,Grocery,High,1245229,33.499064,73.368465,Phase 3
9,Rawalpindi,2025,CS0103869,Grocery,High,1239900,33.486819,73.492262,Phase 3
9,Rawalpindi,2025,CS0098684,Bakery,High,1238395,33.582175,73.411923,Phase 3
9,Rawalpindi,2025,CS0096193,Grocery,High,1237166,33.463026,73.258421,Phase 3
9,Rawalpindi,2025,CS0101644,Grocery,High,1232539,33.513354,73.215607,Phase 3
9,Rawalpindi,2025,CS0100969,Grocery,High,1225554,33.528645,73.353371,Phase 3
9,Rawalpindi,2025,CS0097678,Grocery,High,1218129,33.311752,73.444169,Phase 3
9,Rawalpindi,2025,CS0104032,Grocery,High,1214786,33.54011,73.259694,Phase 3
9,Rawalpindi,2025,CS0095137,Grocery,High,1214668,33.614973,73.362678,Phase 3
9,Rawalpindi,2025,CS0095502,Bakery,High,1200959,33.724603,73.498738,Phase 3
9,Rawalpindi,2025,CS0100111,Grocery,High,1199729,33.715203,73.386068,Phase 3
9,Rawalpindi,2025,CS0100963,Grocery,High,1199437,33.511643,73.382412,Phase 3
9,Rawalpindi,2025,CS0103481,Petro Mart,High,1197464,33.392401,73.477142,Phase 3
9,Rawalpindi,2025,CS0100308,Pharmacy,High,1191666,33.528728,73.453486,Phase 3
9,Rawalpindi,2025,CS0095662,Supermarket,High,1189386,33.409737,73.503611,Phase 3
9,Rawalpindi,2025,CS0100274,Grocery,High,1185084,33.396162,73.29758,Phase 3
9,Rawalpindi,2025,CS0095112,Grocery,High,1184613,33.461233,73.37738,Phase 3
9,Rawalpindi,2025,CS0100174,Grocery,High,1183662,33.565338,73.284313,Phase 3
9,Rawalpindi,2025,CS0102625,Grocery,High,1178857,33.509872,73.40848,Phase 3
9,Rawalpindi,2025,CS0103021,Grocery,High,1174583,33.221696,73.456173,Phase 3
9,Rawalpindi,2025,CS0103514,Grocery,High,1174272,33.565463,73.423269,Phase 3
9,Rawalpindi,2025,CS0097392,Grocery,High,1174224,33.393924,73.41036,Phase 3
9,Rawalpindi,2025,CS0100162,Grocery,High,1173017,33.563894,73.371602,Phase 3
9,Rawalpindi,2025,CS0104903,Supermarket,High,1172114,33.414628,73.456877,Phase 3
9,Rawalpindi,2025,CS0100297,Grocery,High,1171577,33.184126,73.484886,Phase 3
9,Rawalpindi,2025,CS0096148,Supermarket,High,1160451,33.612696,73.485246,Phase 3
9,Rawalpindi,2025,CS0097891,Bakery,High,1156838,33.628726,73.378251,Phase 3
9,Rawalpindi,2025,CS0101235,Grocery,High,1155732,33.535579,73.30612,Phase 3
9,Rawalpindi,2025,CS0103053,Grocery,High,1154938,33.526787,73.272474,Phase 3
9,Rawalpindi,2025,CS0098328,Bakery,High,1154663,33.59949,73.330206,Phase 3
9,Rawalpindi,2025,CS0097140,Grocery,High,1153562,33.433576,73.331459,Phase 3
9,Rawalpindi,2025,CS0102065,Grocery,High,1152387,33.441817,73.403063,Phase 3
9,Rawalpindi,2025,CS0103527,Grocery,High,1148754,33.499795,73.426337,Phase 3
9,Rawalpindi,2025,CS0096689,Bakery,High,1145900,33.401764,73.312188,Phase 3
9,Rawalpindi,2025,CS0097391,Supermarket,High,1144263,33.369475,73.398301,Phase 3
9,Rawalpindi,2025,CS0096664,Bakery,High,1132089,33.526412,73.352577,Phase 3
9,Rawalpindi,2025,CS0097115,Bakery,High,1128285,33.433151,73.162964,Phase 3
9,Rawalpindi,2025,CS0101326,Grocery,High,1123366,33.494519,73.418569,Phase 3
9,Rawalpindi,2025,CS0100129,Petro Mart,High,1122979,33.486332,73.399734,Phase 3
9,Rawalpindi,2025,CS0100033,Grocery,High,1120379,33.379235,73.540181,Phase 3
9,Rawalpindi,2025,CS0104962,Grocery,High,1117061,33.511823,73.47321,Phase 3
9,Rawalpindi,2025,CS0098454,Grocery,High,1113350,33.472397,73.300982,Phase 3
9,Rawalpindi,2025,CS0096918,Bakery,High,1111010,33.561246,73.461466,Phase 3
9,Rawalpindi,2025,CS0097163,Grocery,High,1109232,33.582382,73.507727,Phase 3
9,Rawalpindi,2025,CS0100242,Grocery,High,1108045,33.292427,73.409372,Phase 3
9,Rawalpindi,2025,CS0097406,Bakery,High,1107733,33.71429,73.40942,Phase 3
9,Rawalpindi,2025,CS0097901,Grocery,High,1102686,33.310955,73.369001,Phase 3
9,Rawalpindi,2025,CS0097989,Grocery,High,1099953,33.482732,73.397223,Phase 3
9,Rawalpindi,2025,CS0100419,Pharmacy,High,1098967,33.69472,73.482787,Phase 3
9,Rawalpindi,2025,CS0095540,Grocery,High,1096914,33.354469,73.476469,Phase 3
9,Rawalpindi,2025,CS0097428,Grocery,High,1095232,33.605346,73.358041,Phase 3
9,Rawalpindi,2025,CS0104446,Grocery,High,1094262,33.445,73.324069,Phase 3
9,Rawalpindi,2025,CS0097450,Grocery,High,1092898,33.694623,73.46506,Phase 3
9,Rawalpindi,2025,CS0099562,Grocery,High,1091520,33.545602,73.383163,Phase 3
9,Rawalpindi,2025,CS0102680,Grocery,High,1090390,33.721372,73.404772,Phase 3
9,Rawalpindi,2025,CS0094891,Bakery,High,1088768,33.720838,73.516906,Phase 3
9,Rawalpindi,2025,CS0104137,Grocery,High,1087714,33.527953,73.454046,Phase 3
9,Rawalpindi,2025,CS0103841,Grocery,High,1081215,33.41572,73.397863,Phase 3
9,Rawalpindi,2025,CS0096016,Grocery,High,1077996,33.526787,73.368191,Phase 3
9,Rawalpindi,2025,CS0101951,Petro Mart,High,1075606,33.41484,73.486644,Phase 3
9,Rawalpindi,2025,CS0097098,Grocery,High,1074907,33.649783,73.264915,Phase 3
9,Rawalpindi,2025,CS0095177,Grocery,High,1074153,33.407261,73.544217,Phase 3
9,Rawalpindi,2025,CS0100306,Grocery,High,1073354,33.398166,73.491177,Phase 3
9,Rawalpindi,2025,CS0099211,Supermarket,High,1070660,33.503635,73.316369,Phase 3
9,Rawalpindi,2025,CS0104859,Pharmacy,High,1069740,33.461676,73.537701,Phase 3
9,Rawalpindi,2025,CS0104351,Bakery,High,1068892,33.52273,73.43065,Phase 3
9,Rawalpindi,2025,CS0098127,Grocery,High,1067234,33.771825,73.533009,Phase 3
9,Rawalpindi,2025,CS0095815,Pharmacy,High,1067026,33.516324,73.412875,Phase 3
9,Rawalpindi,2025,CS0099758,Grocery,High,1066825,33.525762,73.404124,Phase 3
9,Rawalpindi,2025,CS0103758,Grocery,High,1061951,33.600656,73.536624,Phase 3
9,Rawalpindi,2025,CS0101758,Grocery,High,1057443,33.482797,73.351766,Phase 3
9,Rawalpindi,2025,CS0095062,Pharmacy,High,1056665,33.596257,73.448981,Phase 3
9,Rawalpindi,2025,CS0104405,Pharmacy,High,1053416,33.535841,73.311816,Phase 3
9,Rawalpindi,2025,CS0095065,Bakery,High,1051354,33.399663,73.337255,Phase 3
9,Rawalpindi,2025,CS0097382,Pharmacy,High,1047967,33.399551,73.377633,Phase 3
9,Rawalpindi,2025,CS0102344,Grocery,High,1047778,33.497163,73.416741,Phase 3
9,Rawalpindi,2025,CS0096325,Pharmacy,High,1046862,33.311579,73.314807,Phase 3
9,Rawalpindi,2025,CS0103686,Grocery,High,1044572,33.729583,73.552496,Phase 3
9,Rawalpindi,2025,CS0103017,Grocery,High,1041392,33.263467,73.493892,Phase 3
9,Rawalpindi,2025,CS0100622,Supermarket,High,1041300,33.405262,73.530677,Phase 3
9,Rawalpindi,2025,CS0100554,Pharmacy,High,1037171,33.764437,73.46795,Phase 3
9,Rawalpindi,2025,CS0104334,Bakery,High,1035733,33.454022,73.340675,Phase 3
9,Rawalpindi,2025,CS0099771,Grocery,High,1035205,33.522772,73.332954,Phase 3
9,Rawalpindi,2025,CS0101162,Grocery,High,1034881,33.271276,73.433706,Phase 3
9,Rawalpindi,2025,CS0102238,Bakery,High,1031088,33.589229,73.420296,Phase 3
9,Rawalpindi,2025,CS0102249,Grocery,High,1030204,33.737233,73.489428,Phase 3
9,Rawalpindi,2025,CS0102393,Grocery,High,1028413,33.562988,73.280514,Phase 3
9,Rawalpindi,2025,CS0097535,Bakery,High,1026383,33.532149,73.493884,Phase 3
9,Rawalpindi,2025,CS0097380,Grocery,High,1025400,33.65236,73.382691,Phase 3
9,Rawalpindi,2025,CS0104346,Pharmacy,High,1025043,33.704115,73.533671,Phase 3
9,Rawalpindi,2025,CS0098195,Grocery,High,1020068,33.38328,73.40151,Phase 3
9,Rawalpindi,2025,CS0094878,Grocery,High,1016171,33.457565,73.386437,Phase 3
9,Rawalpindi,2025,CS0102716,Grocery,High,1015725,33.353848,73.446414,Phase 3
9,Rawalpindi,2025,CS0095033,Bakery,High,1015329,33.415505,73.409471,Phase 3
9,Rawalpindi,2025,CS0096494,Supermarket,High,1015162,33.6441,73.426232,Phase 3
9,Rawalpindi,2025,CS0095728,Grocery,High,1014638,33.475222,73.271649,Phase 3
9,Rawalpindi,2025,CS0095055,Grocery,High,1006212,33.43439,73.401472,Phase 3
9,Rawalpindi,2025,CS0097356,Bakery,High,1005667,33.561514,73.288533,Phase 3
9,Rawalpindi,2025,CS0102207,Supermarket,High,1004073,33.657346,73.270973,Phase 3
9,Rawalpindi,2025,CS0101970,Bakery,High,1003538,33.856929,73.46493,Phase 3
9,Rawalpindi,2025,CS0105044,Petro Mart,High,1002979,33.399465,73.429273,Phase 3
9,Rawalpindi,2025,CS0103178,Grocery,High,1001536,33.449404,73.557644,Phase 3
9,Rawalpindi,2025,CS0095363,Grocery,High,1001237,33.600783,73.357963,Phase 3
9,Rawalpindi,2025,CS0096434,Grocery,High,1000231,33.455499,73.512324,Phase 3
9,Rawalpindi,2025,CS0095044,Grocery,High,994714,33.599693,73.293298,Phase 3
9,Rawalpindi,2025,CS0104142,Pharmacy,High,991851,33.22494,73.514781,Phase 3
9,Rawalpindi,2025,CS0097603,Grocery,High,991812,33.473673,73.352389,Phase 3
9,Rawalpindi,2025,CS0102303,Pharmacy,High,989103,33.496256,73.338216,Phase 3
9,Rawalpindi,2025,CS0096130,Supermarket,High,987679,33.481342,73.395012,Phase 3
9,Rawalpindi,2025,CS0100591,Grocery,High,987193,33.381869,73.435515,Phase 3
9,Rawalpindi,2025,CS0099024,Grocery,High,978581,33.620945,73.389839,Phase 3
9,Rawalpindi,2025,CS0101477,Grocery,High,978376,33.581813,73.378205,Phase 3
9,Rawalpindi,2025,CS0102654,Grocery,High,976569,33.403748,73.483533,Phase 3
9,Rawalpindi,2025,CS0095769,Grocery,High,974081,33.605042,73.451811,Phase 3
9,Rawalpindi,2025,CS0098142,Pharmacy,High,973609,33.319467,73.420456,Phase 3
9,Rawalpindi,2025,CS0095684,Grocery,High,973447,33.611403,73.510565,Phase 3
9,Rawalpindi,2025,CS0101261,Bakery,High,971351,33.517868,73.43681,Phase 3
9,Rawalpindi,2025,CS0100310,Grocery,High,970273,33.385804,73.450821,Phase 3
9,Rawalpindi,2025,CS0095172,Bakery,High,970070,33.578823,73.416891,Phase 3
9,Rawalpindi,2025,CS0103294,Grocery,High,967015,33.621252,73.448735,Phase 3
9,Rawalpindi,2025,CS0096087,Grocery,High,966861,33.601692,73.447675,Phase 3
9,Rawalpindi,2025,CS0100154,Grocery,High,966839,33.512079,73.471805,Phase 3
9,Rawalpindi,2025,CS0100058,Grocery,High,963897,33.431046,73.440739,Phase 3
9,Rawalpindi,2025,CS0095007,Grocery,High,962730,33.580352,73.434747,Phase 3
9,Rawalpindi,2025,CS0104720,Grocery,High,961972,33.540981,73.390164,Phase 3
9,Rawalpindi,2025,CS0103443,Grocery,High,957599,33.637873,73.331601,Phase 3
9,Rawalpindi,2025,CS0102830,Grocery,High,956478,33.293197,73.530606,Phase 3
9,Rawalpindi,2025,CS0102648,Grocery,High,955543,33.553063,73.362318,Phase 3
9,Rawalpindi,2025,CS0103146,Pharmacy,High,954324,33.649607,73.336982,Phase 3
9,Rawalpindi,2025,CS0096858,Bakery,High,954188,33.654722,73.472821,Phase 3
9,Rawalpindi,2025,CS0098966,Bakery,High,953052,33.576213,73.468356,Phase 3
9,Rawalpindi,2025,CS0100329,Grocery,High,951078,33.586819,73.348811,Phase 3
9,Rawalpindi,2025,CS0098982,Grocery,High,944574,33.521701,73.393938,Phase 3
9,Rawalpindi,2025,CS0104780,Grocery,High,944528,33.316423,73.48882,Phase 3
9,Rawalpindi,2025,CS0102729,Grocery,High,942171,33.625533,73.417422,Phase 3
9,Rawalpindi,2025,CS0097976,Bakery,High,940464,33.507968,73.402025,Phase 3
9,Rawalpindi,2025,CS0097449,Bakery,High,940428,33.599781,73.306196,Phase 3
9,Rawalpindi,2025,CS0101718,Supermarket,High,937823,33.488169,73.284917,Phase 3
9,Rawalpindi,2025,CS0095983,Bakery,High,937559,33.319402,73.376824,Phase 3
9,Rawalpindi,2025,CS0104449,Grocery,High,934448,33.608241,73.436386,Phase 3
9,Rawalpindi,2025,CS0103968,Bakery,High,934433,33.380057,73.546669,Phase 3
9,Rawalpindi,2025,CS0104842,Grocery,High,933960,33.700625,73.333521,Phase 3
9,Rawalpindi,2025,CS0104959,Grocery,High,932682,33.26328,73.563934,Phase 3
9,Rawalpindi,2025,CS0100501,Grocery,High,932528,33.823214,73.451969,Phase 3
9,Rawalpindi,2026,CS0096037,Grocery,High,931988,33.748452,73.446139,Phase 3
9,Rawalpindi,2026,CS0099239,Grocery,High,931383,33.467199,73.523746,Phase 3
9,Rawalpindi,2026,CS0103308,Grocery,High,929423,33.384021,73.520903,Phase 3
9,Rawalpindi,2026,CS0095202,Pharmacy,High,928177,33.601859,73.506821,Phase 3
9,Rawalpindi,2026,CS0098072,Bakery,High,926177,33.680346,73.524514,Phase 3
9,Rawalpindi,2026,CS0101245,Bakery,High,923914,33.48662,73.389778,Phase 3
9,Rawalpindi,2026,CS0099898,Supermarket,High,922965,33.472232,73.468882,Phase 3
9,Rawalpindi,2026,CS0098832,Petro Mart,High,922672,33.569333,73.321833,Phase 3
9,Rawalpindi,2026,CS0104018,Grocery,High,918097,33.634901,73.473763,Phase 3
9,Rawalpindi,2026,CS0096120,Grocery,High,916792,33.522215,73.582948,Phase 3
9,Rawalpindi,2026,CS0097333,Pharmacy,High,914700,33.749535,73.454446,Phase 3
9,Rawalpindi,2026,CS0097999,Grocery,High,913276,33.638044,73.44858,Phase 3
9,Rawalpindi,2026,CS0095454,Bakery,High,912480,33.612058,73.390111,Phase 3
9,Rawalpindi,2026,CS0099179,Pharmacy,High,910532,33.538423,73.394387,Phase 3
9,Rawalpindi,2026,CS0096997,Grocery,High,909125,33.450785,73.510782,Phase 3
9,Rawalpindi,2026,CS0101655,Bakery,High,909069,33.307382,73.463402,Phase 3
9,Rawalpindi,2026,CS0103306,Pharmacy,High,905801,33.335479,73.392122,Phase 3
9,Rawalpindi,2026,CS0097468,Supermarket,High,905547,33.513879,73.318496,Phase 3
9,Rawalpindi,2026,CS0096539,Bakery,High,903626,33.608978,73.412794,Phase 3
9,Rawalpindi,2026,CS0096214,Pharmacy,High,903559,33.584646,73.428721,Phase 3
9,Rawalpindi,2026,CS0101262,Grocery,High,902848,33.733179,73.436259,Phase 3
9,Rawalpindi,2026,CS0095338,Pharmacy,High,902555,33.474607,73.254053,Phase 3
9,Rawalpindi,2026,CS0104751,Grocery,High,901637,33.472132,73.307688,Phase 3
9,Rawalpindi,2026,CS0099842,Grocery,High,901546,33.613129,73.408854,Phase 3
9,Rawalpindi,2026,CS0095380,Grocery,High,900551,33.479121,73.298695,Phase 3
9,Rawalpindi,2026,CS0096554,Grocery,High,900390,33.529704,73.238434,Phase 3
9,Rawalpindi,2026,CS0105033,Grocery,High,898470,33.466565,73.319473,Phase 3
9,Rawalpindi,2026,CS0103309,Grocery,High,898182,33.241039,73.403378,Phase 3
9,Rawalpindi,2026,CS0101599,Grocery,High,898035,33.780372,73.49025,Phase 3
9,Rawalpindi,2026,CS0102351,Pharmacy,High,897735,33.575289,73.441052,Phase 3
9,Rawalpindi,2026,CS0103351,Bakery,High,895495,33.47912,73.353801,Phase 3
9,Rawalpindi,2026,CS0095475,Grocery,High,895322,33.645924,73.329467,Phase 3
9,Rawalpindi,2026,CS0098767,Supermarket,High,895009,33.499024,73.371487,Phase 3
9,Rawalpindi,2026,CS0102093,Bakery,High,892518,33.615236,73.456538,Phase 3
9,Rawalpindi,2026,CS0104210,Grocery,High,892363,33.224676,73.514145,Phase 3
9,Rawalpindi,2026,CS0098976,Grocery,High,891216,33.634924,73.413316,Phase 3
9,Rawalpindi,2026,CS0104175,Pharmacy,High,891079,33.252179,73.390839,Phase 3
9,Rawalpindi,2026,CS0096164,Grocery,High,890017,33.325807,73.545178,Phase 3
9,Rawalpindi,2026,CS0095219,Grocery,High,889679,33.468158,73.319487,Phase 3
9,Rawalpindi,2026,CS0096871,Bakery,High,888603,33.359035,73.176384,Phase 3
9,Rawalpindi,2026,CS0095537,Grocery,High,885985,33.463709,73.291407,Phase 3
9,Rawalpindi,2026,CS0102892,Pharmacy,High,884856,33.61064,73.367735,Phase 3
9,Rawalpindi,2026,CS0100594,Grocery,High,884818,33.384064,73.494368,Phase 3
9,Rawalpindi,2026,CS0104145,Grocery,High,884668,33.477615,73.408738,Phase 3
9,Rawalpindi,2026,CS0099122,Pharmacy,High,884075,33.452055,73.318401,Phase 3
9,Rawalpindi,2026,CS0101562,Grocery,High,883831,33.452244,73.56126,Phase 3
9,Rawalpindi,2026,CS0097207,Pharmacy,High,882461,33.495308,73.342464,Phase 3
9,Rawalpindi,2026,CS0099237,Grocery,High,882433,33.335204,73.463966,Phase 3
9,Rawalpindi,2026,CS0095519,Pharmacy,High,882276,33.666773,73.512066,Phase 3
9,Rawalpindi,2026,CS0102173,Bakery,High,879481,33.541386,73.425409,Phase 3
9,Rawalpindi,2026,CS0097186,Grocery,High,876962,33.245222,73.569968,Phase 3
9,Rawalpindi,2026,CS0095359,Bakery,High,876931,33.365051,73.427554,Phase 3
9,Rawalpindi,2026,CS0098602,Grocery,High,876588,33.489333,73.341117,Phase 3
9,Rawalpindi,2026,CS0098405,Grocery,High,875994,33.51597,73.519317,Phase 3
9,Rawalpindi,2026,CS0104295,Grocery,High,875762,33.569849,73.418459,Phase 3
9,Rawalpindi,2026,CS0095775,Grocery,High,875734,33.177013,73.463365,Phase 3
9,Rawalpindi,2026,CS0098970,Grocery,High,874891,33.255616,73.470329,Phase 3
9,Rawalpindi,2026,CS0097934,Supermarket,High,873850,33.551234,73.494701,Phase 3
9,Rawalpindi,2026,CS0101101,Grocery,High,873789,33.563842,73.465483,Phase 3
9,Rawalpindi,2026,CS0096285,Bakery,High,873668,33.525345,73.514013,Phase 3
9,Rawalpindi,2026,CS0102570,Grocery,High,873378,33.226645,73.498254,Phase 3
9,Rawalpindi,2026,CS0095001,Grocery,High,872211,33.495856,73.468687,Phase 3
9,Rawalpindi,2026,CS0102184,Pharmacy,High,871095,33.521794,73.543801,Phase 3
9,Rawalpindi,2026,CS0104601,Bakery,High,869224,33.564051,73.386635,Phase 3
9,Rawalpindi,2026,CS0103588,Supermarket,High,868738,33.45451,73.384522,Phase 3
9,Rawalpindi,2026,CS0095829,Grocery,High,868706,33.552518,73.566218,Phase 3
9,Rawalpindi,2026,CS0104335,Grocery,High,868118,33.595369,73.483457,Phase 3
9,Rawalpindi,2026,CS0098403,Pharmacy,High,867416,33.633422,73.389995,Phase 3
9,Rawalpindi,2026,CS0100200,Bakery,High,867323,33.373284,73.457454,Phase 3
9,Rawalpindi,2026,CS0101446,Grocery,High,866350,33.51929,73.488746,Phase 3
9,Rawalpindi,2026,CS0095541,Grocery,High,865483,33.703041,73.319571,Phase 3
9,Rawalpindi,2026,CS0100519,Grocery,High,865425,33.493428,73.457188,Phase 3
9,Rawalpindi,2026,CS0098964,Grocery,High,864112,33.529345,73.420719,Phase 3
9,Rawalpindi,2026,CS0101968,Grocery,High,864007,33.360828,73.32303,Phase 3
9,Rawalpindi,2026,CS0099305,Bakery,High,863340,33.729281,73.47614,Phase 3
9,Rawalpindi,2026,CS0095075,Petro Mart,High,863109,33.504012,73.445374,Phase 3
9,Rawalpindi,2026,CS0098571,Grocery,High,863001,33.537924,73.299065,Phase 3
9,Rawalpindi,2026,CS0103047,Grocery,High,862905,33.220386,73.417653,Phase 3
9,Rawalpindi,2026,CS0100276,Grocery,High,860728,33.555561,73.38723,Phase 3
9,Rawalpindi,2026,CS0102768,Grocery,High,860327,33.491722,73.335485,Phase 3
9,Rawalpindi,2026,CS0097287,Pharmacy,High,859895,33.629229,73.365343,Phase 3
9,Rawalpindi,2026,CS0102460,Pharmacy,High,856290,33.652823,73.501779,Phase 3
9,Rawalpindi,2026,CS0103478,Grocery,High,856220,33.45831,73.546973,Phase 3
9,Rawalpindi,2026,CS0100401,Grocery,High,851870,33.569274,73.479687,Phase 3
9,Rawalpindi,2026,CS0095657,Grocery,High,851365,33.489297,73.235029,Phase 3
9,Rawalpindi,2026,CS0098916,Pharmacy,High,850324,33.678547,73.411673,Phase 3
9,Rawalpindi,2026,CS0095017,Grocery,High,846285,33.939106,73.343142,Phase 3
9,Rawalpindi,2026,CS0104667,Grocery,High,843780,33.519525,73.376365,Phase 3
9,Rawalpindi,2026,CS0101651,Grocery,High,843007,33.279497,73.455349,Phase 3
9,Rawalpindi,2026,CS0097802,Grocery,High,842412,33.364177,73.447965,Phase 3
9,Rawalpindi,2026,CS0104704,Bakery,High,842329,33.588348,73.398111,Phase 3
9,Rawalpindi,2026,CS0098749,Supermarket,High,841725,33.541593,73.439456,Phase 3
9,Rawalpindi,2026,CS0099181,Pharmacy,High,840876,33.264759,73.534818,Phase 3
9,Rawalpindi,2026,CS0103466,Bakery,High,840255,33.436774,73.396698,Phase 3
9,Rawalpindi,2026,CS0095931,Grocery,High,838846,33.529452,73.419267,Phase 3
9,Rawalpindi,2026,CS0096334,Grocery,High,838210,33.570622,73.370528,Phase 3
9,Rawalpindi,2026,CS0103298,Supermarket,High,836623,33.451273,73.510198,Phase 3
9,Rawalpindi,2026,CS0103602,Bakery,High,834787,33.629668,73.381522,Phase 3
9,Rawalpindi,2026,CS0104444,Grocery,High,833798,33.529507,73.490598,Phase 3
9,Rawalpindi,2026,CS0102251,Grocery,High,831792,33.368216,73.500869,Phase 3
9,Rawalpindi,2026,CS0099144,Pharmacy,High,831324,33.54506,73.44905,Phase 3
9,Rawalpindi,2026,CS0100766,Grocery,High,830358,33.49445,73.340913,Phase 3
9,Rawalpindi,2026,CS0096194,Grocery,High,829955,33.506628,73.35014,Phase 3
9,Rawalpindi,2026,CS0099970,Grocery,High,829217,33.588036,73.425364,Phase 3
9,Rawalpindi,2026,CS0101224,Grocery,High,826876,33.630147,73.464283,Phase 3
9,Rawalpindi,2026,CS0101452,Grocery,High,826385,33.480808,73.411545,Phase 3
9,Rawalpindi,2026,CS0097336,Bakery,High,825350,33.484829,73.319618,Phase 3
9,Rawalpindi,2026,CS0096679,Grocery,High,825136,33.558348,73.483302,Phase 3
9,Rawalpindi,2026,CS0099605,Grocery,High,823025,33.392816,73.523733,Phase 3
9,Rawalpindi,2026,CS0103356,Grocery,High,822828,33.602948,73.402559,Phase 3
9,Rawalpindi,2026,CS0104430,Grocery,High,822561,33.402544,73.465069,Phase 3
9,Rawalpindi,2026,CS0096673,Grocery,High,820975,33.590558,73.442877,Phase 3
9,Rawalpindi,2026,CS0097550,Grocery,High,819633,33.685858,73.350531,Phase 3
9,Rawalpindi,2026,CS0101264,Grocery,High,818834,33.545263,73.295061,Phase 3
9,Rawalpindi,2026,CS0102595,Grocery,High,817980,33.598313,73.362161,Phase 3
9,Rawalpindi,2026,CS0100646,Pharmacy,High,817508,33.517098,73.418207,Phase 3
9,Rawalpindi,2026,CS0097786,Pharmacy,High,817167,33.647739,73.419974,Phase 3
9,Rawalpindi,2026,CS0102069,Grocery,High,814662,33.534261,73.422382,Phase 3
9,Rawalpindi,2026,CS0101615,Grocery,High,814535,33.476535,73.296089,Phase 3
9,Rawalpindi,2026,CS0097721,Pharmacy,High,813303,33.669857,73.49903,Phase 3
9,Rawalpindi,2026,CS0098039,Grocery,High,812755,33.661179,73.364158,Phase 3
9,Rawalpindi,2026,CS0096518,Grocery,High,812652,33.482923,73.358229,Phase 3
9,Rawalpindi,2026,CS0095243,Grocery,High,812278,33.499451,73.370898,Phase 3
9,Rawalpindi,2026,CS0100584,Grocery,High,807982,33.669583,73.433915,Phase 3
9,Rawalpindi,2026,CS0102476,Grocery,High,807920,33.499749,73.295031,Phase 3
9,Rawalpindi,2026,CS0101321,Grocery,High,805253,33.262313,73.514646,Phase 3
9,Rawalpindi,2026,CS0100232,Pharmacy,High,804389,33.368308,73.356559,Phase 3
9,Rawalpindi,2026,CS0104821,Bakery,High,803187,33.657767,73.403839,Phase 3
9,Rawalpindi,2026,CS0097855,Bakery,High,802179,33.715406,73.450476,Phase 3
9,Rawalpindi,2026,CS0095995,Grocery,High,802152,33.611125,73.533613,Phase 3
9,Rawalpindi,2026,CS0097649,Grocery,High,801783,33.279866,73.542976,Phase 3
9,Rawalpindi,2026,CS0095841,Grocery,High,801233,33.539713,73.455527,Phase 3
9,Rawalpindi,2026,CS0096683,Grocery,High,800685,33.452511,73.530812,Phase 3
9,Rawalpindi,2026,CS0102474,Bakery,High,800556,33.576387,73.53928,Phase 3
9,Rawalpindi,2026,CS0104509,Grocery,High,797727,33.47558,73.486853,Phase 3
9,Rawalpindi,2026,CS0098902,Bakery,High,796962,33.742654,73.474389,Phase 3
9,Rawalpindi,2026,CS0103413,Grocery,High,796776,33.196955,73.455637,Phase 3
9,Rawalpindi,2026,CS0103568,Grocery,High,794099,33.553866,73.363167,Phase 3
9,Rawalpindi,2026,CS0098933,Petro Mart,High,792342,33.515405,73.511893,Phase 3
9,Rawalpindi,2026,CS0102138,Pharmacy,High,789966,33.645384,73.406905,Phase 3
9,Rawalpindi,2026,CS0104393,Bakery,High,788498,33.544738,73.395829,Phase 3
9,Rawalpindi,2026,CS0101681,Bakery,High,787578,33.584721,73.555835,Phase 3
9,Rawalpindi,2026,CS0102117,Grocery,High,785277,33.253306,73.525981,Phase 3
9,Rawalpindi,2026,CS0095479,Pharmacy,High,782448,33.299687,73.539917,Phase 3
9,Rawalpindi,2026,CS0103416,Grocery,High,782107,33.354955,73.484803,Phase 3
9,Rawalpindi,2026,CS0101999,Grocery,High,779744,33.668635,73.486961,Phase 3
9,Rawalpindi,2026,CS0104675,Grocery,High,779179,33.567856,73.480503,Phase 3
9,Rawalpindi,2026,CS0095339,Grocery,High,778926,33.564783,73.33818,Phase 3
9,Rawalpindi,2026,CS0102708,Grocery,High,778801,33.273671,73.501135,Phase 3
9,Rawalpindi,2026,CS0103916,Grocery,High,778372,33.556205,73.325266,Phase 3
9,Rawalpindi,2026,CS0102626,Grocery,High,778115,33.469039,73.353268,Phase 3
9,Rawalpindi,2026,CS0100778,Bakery,High,777928,33.491658,73.287186,Phase 3
9,Rawalpindi,2026,CS0098244,Pharmacy,High,776644,33.544723,73.467882,Phase 3
9,Rawalpindi,2026,CS0095449,Pharmacy,High,774558,33.629906,73.38585,Phase 3
9,Rawalpindi,2026,CS0099101,Pharmacy,High,774291,33.356695,73.478329,Phase 3
9,Rawalpindi,2026,CS0103637,Supermarket,High,774168,33.59986,73.297743,Phase 3
9,Rawalpindi,2026,CS0101943,Pharmacy,High,771571,33.346749,73.535624,Phase 3
9,Rawalpindi,2026,CS0094884,Grocery,High,771288,33.312484,73.549757,Phase 3
9,Rawalpindi,2026,CS0103830,Bakery,High,770964,33.637976,73.347543,Phase 3
9,Rawalpindi,2026,CS0096894,Grocery,High,770263,33.57084,73.352851,Phase 3
9,Rawalpindi,2026,CS0097076,Grocery,High,769423,33.628939,73.370634,Phase 3
9,Rawalpindi,2026,CS0100320,Supermarket,High,769400,33.480163,73.496055,Phase 3
9,Rawalpindi,2026,CS0104989,Grocery,High,767997,33.52119,73.277763,Phase 3
9,Rawalpindi,2026,CS0101075,Petro Mart,High,767972,33.670501,73.547108,Phase 3
9,Rawalpindi,2026,CS0097150,Grocery,High,767958,33.525718,73.410452,Phase 3
9,Rawalpindi,2026,CS0100881,Bakery,High,767503,33.304873,73.513575,Phase 3
9,Rawalpindi,2026,CS0102655,Grocery,High,767099,33.580649,73.532802,Phase 3
9,Rawalpindi,2026,CS0097546,Grocery,High,766772,33.594592,73.392113,Phase 3
9,Rawalpindi,2026,CS0100918,Supermarket,High,766759,33.512987,73.345653,Phase 3
9,Rawalpindi,2026,CS0103849,Grocery,High,766710,33.572063,73.257803,Phase 3
9,Rawalpindi,2026,CS0104442,Grocery,High,765328,33.55813,73.364423,Phase 3
9,Rawalpindi,2026,CS0103553,Grocery,High,765225,33.627657,73.415881,Phase 3
9,Rawalpindi,2026,CS0098189,Grocery,High,765139,33.53828,73.380731,Phase 3
9,Rawalpindi,2026,CS0101457,Pharmacy,High,764994,33.432389,73.298199,Phase 3
9,Rawalpindi,2026,CS0101869,Grocery,High,763432,33.370503,73.527835,Phase 3
9,Rawalpindi,2026,CS0099160,Supermarket,High,762947,33.475006,73.498118,Phase 3
9,Rawalpindi,2026,CS0097260,Grocery,High,762586,33.503037,73.383242,Phase 3
9,Rawalpindi,2026,CS0102540,Grocery,High,762203,33.471921,73.420217,Phase 3
9,Rawalpindi,2026,CS0100435,Grocery,High,761788,33.319519,73.534072,Phase 3
9,Rawalpindi,2026,CS0100245,Grocery,High,760826,33.384493,73.498165,Phase 3
9,Rawalpindi,2026,CS0101043,Grocery,High,760327,33.311125,73.471116,Phase 3
9,Rawalpindi,2026,CS0102700,Bakery,High,760252,33.521266,73.354462,Phase 3
9,Rawalpindi,2026,CS0096240,Grocery,High,760214,33.486617,73.444043,Phase 3
9,Rawalpindi,2026,CS0097496,Grocery,High,759620,33.348681,73.523089,Phase 3
9,Rawalpindi,2026,CS0100455,Grocery,High,758969,33.697713,73.30621,Phase 3
9,Rawalpindi,2026,CS0097861,Grocery,High,758506,33.584658,73.366665,Phase 3
9,Rawalpindi,2026,CS0096485,Bakery,High,758226,33.549371,73.247777,Phase 3
9,Rawalpindi,2027,CS0103110,Grocery,High,758024,33.667026,73.373621,Phase 3
9,Rawalpindi,2027,CS0101539,Bakery,High,757704,33.659667,73.451625,Phase 3
9,Rawalpindi,2027,CS0104721,Grocery,High,755425,33.494176,73.501562,Phase 3
9,Rawalpindi,2027,CS0100793,Grocery,High,755099,33.286341,73.455368,Phase 3
9,Rawalpindi,2027,CS0102032,Grocery,High,753469,33.541408,73.322993,Phase 3
9,Rawalpindi,2027,CS0098495,Bakery,High,753106,33.502683,73.328311,Phase 3
9,Rawalpindi,2027,CS0104066,Petro Mart,High,752440,33.682825,73.30206,Phase 3
9,Rawalpindi,2027,CS0100355,Grocery,High,752182,33.1973,73.319417,Phase 3
9,Rawalpindi,2027,CS0098130,Bakery,High,752142,33.479866,73.545511,Phase 3
9,Rawalpindi,2027,CS0096447,Grocery,High,750716,33.518103,73.510462,Phase 3
9,Rawalpindi,2027,CS0097211,Pharmacy,High,750175,33.485654,73.393509,Phase 3
9,Rawalpindi,2027,CS0099133,Grocery,High,748517,33.654595,73.264193,Phase 3
9,Rawalpindi,2027,CS0098680,Grocery,High,747802,33.587873,73.36077,Phase 3
9,Rawalpindi,2027,CS0102163,Supermarket,High,746451,33.529923,73.493046,Phase 3
9,Rawalpindi,2027,CS0100077,Pharmacy,High,745437,33.467843,73.444867,Phase 3
9,Rawalpindi,2027,CS0100562,Grocery,High,745384,33.279104,73.544093,Phase 3
9,Rawalpindi,2027,CS0096027,Grocery,High,739047,33.661135,73.516975,Phase 3
9,Rawalpindi,2027,CS0101546,Pharmacy,High,739040,33.738915,73.540617,Phase 3
9,Rawalpindi,2027,CS0102712,Grocery,High,738982,33.661096,73.38307,Phase 3
9,Rawalpindi,2027,CS0099579,Grocery,High,738913,33.505421,73.39071,Phase 3
9,Rawalpindi,2027,CS0097184,Grocery,High,738239,33.449811,73.332109,Phase 3
9,Rawalpindi,2027,CS0104379,Grocery,High,738167,33.467284,73.448058,Phase 3
9,Rawalpindi,2027,CS0101016,Pharmacy,High,737506,33.536897,73.341688,Phase 3
9,Rawalpindi,2027,CS0097176,Grocery,High,736108,33.734346,73.342448,Phase 3
9,Rawalpindi,2027,CS0100006,Grocery,High,736072,33.515501,73.451394,Phase 3
9,Rawalpindi,2027,CS0097253,Bakery,High,734927,33.219149,73.560631,Phase 3
9,Rawalpindi,2027,CS0098570,Grocery,High,733540,33.461227,73.446369,Phase 3
9,Rawalpindi,2027,CS0096754,Grocery,High,732920,33.548447,73.297827,Phase 3
9,Rawalpindi,2027,CS0101225,Pharmacy,High,732749,33.44335,73.49611,Phase 3
9,Rawalpindi,2027,CS0104941,Pharmacy,High,732668,33.586022,73.351656,Phase 3
9,Rawalpindi,2027,CS0102102,Bakery,High,732275,33.437293,73.424558,Phase 3
9,Rawalpindi,2027,CS0104753,Grocery,High,730975,33.798192,73.48326,Phase 3
9,Rawalpindi,2027,CS0098144,Grocery,High,730674,33.562634,73.344456,Phase 3
9,Rawalpindi,2027,CS0100218,Pharmacy,High,729604,33.356026,73.451422,Phase 3
9,Rawalpindi,2027,CS0101414,Grocery,High,729472,33.316983,73.536158,Phase 3
9,Rawalpindi,2027,CS0095493,Bakery,High,729352,33.539468,73.347219,Phase 3
9,Rawalpindi,2027,CS0103022,Bakery,High,725594,33.702984,73.428171,Phase 3
9,Rawalpindi,2027,CS0101602,Pharmacy,High,725360,33.4107,73.494922,Phase 3
9,Rawalpindi,2027,CS0100105,Pharmacy,High,725294,33.641227,73.436429,Phase 3
9,Rawalpindi,2027,CS0100267,Pharmacy,High,724931,33.477424,73.356741,Phase 3
9,Rawalpindi,2027,CS0104486,Grocery,High,724391,33.486002,73.392319,Phase 3
9,Rawalpindi,2027,CS0101020,Grocery,High,721886,33.460576,73.454241,Phase 3
9,Rawalpindi,2027,CS0101311,Bakery,High,717257,33.571924,73.252125,Phase 3
9,Rawalpindi,2027,CS0103231,Grocery,High,716799,33.834191,73.461273,Phase 3
9,Rawalpindi,2027,CS0101605,Grocery,High,715656,33.628278,73.487882,Phase 3
9,Rawalpindi,2027,CS0099857,Grocery,High,715469,33.868638,73.524925,Phase 3
9,Rawalpindi,2027,CS0101652,Grocery,High,714922,33.695021,73.425812,Phase 3
9,Rawalpindi,2027,CS0096975,Pharmacy,High,712507,33.527865,73.390212,Phase 3
9,Rawalpindi,2027,CS0096219,Grocery,High,711992,33.602691,73.544789,Phase 3
9,Rawalpindi,2027,CS0104410,Petro Mart,High,708901,33.440804,73.258305,Phase 3
9,Rawalpindi,2027,CS0095811,Pharmacy,High,708536,33.551898,73.381908,Phase 3
9,Rawalpindi,2027,CS0100254,Grocery,High,706882,33.55572,73.392808,Phase 3
9,Rawalpindi,2027,CS0101981,Grocery,High,706107,33.38157,73.455272,Phase 3
9,Rawalpindi,2027,CS0100086,Bakery,High,705099,33.522685,73.512152,Phase 3
9,Rawalpindi,2027,CS0095704,Grocery,High,703695,33.401269,73.331955,Phase 3
9,Rawalpindi,2027,CS0099367,Bakery,High,700469,33.448401,73.461697,Phase 3
9,Rawalpindi,2027,CS0095553,Grocery,High,699770,33.288654,73.560554,Phase 3
9,Rawalpindi,2027,CS0102581,Grocery,High,699188,33.618187,73.460648,Phase 3
9,Rawalpindi,2027,CS0100613,Pharmacy,High,697464,33.607178,73.245896,Phase 3
9,Rawalpindi,2027,CS0099356,Grocery,High,696755,33.713683,73.361955,Phase 3
9,Rawalpindi,2027,CS0096278,Bakery,High,696677,33.520793,73.394381,Phase 3
9,Rawalpindi,2027,CS0102147,Grocery,High,696006,33.507647,73.392577,Phase 3
9,Rawalpindi,2027,CS0099114,Grocery,High,695670,33.479985,73.411128,Phase 3
9,Rawalpindi,2027,CS0101986,Pharmacy,High,694608,33.636243,73.39356,Phase 3
9,Rawalpindi,2027,CS0104043,Pharmacy,High,694284,33.594676,73.461456,Phase 3
9,Rawalpindi,2027,CS0102584,Pharmacy,High,690677,33.33642,73.427184,Phase 3
9,Rawalpindi,2027,CS0096538,Grocery,High,689435,33.369956,73.398646,Phase 3
9,Rawalpindi,2027,CS0104536,Bakery,High,688071,33.493452,73.513297,Phase 3
9,Rawalpindi,2027,CS0096045,Bakery,High,687658,33.680282,73.409337,Phase 3
9,Rawalpindi,2027,CS0100903,Bakery,High,687269,33.483656,73.528801,Phase 3
9,Rawalpindi,2027,CS0098076,Grocery,High,686193,33.36049,73.496792,Phase 3
9,Rawalpindi,2027,CS0097111,Grocery,High,686102,33.503184,73.386893,Phase 3
9,Rawalpindi,2027,CS0099530,Supermarket,High,684024,33.567407,73.358351,Phase 3
9,Rawalpindi,2027,CS0104552,Grocery,High,683645,33.361994,73.389074,Phase 3
9,Rawalpindi,2027,CS0097272,Grocery,High,683238,33.31217,73.379785,Phase 3
9,Rawalpindi,2027,CS0099948,Grocery,High,682128,33.341105,73.458043,Phase 3
9,Rawalpindi,2027,CS0095014,Grocery,High,680787,33.555918,73.562128,Phase 3
9,Rawalpindi,2027,CS0098306,Grocery,High,679799,33.368644,73.546817,Phase 3
9,Rawalpindi,2027,CS0099703,Grocery,High,678591,33.635868,73.359664,Phase 3
9,Rawalpindi,2027,CS0096092,Grocery,High,677818,33.372383,73.30904,Phase 3
9,Rawalpindi,2027,CS0099055,Grocery,High,677713,33.726067,73.407668,Phase 3
9,Rawalpindi,2027,CS0096748,Bakery,High,677459,33.57617,73.456527,Phase 3
9,Rawalpindi,2027,CS0103197,Supermarket,High,677097,33.583896,73.302731,Phase 3
9,Rawalpindi,2027,CS0098853,Bakery,High,676854,33.623559,73.350746,Phase 3
9,Rawalpindi,2027,CS0103516,Grocery,High,674491,33.532175,73.332816,Phase 3
9,Rawalpindi,2027,CS0101930,Pharmacy,High,673851,33.7785,73.484027,Phase 3
9,Rawalpindi,2027,CS0104036,Bakery,High,671520,33.498423,73.402055,Phase 3
9,Rawalpindi,2027,CS0096819,Grocery,High,671374,33.371633,73.422771,Phase 3
9,Rawalpindi,2027,CS0104468,Grocery,High,670371,33.507657,73.36065,Phase 3
9,Rawalpindi,2027,CS0103538,Pharmacy,High,670361,33.348614,73.5067,Phase 3
9,Rawalpindi,2027,CS0104134,Grocery,High,669676,33.408191,73.398343,Phase 3
9,Rawalpindi,2027,CS0100412,Pharmacy,High,668565,33.270414,73.481481,Phase 3
9,Rawalpindi,2027,CS0097007,Grocery,High,666688,33.33147,73.402248,Phase 3
9,Rawalpindi,2027,CS0096234,Grocery,High,666435,33.557637,73.324774,Phase 3
9,Rawalpindi,2027,CS0103222,Grocery,High,665978,33.779309,73.48223,Phase 3
9,Rawalpindi,2027,CS0098075,Grocery,High,665647,33.319395,73.456142,Phase 3
9,Rawalpindi,2027,CS0097896,Bakery,High,662170,33.315784,73.51522,Phase 3
9,Rawalpindi,2027,CS0098448,Grocery,High,659927,33.414703,73.375381,Phase 3
9,Rawalpindi,2027,CS0098544,Grocery,High,659596,33.708529,73.441897,Phase 3
9,Rawalpindi,2027,CS0097972,Petro Mart,High,657550,33.462268,73.503617,Phase 3
9,Rawalpindi,2027,CS0102656,Grocery,High,656990,33.323278,73.47377,Phase 3
9,Rawalpindi,2027,CS0099213,Grocery,High,655334,33.272135,73.569595,Phase 3
9,Rawalpindi,2027,CS0094943,Grocery,High,654425,33.599196,73.403288,Phase 3
9,Rawalpindi,2027,CS0103191,Grocery,High,653910,33.479754,73.204452,Phase 3
9,Rawalpindi,2027,CS0096182,Grocery,High,653462,33.248078,73.512796,Phase 3
9,Rawalpindi,2027,CS0099309,Supermarket,High,653091,33.695979,73.408354,Phase 3
9,Rawalpindi,2027,CS0103224,Grocery,High,651202,33.749043,73.404276,Phase 3
9,Rawalpindi,2027,CS0098453,Supermarket,High,650939,33.621998,73.367938,Phase 3
9,Rawalpindi,2027,CS0099851,Grocery,High,649029,33.809057,73.528651,Phase 3
9,Rawalpindi,2027,CS0095444,Grocery,High,644863,33.656992,73.378303,Phase 3
9,Rawalpindi,2027,CS0103654,Bakery,High,644709,33.508249,73.38432,Phase 3
9,Rawalpindi,2027,CS0098957,Grocery,High,643204,33.526551,73.338227,Phase 3
9,Rawalpindi,2027,CS0100332,Grocery,High,643040,33.578132,73.528255,Phase 3
9,Rawalpindi,2027,CS0100854,Grocery,High,641036,33.225321,73.575602,Phase 3
9,Rawalpindi,2027,CS0095408,Grocery,High,640907,33.511903,73.56074,Phase 3
9,Rawalpindi,2027,CS0103247,Grocery,High,640779,33.322207,73.437816,Phase 3
9,Rawalpindi,2027,CS0101899,Grocery,High,639900,33.490462,73.440802,Phase 3
9,Rawalpindi,2027,CS0100508,Pharmacy,High,639498,33.585557,73.381266,Phase 3
9,Rawalpindi,2027,CS0095022,Grocery,High,637827,33.599403,73.467658,Phase 3
9,Rawalpindi,2027,CS0101822,Pharmacy,High,636533,33.663426,73.490417,Phase 3
9,Rawalpindi,2027,CS0099603,Pharmacy,High,635937,33.473822,73.248564,Phase 3
9,Rawalpindi,2027,CS0103619,Grocery,High,635182,33.50653,73.336499,Phase 3
9,Rawalpindi,2027,CS0095230,Grocery,High,634299,33.50275,73.430609,Phase 3
9,Rawalpindi,2027,CS0102425,Grocery,High,633290,33.740001,73.378826,Phase 3
9,Rawalpindi,2027,CS0099016,Grocery,High,632902,33.498412,73.478885,Phase 3
9,Rawalpindi,2027,CS0096224,Grocery,High,632032,33.7124,73.50139,Phase 3
9,Rawalpindi,2027,CS0097383,Grocery,High,632012,33.575692,73.450306,Phase 3
9,Rawalpindi,2027,CS0103398,Pharmacy,High,630971,33.517812,73.429647,Phase 3
9,Rawalpindi,2027,CS0101888,Bakery,High,630862,33.580887,73.520419,Phase 3
9,Rawalpindi,2027,CS0094890,Grocery,High,630162,33.569139,73.432347,Phase 3
9,Rawalpindi,2027,CS0103990,Grocery,High,628199,33.630787,73.346113,Phase 3
9,Rawalpindi,2027,CS0096376,Grocery,High,625820,33.315087,73.547788,Phase 3
9,Rawalpindi,2027,CS0101084,Grocery,High,625217,33.34897,73.544267,Phase 3
9,Rawalpindi,2027,CS0104128,Grocery,High,624947,33.603713,73.435105,Phase 3
9,Rawalpindi,2027,CS0104121,Grocery,High,622889,33.592858,73.463603,Phase 3
9,Rawalpindi,2027,CS0102813,Grocery,High,622697,33.619849,73.318255,Phase 3
9,Rawalpindi,2027,CS0102735,Bakery,High,621701,33.660767,73.275193,Phase 3
9,Rawalpindi,2027,CS0095956,Grocery,High,621418,33.51054,73.486872,Phase 3
9,Rawalpindi,2027,CS0095326,Supermarket,High,621014,33.665652,73.462055,Phase 3
9,Rawalpindi,2027,CS0104139,Grocery,High,619476,33.501559,73.4184,Phase 3
9,Rawalpindi,2027,CS0103378,Grocery,High,618860,33.559026,73.35391,Phase 3
9,Rawalpindi,2027,CS0094914,Bakery,High,618711,33.272752,73.428809,Phase 3
9,Rawalpindi,2027,CS0099990,Pharmacy,High,618563,33.514931,73.360382,Phase 3
9,Rawalpindi,2027,CS0104222,Grocery,High,618489,33.50336,73.459164,Phase 3
9,Rawalpindi,2027,CS0096696,Grocery,High,615874,33.374158,73.473939,Phase 3
9,Rawalpindi,2027,CS0101032,Grocery,High,614792,33.577882,73.369613,Phase 3
9,Rawalpindi,2027,CS0099542,Grocery,High,614252,33.348576,73.515869,Phase 3
9,Rawalpindi,2027,CS0103616,Bakery,High,614163,33.528237,73.495518,Phase 3
9,Rawalpindi,2027,CS0099251,Grocery,High,612832,33.511166,73.456852,Phase 3
9,Rawalpindi,2027,CS0103008,Pharmacy,High,612229,33.201748,73.463269,Phase 3
9,Rawalpindi,2027,CS0098519,Supermarket,High,609984,33.37333,73.520938,Phase 3
9,Rawalpindi,2027,CS0095607,Grocery,High,609373,33.63945,73.394961,Phase 3
9,Rawalpindi,2027,CS0099463,Grocery,High,608711,33.339327,73.474259,Phase 3
9,Rawalpindi,2027,CS0104596,Grocery,High,608621,33.525492,73.503372,Phase 3
9,Rawalpindi,2027,CS0103102,Pharmacy,High,608605,33.624975,73.370395,Phase 3
9,Rawalpindi,2027,CS0100565,Bakery,High,606983,33.707547,73.538466,Phase 3
10,Sheikhpura,2025,CS0007239,Grocery,High,2014656,31.441223,74.058655,Phase 3
10,Sheikhpura,2025,CS0004887,Grocery,High,1871639,31.515759,73.783875,Phase 3
10,Sheikhpura,2025,CS0005520,Grocery,High,1808641,31.383917,73.774925,Phase 3
10,Sheikhpura,2025,CS0004539,Grocery,High,1676886,32.000711,74.595835,Phase 3
10,Sheikhpura,2025,CS0004201,Grocery,High,1625983,31.506736,73.921498,Phase 3
10,Sheikhpura,2025,CS0005470,Grocery,High,1546982,31.718368,73.777,Phase 3
10,Sheikhpura,2025,CS0004823,Pharmacy,High,1493311,31.442829,73.894758,Phase 3
10,Sheikhpura,2025,CS0005749,Grocery,High,1470994,31.564687,73.866241,Phase 3
10,Sheikhpura,2025,CS0006067,Grocery,High,1376896,31.615213,73.993917,Phase 3
10,Sheikhpura,2025,CS0006719,Pharmacy,High,1372896,31.478536,73.854238,Phase 3
10,Sheikhpura,2025,CS0005147,Grocery,High,1349051,32.037537,74.592134,Phase 3
10,Sheikhpura,2025,CS0007393,Pharmacy,High,1325324,31.530542,73.727416,Phase 3
10,Sheikhpura,2025,CS0006328,Supermarket,High,1292953,31.424545,73.71995,Phase 3
10,Sheikhpura,2025,CS0004353,Supermarket,High,1280961,31.667485,73.978295,Phase 3
10,Sheikhpura,2025,CS0006205,Pharmacy,High,1272353,31.572683,73.821922,Phase 3
10,Sheikhpura,2025,CS0007504,Grocery,High,1264780,31.670888,73.594548,Phase 3
10,Sheikhpura,2025,CS0005974,Supermarket,High,1253771,31.453622,73.913272,Phase 3
10,Sheikhpura,2025,CS0005546,Supermarket,High,1250136,31.517139,73.801148,Phase 3
10,Sheikhpura,2025,CS0005402,Grocery,High,1243022,31.321495,73.835886,Phase 3
10,Sheikhpura,2025,CS0004702,Grocery,High,1240039,31.598595,73.82537,Phase 3
10,Sheikhpura,2025,CS0005788,Supermarket,High,1236331,31.473413,73.894767,Phase 3
10,Sheikhpura,2025,CS0005429,Grocery,High,1226249,31.916236,74.646269,Phase 3
10,Sheikhpura,2025,CS0004451,Grocery,High,1210795,32.001128,74.502182,Phase 3
10,Sheikhpura,2025,CS0006127,Grocery,High,1200549,31.416412,73.812581,Phase 3
10,Sheikhpura,2025,CS0006154,Grocery,High,1192185,31.408316,74.08457,Phase 3
10,Sheikhpura,2025,CS0004345,Bakery,High,1191537,31.478991,73.830762,Phase 3
10,Sheikhpura,2025,CS0007081,Grocery,High,1186941,31.654521,73.85948,Phase 3
10,Sheikhpura,2025,CS0005823,Pharmacy,High,1171653,31.638867,73.744,Phase 3
10,Sheikhpura,2025,CS0006615,Grocery,High,1167724,31.528224,73.828878,Phase 3
10,Sheikhpura,2025,CS0005677,Grocery,High,1167254,31.489817,73.561431,Phase 3
10,Sheikhpura,2025,CS0006911,Grocery,High,1165091,31.460294,73.813469,Phase 3
10,Sheikhpura,2025,CS0005780,Bakery,High,1158208,31.54548,73.847769,Phase 3
10,Sheikhpura,2025,CS0005177,Grocery,High,1155423,31.698174,73.865352,Phase 3
10,Sheikhpura,2025,CS0007348,Grocery,High,1149716,31.359081,73.907702,Phase 3
10,Sheikhpura,2025,CS0006077,Grocery,High,1147164,31.528661,73.915041,Phase 3
10,Sheikhpura,2025,CS0005328,Grocery,High,1143661,31.540506,73.931276,Phase 3
10,Sheikhpura,2025,CS0005768,Pharmacy,High,1137011,31.491929,73.822765,Phase 3
10,Sheikhpura,2025,CS0005444,Bakery,High,1130387,31.479484,73.864968,Phase 3
10,Sheikhpura,2025,CS0004571,Grocery,High,1129657,31.384302,73.784382,Phase 3
10,Sheikhpura,2025,CS0006592,Grocery,High,1115631,31.37563,73.830185,Phase 3
10,Sheikhpura,2025,CS0006138,Bakery,High,1113704,31.386741,73.808484,Phase 3
10,Sheikhpura,2025,CS0004386,Grocery,High,1108776,31.51339,73.960502,Phase 3
10,Sheikhpura,2025,CS0005909,Grocery,High,1096211,31.617184,73.856615,Phase 3
10,Sheikhpura,2025,CS0006768,Bakery,High,1092973,32.057632,74.589789,Phase 3
10,Sheikhpura,2025,CS0007264,Grocery,High,1070080,31.521458,73.832303,Phase 3
10,Sheikhpura,2025,CS0006320,Grocery,High,1068344,31.453803,73.931018,Phase 3
10,Sheikhpura,2025,CS0004928,Grocery,High,1063274,31.385943,73.995108,Phase 3
10,Sheikhpura,2025,CS0006004,Pharmacy,High,1062803,31.588022,73.81127,Phase 3
10,Sheikhpura,2025,CS0004146,Bakery,High,1062207,31.981109,74.557748,Phase 3
10,Sheikhpura,2025,CS0006568,Bakery,High,1052682,31.636923,73.64045,Phase 3
10,Sheikhpura,2025,CS0004493,Grocery,High,1045729,31.936777,74.619156,Phase 3
10,Sheikhpura,2025,CS0006208,Pharmacy,High,1036061,31.661853,73.757239,Phase 3
10,Sheikhpura,2025,CS0007171,Pharmacy,High,1030240,31.518314,73.778224,Phase 3
10,Sheikhpura,2025,CS0005600,Grocery,High,1022725,31.464702,73.792905,Phase 3
10,Sheikhpura,2025,CS0005338,Grocery,High,1019348,31.879467,74.545232,Phase 3
10,Sheikhpura,2025,CS0005980,Pharmacy,High,1014240,31.672936,73.934803,Phase 3
10,Sheikhpura,2025,CS0004557,Grocery,High,1013288,31.428574,74.060979,Phase 3
10,Sheikhpura,2025,CS0004396,Pharmacy,High,1009188,31.454715,73.724641,Phase 3
10,Sheikhpura,2025,CS0006332,Pharmacy,High,1002135,31.55199,73.930387,Phase 3
10,Sheikhpura,2025,CS0007478,Supermarket,High,995578,31.491239,73.918116,Phase 3
10,Sheikhpura,2025,CS0006588,Grocery,High,990438,31.408553,73.934428,Phase 3
10,Sheikhpura,2025,CS0007529,Bakery,High,983605,31.498717,73.809468,Phase 3
10,Sheikhpura,2025,CS0007379,Supermarket,High,983509,31.542331,73.804004,Phase 3
10,Sheikhpura,2025,CS0005009,Grocery,High,980274,31.705802,73.812433,Phase 3
10,Sheikhpura,2025,CS0005088,Petro Mart,High,973782,31.483359,73.959032,Phase 3
10,Sheikhpura,2026,CS0005609,Grocery,High,969154,31.825932,73.979302,Phase 3
10,Sheikhpura,2026,CS0006394,Grocery,High,966878,31.539262,74.007105,Phase 3
10,Sheikhpura,2026,CS0006732,Grocery,High,958189,31.398823,74.073871,Phase 3
10,Sheikhpura,2026,CS0007678,Bakery,High,952053,31.335814,73.811249,Phase 3
10,Sheikhpura,2026,CS0005174,Grocery,High,950283,31.495765,73.717192,Phase 3
10,Sheikhpura,2026,CS0005637,Supermarket,High,949382,31.625122,73.859136,Phase 3
10,Sheikhpura,2026,CS0004518,Petro Mart,High,944660,31.747934,73.944402,Phase 3
10,Sheikhpura,2026,CS0007569,Pharmacy,High,943411,31.643176,73.802017,Phase 3
10,Sheikhpura,2026,CS0004142,Pharmacy,High,942639,31.498436,73.920895,Phase 3
10,Sheikhpura,2026,CS0006675,Bakery,High,938442,31.59437,73.721661,Phase 3
10,Sheikhpura,2026,CS0006375,Grocery,High,938322,31.270755,73.842532,Phase 3
10,Sheikhpura,2026,CS0005771,Grocery,High,937749,31.554996,73.86975,Phase 3
10,Sheikhpura,2026,CS0007659,Grocery,High,937188,31.392677,73.965579,Phase 3
10,Sheikhpura,2026,CS0006636,Grocery,High,936262,31.493667,73.60161,Phase 3
10,Sheikhpura,2026,CS0006207,Pharmacy,High,934914,31.501533,73.744139,Phase 3
10,Sheikhpura,2026,CS0006659,Grocery,High,934472,31.331529,73.852459,Phase 3
10,Sheikhpura,2026,CS0005917,Grocery,High,933731,31.955009,74.596843,Phase 3
10,Sheikhpura,2026,CS0004424,Grocery,High,931324,31.448762,73.953499,Phase 3
10,Sheikhpura,2026,CS0005588,Grocery,High,930262,31.509423,74.095569,Phase 3
10,Sheikhpura,2026,CS0004810,Bakery,High,927203,31.373141,73.923676,Phase 3
10,Sheikhpura,2026,CS0005867,Grocery,High,926594,31.447418,73.832914,Phase 3
10,Sheikhpura,2026,CS0006622,Petro Mart,High,924426,31.282869,73.759583,Phase 3
10,Sheikhpura,2026,CS0004223,Grocery,High,923362,31.494155,73.59406,Phase 3
10,Sheikhpura,2026,CS0006223,Grocery,High,920994,31.386247,74.016172,Phase 3
10,Sheikhpura,2026,CS0004719,Petro Mart,High,920773,31.485707,73.900621,Phase 3
10,Sheikhpura,2026,CS0006684,Grocery,High,920055,31.574517,73.741626,Phase 3
10,Sheikhpura,2026,CS0005356,Grocery,High,913605,31.724504,73.81526,Phase 3
10,Sheikhpura,2026,CS0007617,Supermarket,High,912814,31.580262,73.836282,Phase 3
10,Sheikhpura,2026,CS0006861,Grocery,High,905794,31.540727,73.836022,Phase 3
10,Sheikhpura,2026,CS0004498,Grocery,High,904079,31.973239,74.580982,Phase 3
10,Sheikhpura,2026,CS0006215,Petro Mart,High,903840,31.273526,73.771269,Phase 3
10,Sheikhpura,2026,CS0007300,Grocery,High,902769,31.596352,73.888089,Phase 3
10,Sheikhpura,2026,CS0005571,Grocery,High,899452,31.579874,73.853338,Phase 3
10,Sheikhpura,2026,CS0006874,Bakery,High,889944,31.617057,73.964637,Phase 3
10,Sheikhpura,2026,CS0006485,Pharmacy,High,888523,31.583386,73.772956,Phase 3
10,Sheikhpura,2026,CS0004269,Bakery,High,884726,31.749938,73.967383,Phase 3
10,Sheikhpura,2026,CS0004831,Petro Mart,High,882865,31.600364,73.765899,Phase 3
10,Sheikhpura,2026,CS0006456,Pharmacy,High,879283,31.549823,73.766019,Phase 3
10,Sheikhpura,2026,CS0006881,Bakery,High,875067,31.622967,73.810783,Phase 3
10,Sheikhpura,2026,CS0004707,Grocery,High,863659,31.52633,73.733622,Phase 3
10,Sheikhpura,2026,CS0007053,Pharmacy,High,860331,31.592526,73.815125,Phase 3
10,Sheikhpura,2026,CS0007428,Pharmacy,High,859685,31.467121,74.104435,Phase 3
10,Sheikhpura,2026,CS0007417,Grocery,High,858968,31.525856,73.761692,Phase 3
10,Sheikhpura,2026,CS0005513,Grocery,High,855940,31.322201,73.914734,Phase 3
10,Sheikhpura,2026,CS0004636,Grocery,High,853875,31.403079,73.685891,Phase 3
10,Sheikhpura,2026,CS0004335,Supermarket,High,852799,31.464031,73.698723,Phase 3
10,Sheikhpura,2026,CS0007164,Pharmacy,High,846116,31.576433,73.840743,Phase 3
10,Sheikhpura,2026,CS0005861,Grocery,High,845837,31.472453,73.66579,Phase 3
10,Sheikhpura,2026,CS0005405,Grocery,High,844230,31.448018,73.748031,Phase 3
10,Sheikhpura,2026,CS0006092,Grocery,High,844095,31.569051,73.7658,Phase 3
10,Sheikhpura,2026,CS0007587,Pharmacy,High,840679,31.460254,73.845589,Phase 3
10,Sheikhpura,2026,CS0005573,Grocery,High,838969,31.649818,74.059782,Phase 3
10,Sheikhpura,2026,CS0006583,Pharmacy,High,835762,31.48749,73.853453,Phase 3
10,Sheikhpura,2026,CS0005713,Grocery,High,835488,31.609128,73.922619,Phase 3
10,Sheikhpura,2026,CS0006535,Pharmacy,High,835307,31.558634,73.690301,Phase 3
10,Sheikhpura,2026,CS0005736,Supermarket,High,832899,31.541304,73.893671,Phase 3
10,Sheikhpura,2026,CS0005292,Bakery,High,830720,31.84133,74.503676,Phase 3
10,Sheikhpura,2026,CS0006314,Grocery,High,830278,31.494725,73.866799,Phase 3
10,Sheikhpura,2026,CS0005951,Grocery,High,829987,31.421389,73.9959,Phase 3
10,Sheikhpura,2026,CS0004249,Grocery,High,828774,31.430724,73.630045,Phase 3
10,Sheikhpura,2026,CS0004385,Grocery,High,827700,31.398486,73.821588,Phase 3
10,Sheikhpura,2026,CS0006625,Pharmacy,High,827672,31.443021,73.795033,Phase 3
10,Sheikhpura,2026,CS0007289,Grocery,High,826316,31.622988,73.640438,Phase 3
10,Sheikhpura,2026,CS0005474,Grocery,High,825397,31.868489,74.530111,Phase 3
10,Sheikhpura,2026,CS0007654,Grocery,High,818567,31.503976,73.865716,Phase 3
10,Sheikhpura,2027,CS0005371,Grocery,High,813590,31.449732,73.834077,Phase 3
10,Sheikhpura,2027,CS0007424,Grocery,High,813351,31.674843,73.843381,Phase 3
10,Sheikhpura,2027,CS0004671,Bakery,High,812810,31.510695,74.1208,Phase 3
10,Sheikhpura,2027,CS0006856,Grocery,High,811037,31.504561,73.828351,Phase 3
10,Sheikhpura,2027,CS0007088,Grocery,High,805588,31.430713,74.141363,Phase 3
10,Sheikhpura,2027,CS0004266,Pharmacy,High,803730,31.408455,73.772796,Phase 3
10,Sheikhpura,2027,CS0004752,Grocery,High,791126,31.459868,73.873391,Phase 3
10,Sheikhpura,2027,CS0007375,Supermarket,High,787281,31.559673,73.744357,Phase 3
10,Sheikhpura,2027,CS0004625,Bakery,High,786062,31.529304,73.972854,Phase 3
10,Sheikhpura,2027,CS0007490,Pharmacy,High,782373,31.436621,73.930961,Phase 3
10,Sheikhpura,2027,CS0005129,Supermarket,High,779033,31.489786,73.860409,Phase 3
10,Sheikhpura,2027,CS0004178,Grocery,High,777159,31.396203,73.700531,Phase 3
10,Sheikhpura,2027,CS0004412,Grocery,High,770250,31.470409,73.823095,Phase 3
10,Sheikhpura,2027,CS0004268,Supermarket,High,767356,31.417556,73.888955,Phase 3
10,Sheikhpura,2027,CS0006260,Grocery,High,765533,31.435646,73.75981,Phase 3
10,Sheikhpura,2027,CS0006189,Pharmacy,High,762910,31.542873,73.883291,Phase 3
10,Sheikhpura,2027,CS0005409,Grocery,High,760109,31.512545,73.868544,Phase 3
10,Sheikhpura,2027,CS0004536,Grocery,High,758579,31.339618,73.81004,Phase 3
10,Sheikhpura,2027,CS0007327,Bakery,High,753873,31.546812,74.008659,Phase 3
10,Sheikhpura,2027,CS0007576,Grocery,High,752526,31.636363,73.804272,Phase 3
10,Sheikhpura,2027,CS0005449,Bakery,High,752510,31.96277,74.584258,Phase 3
10,Sheikhpura,2027,CS0007586,Bakery,High,748686,31.447884,73.625841,Phase 3
10,Sheikhpura,2027,CS0006671,Grocery,High,748125,31.458726,73.585476,Phase 3
10,Sheikhpura,2027,CS0006289,Grocery,High,747342,31.440631,73.807256,Phase 3
10,Sheikhpura,2027,CS0004310,Bakery,High,741344,31.507097,73.905516,Phase 3
10,Sheikhpura,2027,CS0006799,Grocery,High,737739,31.515628,73.764624,Phase 3
10,Sheikhpura,2027,CS0005190,Supermarket,High,735654,31.566199,73.81382,Phase 3
10,Sheikhpura,2027,CS0004425,Grocery,High,734090,31.504615,73.671455,Phase 3
10,Sheikhpura,2027,CS0005322,Grocery,High,730412,31.580458,73.91287,Phase 3
10,Sheikhpura,2027,CS0007602,Grocery,High,725567,31.887034,74.604942,Phase 3
10,Sheikhpura,2027,CS0004553,Supermarket,High,722211,31.407471,74.078138,Phase 3
10,Sheikhpura,2027,CS0006669,Bakery,High,715996,31.553521,73.763773,Phase 3
10,Sheikhpura,2027,CS0006469,Grocery,High,713988,31.730417,73.738636,Phase 3
10,Sheikhpura,2027,CS0006822,Grocery,High,708456,31.93272,74.611798,Phase 3
10,Sheikhpura,2027,CS0007213,Grocery,High,703052,32.042119,74.60555,Phase 3
10,Sheikhpura,2027,CS0004265,Grocery,High,701694,31.569936,73.721313,Phase 3
10,Sheikhpura,2027,CS0005197,Grocery,High,699704,31.550907,73.870898,Phase 3
10,Sheikhpura,2027,CS0007436,Grocery,High,698772,31.935465,74.62528,Phase 3
10,Sheikhpura,2027,CS0007592,Grocery,High,694831,31.626007,73.780093,Phase 3
10,Sheikhpura,2027,CS0004252,Pharmacy,High,682705,31.3687,73.803975,Phase 3
10,Sheikhpura,2027,CS0007027,Pharmacy,High,680725,31.554539,73.676942,Phase 3
10,Sheikhpura,2027,CS0006264,Bakery,High,675497,31.729612,73.834736,Phase 3
10,Sheikhpura,2027,CS0005117,Pharmacy,High,675463,31.923169,74.580264,Phase 3
10,Sheikhpura,2027,CS0004882,Grocery,High,674809,31.704958,73.873071,Phase 3
10,Sheikhpura,2027,CS0005131,Grocery,High,673508,31.607657,73.581946,Phase 3
10,Sheikhpura,2027,CS0005204,Grocery,High,666687,31.599876,73.884459,Phase 3
10,Sheikhpura,2027,CS0004261,Grocery,High,666046,31.762662,73.657156,Phase 3
10,Sheikhpura,2027,CS0005766,Grocery,High,662768,31.96529,74.565833,Phase 3
10,Sheikhpura,2027,CS0006743,Grocery,High,662525,31.787079,74.465165,Phase 3
10,Sheikhpura,2027,CS0005257,Bakery,High,660879,31.453693,73.704349,Phase 3
10,Sheikhpura,2027,CS0005007,Grocery,High,658752,31.652625,73.858112,Phase 3
10,Sheikhpura,2027,CS0005162,Grocery,High,656730,31.500604,73.761215,Phase 3
10,Sheikhpura,2027,CS0004243,Bakery,High,650462,31.494493,73.835474,Phase 3
10,Sheikhpura,2027,CS0007625,Supermarket,High,645100,31.542865,73.756022,Phase 3
11,Multan,2025,CS0083249,Grocery,High,1916155,29.946185,71.316207,Phase 3
11,Multan,2025,CS0085284,Grocery,High,1854803,29.916151,71.369454,Phase 3
11,Multan,2025,CS0081199,Bakery,High,1833791,29.900458,71.221482,Phase 3
11,Multan,2025,CS0082160,Bakery,High,1779895,30.258001,71.399886,Phase 3
11,Multan,2025,CS0085214,Grocery,High,1737723,29.673533,71.242338,Phase 3
11,Multan,2025,CS0081880,Bakery,High,1650480,30.228615,71.640049,Phase 3
11,Multan,2025,CS0084676,Pharmacy,High,1591374,29.989921,71.415012,Phase 3
11,Multan,2025,CS0083714,Grocery,High,1576390,29.914818,71.430605,Phase 3
11,Multan,2025,CS0082256,Grocery,High,1565552,30.332851,71.592666,Phase 3
11,Multan,2025,CS0083946,Bakery,High,1559861,29.989589,71.309857,Phase 3
11,Multan,2025,CS0082110,Grocery,High,1552497,29.718024,71.249008,Phase 3
11,Multan,2025,CS0085411,Petro Mart,High,1549960,29.859953,71.267151,Phase 3
11,Multan,2025,CS0084714,Bakery,High,1546954,29.82131,71.400217,Phase 3
11,Multan,2025,CS0084381,Grocery,High,1506512,30.253614,71.556975,Phase 3
11,Multan,2025,CS0082213,Grocery,High,1499938,29.803983,71.432221,Phase 3
11,Multan,2025,CS0085905,Grocery,High,1496531,29.79088,71.416668,Phase 3
11,Multan,2025,CS0082772,Supermarket,High,1474021,30.204048,71.661034,Phase 3
11,Multan,2025,CS0083442,Supermarket,High,1466796,30.153179,71.306823,Phase 3
11,Multan,2025,CS0084340,Grocery,High,1462165,29.822316,71.365432,Phase 3
11,Multan,2025,CS0083652,Pharmacy,High,1410144,29.960294,71.326229,Phase 3
11,Multan,2025,CS0083088,Grocery,High,1406165,30.007464,71.301913,Phase 3
11,Multan,2025,CS0084833,Grocery,High,1393516,30.073458,71.620727,Phase 3
11,Multan,2025,CS0080968,Grocery,High,1373813,29.814787,71.401697,Phase 3
11,Multan,2025,CS0084726,Bakery,High,1362009,29.844683,71.371285,Phase 3
11,Multan,2025,CS0081677,Grocery,High,1344407,29.930478,71.431163,Phase 3
11,Multan,2025,CS0081319,Bakery,High,1333612,29.899162,71.477141,Phase 3
11,Multan,2025,CS0081002,Grocery,High,1321067,30.032574,71.327902,Phase 3
11,Multan,2025,CS0082808,Supermarket,High,1319611,30.25832,71.426336,Phase 3
11,Multan,2025,CS0080852,Grocery,High,1283179,30.233699,71.697268,Phase 3
11,Multan,2025,CS0082879,Grocery,High,1274955,30.038478,71.47727,Phase 3
11,Multan,2025,CS0083133,Grocery,High,1273026,30.045644,71.283615,Phase 3
11,Multan,2025,CS0085135,Supermarket,High,1265129,30.319945,71.392227,Phase 3
11,Multan,2025,CS0085589,Grocery,High,1259278,30.127878,71.288284,Phase 3
11,Multan,2025,CS0082097,Pharmacy,High,1239494,29.885738,71.390195,Phase 3
11,Multan,2025,CS0085604,Bakery,High,1229851,29.928761,71.553346,Phase 3
11,Multan,2025,CS0084366,Grocery,High,1225130,30.319472,71.556432,Phase 3
11,Multan,2025,CS0082436,Grocery,High,1221885,30.311592,71.431816,Phase 3
11,Multan,2025,CS0083163,Grocery,High,1220873,30.137383,71.405609,Phase 3
11,Multan,2025,CS0082214,Grocery,High,1217449,29.75858,71.347344,Phase 3
11,Multan,2025,CS0084403,Grocery,High,1208492,30.241721,71.564461,Phase 3
11,Multan,2025,CS0085170,Pharmacy,High,1195318,29.810008,71.349477,Phase 3
11,Multan,2025,CS0085224,Grocery,High,1188274,29.894392,71.224001,Phase 3
11,Multan,2025,CS0085859,Bakery,High,1178919,30.348393,71.434207,Phase 3
11,Multan,2025,CS0081164,Grocery,High,1171281,30.249878,71.511334,Phase 3
11,Multan,2025,CS0085527,Supermarket,High,1160863,29.93278,71.298452,Phase 3
11,Multan,2025,CS0084033,Grocery,High,1160485,29.986795,71.278466,Phase 3
11,Multan,2025,CS0080872,Bakery,High,1159818,30.066528,71.402759,Phase 3
11,Multan,2025,CS0084513,Grocery,High,1157748,30.10467,71.357304,Phase 3
11,Multan,2025,CS0085481,Grocery,High,1156623,30.000503,71.248305,Phase 3
11,Multan,2025,CS0083201,Grocery,High,1155497,30.101122,71.430463,Phase 3
11,Multan,2025,CS0083428,Grocery,High,1144089,30.283259,71.594114,Phase 3
11,Multan,2025,CS0081673,Bakery,High,1141443,29.949918,71.470766,Phase 3
11,Multan,2025,CS0081778,Pharmacy,High,1134430,30.321057,71.553484,Phase 3
11,Multan,2025,CS0082012,Supermarket,High,1132147,29.853314,71.378409,Phase 3
11,Multan,2025,CS0084708,Pharmacy,High,1115261,30.009014,71.412781,Phase 3
11,Multan,2025,CS0085174,Grocery,High,1114398,30.277731,71.531968,Phase 3
11,Multan,2025,CS0085141,Grocery,High,1110497,29.867478,71.373363,Phase 3
11,Multan,2025,CS0081230,Pharmacy,High,1107419,30.251328,71.468975,Phase 3
11,Multan,2025,CS0083970,Grocery,High,1098941,29.933147,71.305108,Phase 3
11,Multan,2025,CS0083195,Pharmacy,High,1097363,30.01096,71.296923,Phase 3
11,Multan,2025,CS0081729,Grocery,High,1097240,29.982081,71.333879,Phase 3
11,Multan,2025,CS0083352,Grocery,High,1095656,29.858996,71.218442,Phase 3
11,Multan,2025,CS0082952,Grocery,High,1090603,29.898034,71.463637,Phase 3
11,Multan,2025,CS0085647,Grocery,High,1090099,30.218131,71.529013,Phase 3
11,Multan,2025,CS0083979,Grocery,High,1089169,29.881869,71.402311,Phase 3
11,Multan,2025,CS0084769,Grocery,High,1088808,30.38084,71.489079,Phase 3
11,Multan,2025,CS0084286,Grocery,High,1086970,30.288922,71.593996,Phase 3
11,Multan,2025,CS0085429,Grocery,High,1085549,29.963815,71.406834,Phase 3
11,Multan,2025,CS0085145,Petro Mart,High,1073223,30.007742,71.345245,Phase 3
11,Multan,2025,CS0084434,Grocery,High,1071259,30.134038,71.393078,Phase 3
11,Multan,2025,CS0084155,Pharmacy,High,1069336,30.234903,71.463384,Phase 3
11,Multan,2025,CS0085160,Grocery,High,1068037,29.935086,71.30462,Phase 3
11,Multan,2025,CS0083816,Grocery,High,1067302,30.209375,71.539124,Phase 3
11,Multan,2025,CS0081813,Bakery,High,1065749,30.188821,71.53011,Phase 3
11,Multan,2025,CS0082170,Grocery,High,1065010,29.953607,71.360318,Phase 3
11,Multan,2025,CS0083560,Bakery,High,1058365,30.002383,71.514994,Phase 3
11,Multan,2025,CS0085576,Grocery,High,1050895,29.93535,71.293964,Phase 3
11,Multan,2025,CS0083826,Grocery,High,1050670,29.881975,71.409147,Phase 3
11,Multan,2025,CS0082752,Grocery,High,1048846,29.97234,71.233615,Phase 3
11,Multan,2025,CS0080747,Bakery,High,1042466,30.063812,71.613423,Phase 3
11,Multan,2025,CS0083981,Bakery,High,1041577,30.102472,71.428287,Phase 3
11,Multan,2025,CS0085319,Pharmacy,High,1041485,30.263199,71.50675,Phase 3
11,Multan,2025,CS0083741,Grocery,High,1039439,30.208024,71.444666,Phase 3
11,Multan,2025,CS0083483,Petro Mart,High,1038747,29.912046,71.436578,Phase 3
11,Multan,2025,CS0085570,Pharmacy,High,1036573,29.861394,71.316203,Phase 3
11,Multan,2025,CS0085344,Pharmacy,High,1027231,29.974473,71.268945,Phase 3
11,Multan,2025,CS0082264,Pharmacy,High,1025721,29.736303,71.346195,Phase 3
11,Multan,2025,CS0084198,Grocery,High,1023329,30.213184,71.375312,Phase 3
11,Multan,2025,CS0082065,Bakery,High,1018645,29.894227,71.26019,Phase 3
11,Multan,2025,CS0083603,Pharmacy,High,1016024,30.187807,71.413831,Phase 3
11,Multan,2025,CS0083782,Pharmacy,High,1014368,29.893459,71.302194,Phase 3
11,Multan,2025,CS0085321,Grocery,High,1013146,29.90583,71.423602,Phase 3
11,Multan,2025,CS0084836,Bakery,High,1007922,30.143778,71.554876,Phase 3
11,Multan,2025,CS0081689,Petro Mart,High,1006006,29.819907,71.381487,Phase 3
11,Multan,2025,CS0084416,Supermarket,High,1002699,30.276644,71.673122,Phase 3
11,Multan,2025,CS0082638,Bakery,High,1001362,30.198169,71.511721,Phase 3
11,Multan,2025,CS0081266,Grocery,High,1001107,29.912398,71.250747,Phase 3
11,Multan,2025,CS0084026,Grocery,High,993966,29.833982,71.264514,Phase 3
11,Multan,2025,CS0081409,Grocery,High,992156,30.111271,71.436914,Phase 3
11,Multan,2026,CS0082903,Bakery,High,990302,29.953033,71.36725,Phase 3
11,Multan,2026,CS0085288,Grocery,High,984053,29.85693,71.296315,Phase 3
11,Multan,2026,CS0085229,Grocery,High,982393,30.177422,71.497839,Phase 3
11,Multan,2026,CS0081192,Supermarket,High,982071,29.846209,71.394329,Phase 3
11,Multan,2026,CS0080855,Grocery,High,980352,30.399647,71.540345,Phase 3
11,Multan,2026,CS0082066,Supermarket,High,977343,29.934014,71.249465,Phase 3
11,Multan,2026,CS0080745,Grocery,High,969230,29.934726,71.431064,Phase 3
11,Multan,2026,CS0080940,Grocery,High,969099,30.139295,71.379109,Phase 3
11,Multan,2026,CS0083186,Pharmacy,High,968142,30.009745,71.428645,Phase 3
11,Multan,2026,CS0085554,Grocery,High,966283,29.995661,71.305197,Phase 3
11,Multan,2026,CS0083930,Bakery,High,961239,29.802655,71.367242,Phase 3
11,Multan,2026,CS0085327,Grocery,High,958650,29.930462,71.361214,Phase 3
11,Multan,2026,CS0081279,Bakery,High,958234,29.993049,71.323333,Phase 3
11,Multan,2026,CS0085651,Grocery,High,957738,29.882165,71.320382,Phase 3
11,Multan,2026,CS0082755,Bakery,High,955855,29.894745,71.302036,Phase 3
11,Multan,2026,CS0082056,Grocery,High,954993,30.171336,71.310404,Phase 3
11,Multan,2026,CS0081340,Petro Mart,High,952498,29.854049,71.387739,Phase 3
11,Multan,2026,CS0080825,Pharmacy,High,952424,29.948664,71.373522,Phase 3
11,Multan,2026,CS0083690,Grocery,High,952033,30.161188,71.375177,Phase 3
11,Multan,2026,CS0083639,Grocery,High,947786,30.19027,71.635542,Phase 3
11,Multan,2026,CS0081128,Grocery,High,939894,30.09403,71.522802,Phase 3
11,Multan,2026,CS0085437,Pharmacy,High,939159,30.199389,71.462854,Phase 3
11,Multan,2026,CS0081970,Grocery,High,938865,30.192507,71.329323,Phase 3
11,Multan,2026,CS0085707,Grocery,High,938235,29.948654,71.399504,Phase 3
11,Multan,2026,CS0082604,Bakery,High,937970,30.163027,71.723697,Phase 3
11,Multan,2026,CS0084871,Bakery,High,936655,30.272468,71.498796,Phase 3
11,Multan,2026,CS0084991,Pharmacy,High,935132,29.935824,71.289132,Phase 3
11,Multan,2026,CS0083155,Grocery,High,932256,30.238594,71.519278,Phase 3
11,Multan,2026,CS0085814,Grocery,High,932228,30.244801,71.525701,Phase 3
11,Multan,2026,CS0085237,Grocery,High,931943,29.891605,71.178264,Phase 3
11,Multan,2026,CS0085929,Grocery,High,926154,29.961049,71.362244,Phase 3
11,Multan,2026,CS0083097,Bakery,High,924633,29.803293,71.427835,Phase 3
11,Multan,2026,CS0082540,Petro Mart,High,923679,29.824444,71.362086,Phase 3
11,Multan,2026,CS0082813,Grocery,High,921463,30.040087,71.329637,Phase 3
11,Multan,2026,CS0084690,Grocery,High,918136,29.995262,71.337229,Phase 3
11,Multan,2026,CS0083339,Supermarket,High,917314,30.024552,71.254195,Phase 3
11,Multan,2026,CS0084218,Grocery,High,911973,29.892214,71.258413,Phase 3
11,Multan,2026,CS0085575,Bakery,High,910250,30.142852,71.302816,Phase 3
11,Multan,2026,CS0083820,Grocery,High,909775,29.932883,71.533599,Phase 3
11,Multan,2026,CS0085467,Grocery,High,906701,30.286615,71.591967,Phase 3
11,Multan,2026,CS0080952,Grocery,High,906556,29.938673,71.262838,Phase 3
11,Multan,2026,CS0083322,Grocery,High,905516,30.2611,71.455656,Phase 3
11,Multan,2026,CS0084531,Grocery,High,902875,30.03335,71.453061,Phase 3
11,Multan,2026,CS0082957,Grocery,High,901839,29.855602,71.262935,Phase 3
11,Multan,2026,CS0085447,Pharmacy,High,901650,29.975004,71.355832,Phase 3
11,Multan,2026,CS0082623,Grocery,High,899790,30.147857,71.57521,Phase 3
11,Multan,2026,CS0085397,Bakery,High,899138,30.346582,71.594739,Phase 3
11,Multan,2026,CS0081590,Grocery,High,892484,29.854123,71.258368,Phase 3
11,Multan,2026,CS0084914,Grocery,High,889765,29.890156,71.33093,Phase 3
11,Multan,2026,CS0084453,Pharmacy,High,888631,30.342693,71.551297,Phase 3
11,Multan,2026,CS0083125,Grocery,High,884650,29.946469,71.532944,Phase 3
11,Multan,2026,CS0083810,Grocery,High,882934,30.146168,71.341819,Phase 3
11,Multan,2026,CS0085655,Grocery,High,882353,29.95773,71.40409,Phase 3
11,Multan,2026,CS0084733,Grocery,High,881949,29.896985,71.340594,Phase 3
11,Multan,2026,CS0082130,Grocery,High,881558,30.163858,71.495744,Phase 3
11,Multan,2026,CS0081286,Grocery,High,881038,29.994074,71.376161,Phase 3
11,Multan,2026,CS0085399,Grocery,High,880985,29.914561,71.471055,Phase 3
11,Multan,2026,CS0083105,Grocery,High,880211,30.071875,71.32181,Phase 3
11,Multan,2026,CS0085681,Grocery,High,879909,29.924048,71.358996,Phase 3
11,Multan,2026,CS0084411,Grocery,High,879224,30.105012,71.328214,Phase 3
11,Multan,2026,CS0085984,Grocery,High,877992,30.16736,71.401991,Phase 3
11,Multan,2026,CS0081892,Grocery,High,876667,29.983689,71.430297,Phase 3
11,Multan,2026,CS0083247,Pharmacy,High,875964,30.211246,71.770574,Phase 3
11,Multan,2026,CS0082163,Bakery,High,875582,29.873513,71.381895,Phase 3
11,Multan,2026,CS0084095,Grocery,High,871889,29.924714,71.301157,Phase 3
11,Multan,2026,CS0084644,Supermarket,High,871710,29.861024,71.324452,Phase 3
11,Multan,2026,CS0081036,Grocery,High,869075,29.767457,71.308213,Phase 3
11,Multan,2026,CS0084401,Grocery,High,868375,29.85895,71.220601,Phase 3
11,Multan,2026,CS0082360,Bakery,High,868013,29.98067,71.464256,Phase 3
11,Multan,2026,CS0081976,Pharmacy,High,867663,30.109242,71.423341,Phase 3
11,Multan,2026,CS0084043,Pharmacy,High,867123,29.98227,71.272893,Phase 3
11,Multan,2026,CS0082194,Grocery,High,861465,29.808105,71.310605,Phase 3
11,Multan,2026,CS0083451,Grocery,High,859777,30.263019,71.434282,Phase 3
11,Multan,2026,CS0080706,Grocery,High,856657,29.968739,71.434127,Phase 3
11,Multan,2026,CS0084790,Grocery,High,855870,29.906108,71.395904,Phase 3
11,Multan,2026,CS0084884,Bakery,High,855451,30.1753,71.409599,Phase 3
11,Multan,2026,CS0084325,Grocery,High,850609,30.006027,71.354622,Phase 3
11,Multan,2026,CS0081433,Bakery,High,846948,29.951606,71.405482,Phase 3
11,Multan,2026,CS0083862,Grocery,High,840248,29.866172,71.268397,Phase 3
11,Multan,2026,CS0082026,Grocery,High,839988,30.080462,71.479228,Phase 3
11,Multan,2026,CS0081690,Pharmacy,High,838637,30.196882,71.5468,Phase 3
11,Multan,2026,CS0083523,Grocery,High,836011,29.915859,71.518029,Phase 3
11,Multan,2026,CS0082183,Grocery,High,833354,30.094015,71.277616,Phase 3
11,Multan,2026,CS0081973,Pharmacy,High,832380,29.790407,71.170051,Phase 3
11,Multan,2026,CS0085943,Petro Mart,High,830493,30.140733,71.48594,Phase 3
11,Multan,2026,CS0084259,Bakery,High,829452,30.234452,71.418309,Phase 3
11,Multan,2026,CS0082573,Grocery,High,825924,29.82955,71.414045,Phase 3
11,Multan,2026,CS0081428,Supermarket,High,823281,29.929042,71.340807,Phase 3
11,Multan,2026,CS0082535,Grocery,High,820592,29.849828,71.504278,Phase 3
11,Multan,2026,CS0081724,Pharmacy,High,819446,30.086164,71.371819,Phase 3
11,Multan,2026,CS0080759,Supermarket,High,819362,29.969,71.470686,Phase 3
11,Multan,2026,CS0084223,Grocery,High,818550,29.845766,71.389173,Phase 3
11,Multan,2026,CS0082300,Pharmacy,High,814529,30.108145,71.360377,Phase 3
11,Multan,2026,CS0084249,Petro Mart,High,813630,30.059621,71.362796,Phase 3
11,Multan,2026,CS0085648,Pharmacy,High,812696,29.862804,71.348023,Phase 3
11,Multan,2026,CS0082902,Pharmacy,High,812318,30.161419,71.535041,Phase 3
11,Multan,2026,CS0083671,Grocery,High,812186,30.036432,71.277423,Phase 3
11,Multan,2026,CS0081850,Pharmacy,High,807485,29.967557,71.441594,Phase 3
11,Multan,2026,CS0081033,Bakery,High,806149,30.163729,71.496948,Phase 3
11,Multan,2027,CS0085197,Grocery,High,803611,30.124336,71.750078,Phase 3
11,Multan,2027,CS0084139,Pharmacy,High,800749,29.837801,71.269844,Phase 3
11,Multan,2027,CS0085815,Bakery,High,798647,29.928822,71.323836,Phase 3
11,Multan,2027,CS0085975,Bakery,High,796974,29.884771,71.388855,Phase 3
11,Multan,2027,CS0081796,Pharmacy,High,795897,30.0746,71.425331,Phase 3
11,Multan,2027,CS0083648,Grocery,High,792842,29.911551,71.435254,Phase 3
11,Multan,2027,CS0081278,Grocery,High,792025,29.996532,71.293807,Phase 3
11,Multan,2027,CS0082989,Grocery,High,790667,29.87358,71.453289,Phase 3
11,Multan,2027,CS0082377,Grocery,High,787285,29.90129,71.396763,Phase 3
11,Multan,2027,CS0081214,Supermarket,High,783965,29.944491,71.346128,Phase 3
11,Multan,2027,CS0083217,Grocery,High,781566,30.113778,71.290559,Phase 3
11,Multan,2027,CS0085602,Grocery,High,781278,30.015222,71.401566,Phase 3
11,Multan,2027,CS0083067,Grocery,High,776639,29.876052,71.331681,Phase 3
11,Multan,2027,CS0084514,Grocery,High,776540,29.87233,71.382796,Phase 3
11,Multan,2027,CS0084731,Petro Mart,High,776355,29.735594,71.31466,Phase 3
11,Multan,2027,CS0085509,Grocery,High,775163,29.980959,71.325064,Phase 3
11,Multan,2027,CS0080777,Grocery,High,774896,30.089047,71.436036,Phase 3
11,Multan,2027,CS0084363,Grocery,High,773879,30.257425,71.623255,Phase 3
11,Multan,2027,CS0081448,Pharmacy,High,772973,29.959052,71.377829,Phase 3
11,Multan,2027,CS0084616,Grocery,High,770612,30.214306,71.422203,Phase 3
11,Multan,2027,CS0081716,Grocery,High,770325,29.952795,71.393694,Phase 3
11,Multan,2027,CS0085413,Grocery,High,769336,29.807542,71.281779,Phase 3
11,Multan,2027,CS0081902,Grocery,High,768955,29.922996,71.350414,Phase 3
11,Multan,2027,CS0084999,Grocery,High,768905,29.964472,71.331858,Phase 3
11,Multan,2027,CS0080891,Supermarket,High,766642,29.709543,71.345425,Phase 3
11,Multan,2027,CS0084185,Grocery,High,760241,29.909896,71.270352,Phase 3
11,Multan,2027,CS0081168,Grocery,High,759336,30.278961,71.64742,Phase 3
11,Multan,2027,CS0084275,Pharmacy,High,758329,30.220691,71.492125,Phase 3
11,Multan,2027,CS0082362,Pharmacy,High,757782,30.14271,71.352847,Phase 3
11,Multan,2027,CS0081121,Grocery,High,756369,30.06497,71.268274,Phase 3
11,Multan,2027,CS0082364,Pharmacy,High,756351,29.781289,71.358473,Phase 3
11,Multan,2027,CS0083330,Grocery,High,756146,29.982883,71.238517,Phase 3
11,Multan,2027,CS0083908,Bakery,High,755527,29.74606,71.399099,Phase 3
11,Multan,2027,CS0083052,Bakery,High,754440,29.846381,71.33575,Phase 3
11,Multan,2027,CS0083382,Bakery,High,753788,29.850372,71.365915,Phase 3
11,Multan,2027,CS0082022,Grocery,High,752656,29.941077,71.408226,Phase 3
11,Multan,2027,CS0084960,Pharmacy,High,752393,29.961132,71.384027,Phase 3
11,Multan,2027,CS0085168,Grocery,High,750757,30.046232,71.268597,Phase 3
11,Multan,2027,CS0085392,Grocery,High,750601,30.157392,71.412458,Phase 3
11,Multan,2027,CS0084183,Grocery,High,746760,30.043148,71.338121,Phase 3
11,Multan,2027,CS0083190,Grocery,High,745251,29.859954,71.341429,Phase 3
11,Multan,2027,CS0084905,Pharmacy,High,744512,30.161297,71.55897,Phase 3
11,Multan,2027,CS0081079,Bakery,High,742596,29.846439,71.429669,Phase 3
11,Multan,2027,CS0083593,Grocery,High,742497,30.243917,71.40043,Phase 3
11,Multan,2027,CS0081306,Grocery,High,738646,30.200919,71.667208,Phase 3
11,Multan,2027,CS0081153,Pharmacy,High,738518,30.236323,71.683369,Phase 3
11,Multan,2027,CS0081517,Pharmacy,High,737464,30.085213,71.362289,Phase 3
11,Multan,2027,CS0081623,Grocery,High,736411,30.118845,71.516122,Phase 3
11,Multan,2027,CS0083971,Pharmacy,High,734176,30.167881,71.457486,Phase 3
11,Multan,2027,CS0082342,Grocery,High,734170,29.90266,71.375894,Phase 3
11,Multan,2027,CS0081577,Grocery,High,733500,29.989652,71.335487,Phase 3
11,Multan,2027,CS0081366,Grocery,High,730468,30.063688,71.435499,Phase 3
11,Multan,2027,CS0085092,Pharmacy,High,729640,29.84489,71.26288,Phase 3
11,Multan,2027,CS0082951,Supermarket,High,728706,30.180965,71.511151,Phase 3
11,Multan,2027,CS0084488,Grocery,High,726804,30.033797,71.317236,Phase 3
11,Multan,2027,CS0081003,Grocery,High,725355,30.169314,71.644574,Phase 3
11,Multan,2027,CS0084204,Grocery,High,725225,29.870923,71.366614,Phase 3
11,Multan,2027,CS0082647,Grocery,High,724407,30.225108,71.494559,Phase 3
11,Multan,2027,CS0084728,Supermarket,High,724222,30.079156,71.44542,Phase 3
11,Multan,2027,CS0084976,Supermarket,High,722233,29.96669,71.456935,Phase 3
11,Multan,2027,CS0082336,Bakery,High,718372,30.069681,71.597613,Phase 3
11,Multan,2027,CS0082407,Grocery,High,715890,29.887987,71.412196,Phase 3
11,Multan,2027,CS0081773,Grocery,High,713367,29.868765,71.322279,Phase 3
11,Multan,2027,CS0083701,Grocery,High,708001,30.25075,71.566074,Phase 3
11,Multan,2027,CS0083424,Petro Mart,High,706934,30.166672,71.623013,Phase 3
11,Multan,2027,CS0084956,Grocery,High,704980,29.91849,71.268327,Phase 3
11,Multan,2027,CS0084285,Grocery,High,701485,29.860274,71.269472,Phase 3
11,Multan,2027,CS0084613,Bakery,High,701179,29.929202,71.212173,Phase 3
11,Multan,2027,CS0082397,Grocery,High,698465,30.148778,71.386046,Phase 3
11,Multan,2027,CS0081197,Grocery,High,698391,29.837528,71.348946,Phase 3
11,Multan,2027,CS0083880,Grocery,High,695340,29.899871,71.328863,Phase 3
11,Multan,2027,CS0084745,Bakery,High,692442,30.136659,71.708866,Phase 3
11,Multan,2027,CS0083388,Grocery,High,688767,29.826056,71.380852,Phase 3
11,Multan,2027,CS0081264,Grocery,High,685463,29.910566,71.336062,Phase 3
11,Multan,2027,CS0082869,Bakery,High,684653,29.866927,71.425425,Phase 3
11,Multan,2027,CS0085376,Pharmacy,High,683991,30.197877,71.708202,Phase 3
11,Multan,2027,CS0080980,Pharmacy,High,681391,30.198876,71.697366,Phase 3
11,Multan,2027,CS0082768,Grocery,High,679781,30.184321,71.406037,Phase 3
11,Multan,2027,CS0080845,Grocery,High,678726,29.834465,71.335423,Phase 3
11,Multan,2027,CS0082731,Pharmacy,High,677632,30.060235,71.419335,Phase 3
11,Multan,2027,CS0082850,Grocery,High,677567,30.207708,71.387328,Phase 3
11,Multan,2027,CS0085340,Supermarket,High,677482,30.134721,71.548938,Phase 3
11,Multan,2027,CS0085192,Pharmacy,High,675945,29.848385,71.429152,Phase 3
12,Kasur,2025,CS0119305,Petro Mart,High,1511541,31.105216,74.18447,Phase 3
12,Kasur,2025,CS0118429,Grocery,High,1483394,30.770901,74.087221,Phase 3
12,Kasur,2025,CS0118774,Grocery,High,1472048,31.148754,74.161993,Phase 3
12,Kasur,2025,CS0118289,Grocery,High,1415102,31.045739,74.176825,Phase 3
12,Kasur,2025,CS0118798,Grocery,High,1327751,31.155817,74.036782,Phase 3
12,Kasur,2025,CS0118846,Bakery,High,1297036,30.981064,74.102829,Phase 3
12,Kasur,2025,CS0118329,Grocery,High,1287106,30.94019,74.10872,Phase 3
12,Kasur,2025,CS0118997,Supermarket,High,1280501,30.875728,74.085931,Phase 3
12,Kasur,2025,CS0119333,Grocery,High,1252215,31.018893,73.992639,Phase 3
12,Kasur,2025,CS0118649,Bakery,High,1237543,31.220755,73.930975,Phase 3
12,Kasur,2025,CS0118402,Grocery,High,1211976,30.88608,74.134709,Phase 3
12,Kasur,2025,CS0119070,Grocery,High,1162763,31.283448,74.44677,Phase 3
12,Kasur,2025,CS0119407,Grocery,High,1160371,31.03999,74.109693,Phase 3
12,Kasur,2025,CS0118512,Grocery,High,1152162,30.836217,74.211494,Phase 3
12,Kasur,2025,CS0118421,Petro Mart,High,1111248,30.946668,73.991528,Phase 3
12,Kasur,2025,CS0119113,Grocery,High,1104419,31.003206,74.091879,Phase 3
12,Kasur,2025,CS0118371,Supermarket,High,1101314,30.867007,74.021442,Phase 3
12,Kasur,2025,CS0118377,Grocery,High,1088756,30.826527,74.264335,Phase 3
12,Kasur,2025,CS0119060,Supermarket,High,1081572,30.981745,74.190799,Phase 3
12,Kasur,2025,CS0119062,Grocery,High,1067038,31.112579,74.250284,Phase 3
12,Kasur,2025,CS0119185,Grocery,High,1053573,31.103939,74.600148,Phase 3
12,Kasur,2025,CS0119262,Grocery,High,1050588,30.861284,74.087892,Phase 3
12,Kasur,2025,CS0118476,Grocery,High,1047215,30.930103,74.172841,Phase 3
12,Kasur,2025,CS0118734,Pharmacy,High,1044699,31.167632,74.435858,Phase 3
12,Kasur,2025,CS0118465,Pharmacy,High,1035969,31.12014,74.265941,Phase 3
12,Kasur,2025,CS0118647,Bakery,High,1029798,30.978017,73.999305,Phase 3
12,Kasur,2025,CS0119157,Grocery,High,1029724,31.002028,74.030535,Phase 3
12,Kasur,2025,CS0119272,Bakery,High,1001794,31.103195,74.194896,Phase 3
12,Kasur,2026,CS0118478,Bakery,High,979278,31.047697,74.233701,Phase 3
12,Kasur,2026,CS0119334,Grocery,High,977982,31.055411,74.20659,Phase 3
12,Kasur,2026,CS0118919,Grocery,High,975493,30.901461,74.197132,Phase 3
12,Kasur,2026,CS0118955,Grocery,High,971078,30.894139,74.07431,Phase 3
12,Kasur,2026,CS0118905,Grocery,High,967241,30.982282,74.060663,Phase 3
12,Kasur,2026,CS0119211,Pharmacy,High,962265,30.979914,74.065302,Phase 3
12,Kasur,2026,CS0118684,Bakery,High,960982,31.100984,73.897497,Phase 3
12,Kasur,2026,CS0118900,Bakery,High,956451,31.004693,74.153046,Phase 3
12,Kasur,2026,CS0119083,Pharmacy,High,955727,30.885639,74.010052,Phase 3
12,Kasur,2026,CS0118307,Grocery,High,953234,30.978687,74.083384,Phase 3
12,Kasur,2026,CS0118666,Grocery,High,897028,30.956991,74.15921,Phase 3
12,Kasur,2026,CS0118514,Pharmacy,High,894306,30.962489,74.219219,Phase 3
12,Kasur,2026,CS0119382,Pharmacy,High,861097,30.949316,74.083596,Phase 3
12,Kasur,2026,CS0119074,Grocery,High,848163,30.979534,74.224733,Phase 3
12,Kasur,2026,CS0119332,Grocery,High,832850,31.003511,74.091553,Phase 3
12,Kasur,2026,CS0118730,Grocery,High,831827,30.943433,74.212421,Phase 3
12,Kasur,2026,CS0118293,Bakery,High,826459,31.211336,74.476159,Phase 3
12,Kasur,2026,CS0118708,Grocery,High,823868,31.070026,74.039668,Phase 3
12,Kasur,2026,CS0119263,Pharmacy,High,818437,31.042094,74.133003,Phase 3
12,Kasur,2026,CS0119399,Grocery,High,813919,31.050629,74.553376,Phase 3
12,Kasur,2026,CS0118981,Bakery,High,807455,30.959374,74.133091,Phase 3
12,Kasur,2026,CS0118903,Grocery,High,799404,31.038929,74.11805,Phase 3
12,Kasur,2026,CS0118520,Grocery,High,788153,30.901488,73.915162,Phase 3
12,Kasur,2026,CS0118406,Grocery,High,786102,30.97764,74.165137,Phase 3
12,Kasur,2026,CS0118942,Grocery,High,770572,31.03366,74.181202,Phase 3
12,Kasur,2026,CS0118690,Petro Mart,High,766468,31.105689,74.198012,Phase 3
12,Kasur,2026,CS0119077,Grocery,High,750489,30.976197,74.294716,Phase 3
12,Kasur,2027,CS0119124,Petro Mart,High,744463,30.889756,74.078561,Phase 3
12,Kasur,2027,CS0119323,Grocery,High,741783,30.927939,74.267091,Phase 3
12,Kasur,2027,CS0118381,Grocery,High,740035,31.069791,74.274034,Phase 3
12,Kasur,2027,CS0118449,Pharmacy,High,731057,31.000129,74.25387,Phase 3
12,Kasur,2027,CS0119295,Grocery,High,729458,31.02776,74.252883,Phase 3
12,Kasur,2027,CS0119258,Pharmacy,High,729449,30.895128,74.025033,Phase 3
12,Kasur,2027,CS0119111,Grocery,High,722839,30.888836,74.135553,Phase 3
12,Kasur,2027,CS0118733,Grocery,High,715192,31.057423,73.933854,Phase 3
12,Kasur,2027,CS0118336,Grocery,High,711525,31.132546,74.218707,Phase 3
12,Kasur,2027,CS0118521,Grocery,High,708856,30.973053,74.16214,Phase 3
12,Kasur,2027,CS0119005,Grocery,High,704739,30.898477,73.973043,Phase 3
12,Kasur,2027,CS0118632,Pharmacy,High,692552,30.851189,74.01957,Phase 3
12,Kasur,2027,CS0119122,Pharmacy,High,681508,31.003076,74.02387,Phase 3
12,Kasur,2027,CS0118843,Pharmacy,High,680114,30.994216,74.060405,Phase 3
12,Kasur,2027,CS0118985,Bakery,High,675491,31.142805,74.44884,Phase 3
12,Kasur,2027,CS0118602,Grocery,High,674644,30.924074,74.106359,Phase 3
12,Kasur,2027,CS0118956,Grocery,High,671364,31.078464,74.233945,Phase 3
12,Kasur,2027,CS0118757,Petro Mart,High,667453,30.845489,74.034893,Phase 3
12,Kasur,2027,CS0118354,Bakery,High,661034,30.984432,74.239398,Phase 3
12,Kasur,2027,CS0118691,Bakery,High,644196,30.955485,74.376559,Phase 3
12,Kasur,2027,CS0118623,Grocery,High,642858,31.21948,74.511225,Phase 3
12,Kasur,2027,CS0119220,Petro Mart,High,639765,30.937915,74.053011,Phase 3
12,Kasur,2027,CS0118834,Pharmacy,High,639338,31.102088,74.115743,Phase 3
13,Sargodha,2025,CS0111575,Grocery,High,1561319,32.216139,72.806481,Phase 3
13,Sargodha,2025,CS0111107,Grocery,High,1490091,32.317458,72.542848,Phase 3
13,Sargodha,2025,CS0111768,Grocery,High,1460994,32.143055,72.630218,Phase 3
13,Sargodha,2025,CS0111899,Pharmacy,High,1445582,32.354334,72.613718,Phase 3
13,Sargodha,2025,CS0111198,Bakery,High,1421320,32.062735,72.730816,Phase 3
13,Sargodha,2025,CS0111927,Grocery,High,1407368,32.304222,72.541834,Phase 3
13,Sargodha,2025,CS0111838,Grocery,High,1313171,32.418687,72.72427,Phase 3
13,Sargodha,2025,CS0110844,Bakery,High,1289465,32.415489,72.754716,Phase 3
13,Sargodha,2025,CS0111770,Grocery,High,1284783,32.218418,72.801919,Phase 3
13,Sargodha,2025,CS0111077,Grocery,High,1280336,32.007048,72.706807,Phase 3
13,Sargodha,2025,CS0110730,Pharmacy,High,1256216,32.015249,72.686102,Phase 3
13,Sargodha,2025,CS0110994,Grocery,High,1193608,32.234154,72.777143,Phase 3
13,Sargodha,2025,CS0112139,Grocery,High,1166875,31.926261,72.786606,Phase 3
13,Sargodha,2025,CS0111997,Bakery,High,1146252,32.266391,72.680561,Phase 3
13,Sargodha,2025,CS0111583,Bakery,High,1136478,31.904335,72.84939,Phase 3
13,Sargodha,2025,CS0111887,Grocery,High,1120481,32.10202,72.722888,Phase 3
13,Sargodha,2025,CS0111856,Grocery,High,1107983,32.143957,72.845999,Phase 3
13,Sargodha,2025,CS0110935,Bakery,High,1060585,31.95037,72.740149,Phase 3
13,Sargodha,2025,CS0111244,Grocery,High,1054230,32.186308,73.018382,Phase 3
13,Sargodha,2025,CS0112132,Grocery,High,1049067,31.857785,72.569555,Phase 3
13,Sargodha,2025,CS0110771,Supermarket,High,1045131,32.134415,72.877612,Phase 3
13,Sargodha,2025,CS0110800,Grocery,High,1042210,31.839881,72.522805,Phase 3
13,Sargodha,2025,CS0111432,Supermarket,High,1032670,32.086834,72.654008,Phase 3
13,Sargodha,2025,CS0110658,Grocery,High,1031415,32.286568,72.726835,Phase 3
13,Sargodha,2025,CS0111434,Grocery,High,1022498,32.231112,72.810058,Phase 3
13,Sargodha,2025,CS0111916,Grocery,High,975492,31.727316,72.328128,Phase 3
13,Sargodha,2025,CS0112023,Pharmacy,High,967321,31.874448,72.78946,Phase 3
13,Sargodha,2025,CS0112157,Grocery,High,961266,31.957161,72.781358,Phase 3
13,Sargodha,2025,CS0111574,Grocery,High,957176,32.049334,72.82725,Phase 3
13,Sargodha,2025,CS0111991,Grocery,High,948864,31.907772,72.739887,Phase 3
13,Sargodha,2025,CS0112034,Grocery,High,945362,32.304302,72.559411,Phase 3
13,Sargodha,2026,CS0110942,Grocery,High,941216,32.020535,72.625648,Phase 3
13,Sargodha,2026,CS0111175,Grocery,High,930608,31.957133,72.779085,Phase 3
13,Sargodha,2026,CS0111398,Pharmacy,High,915862,32.169025,72.637676,Phase 3
13,Sargodha,2026,CS0111760,Grocery,High,903282,32.132446,72.770684,Phase 3
13,Sargodha,2026,CS0111373,Grocery,High,885859,31.813135,72.446036,Phase 3
13,Sargodha,2026,CS0112162,Bakery,High,881193,32.202944,72.604904,Phase 3
13,Sargodha,2026,CS0111331,Pharmacy,High,878395,31.993153,72.751326,Phase 3
13,Sargodha,2026,CS0111028,Pharmacy,High,872903,32.35155,72.589233,Phase 3
13,Sargodha,2026,CS0110995,Supermarket,High,870423,32.031239,72.791849,Phase 3
13,Sargodha,2026,CS0110603,Petro Mart,High,861906,31.933305,72.733769,Phase 3
13,Sargodha,2026,CS0111775,Grocery,High,853155,32.088936,72.804947,Phase 3
13,Sargodha,2026,CS0111238,Bakery,High,852019,31.973878,72.652204,Phase 3
13,Sargodha,2026,CS0110743,Grocery,High,849951,32.019034,72.828018,Phase 3
13,Sargodha,2026,CS0110655,Bakery,High,849722,32.197491,72.523634,Phase 3
13,Sargodha,2026,CS0110599,Grocery,High,849094,32.237156,72.669766,Phase 3
13,Sargodha,2026,CS0111344,Grocery,High,822894,32.140453,72.798459,Phase 3
13,Sargodha,2026,CS0111106,Grocery,High,821492,32.026076,72.85178,Phase 3
13,Sargodha,2026,CS0111491,Grocery,High,808317,31.743177,72.539349,Phase 3
13,Sargodha,2026,CS0110946,Petro Mart,High,799248,32.028214,72.919056,Phase 3
13,Sargodha,2026,CS0111975,Bakery,High,799078,32.113169,72.510339,Phase 3
13,Sargodha,2026,CS0110704,Grocery,High,798521,32.210583,72.808102,Phase 3
13,Sargodha,2026,CS0111756,Bakery,High,789503,32.108476,72.857749,Phase 3
13,Sargodha,2026,CS0110790,Grocery,High,785983,32.340525,72.616041,Phase 3
13,Sargodha,2026,CS0111705,Grocery,High,785738,31.900222,72.732333,Phase 3
13,Sargodha,2026,CS0111420,Grocery,High,776466,32.062845,72.800181,Phase 3
13,Sargodha,2026,CS0110732,Grocery,High,776191,32.326252,72.84575,Phase 3
13,Sargodha,2026,CS0111154,Pharmacy,High,773058,32.058853,72.745287,Phase 3
13,Sargodha,2026,CS0111250,Bakery,High,766564,31.944249,72.962157,Phase 3
13,Sargodha,2026,CS0111719,Grocery,High,764095,32.119407,72.663321,Phase 3
13,Sargodha,2026,CS0110796,Pharmacy,High,747742,32.321053,72.603325,Phase 3
13,Sargodha,2027,CS0111219,Grocery,High,745246,31.948541,72.766168,Phase 3
13,Sargodha,2027,CS0111229,Pharmacy,High,733718,31.892475,72.818987,Phase 3
13,Sargodha,2027,CS0111227,Grocery,High,731671,32.184149,72.793486,Phase 3
13,Sargodha,2027,CS0111851,Grocery,High,731120,32.091131,72.630625,Phase 3
13,Sargodha,2027,CS0111717,Grocery,High,728057,31.868755,72.516288,Phase 3
13,Sargodha,2027,CS0111773,Grocery,High,722858,32.041496,72.827712,Phase 3
13,Sargodha,2027,CS0111881,Bakery,High,721973,31.9886,72.776979,Phase 3
13,Sargodha,2027,CS0111560,Grocery,High,716339,32.472544,72.858592,Phase 3
13,Sargodha,2027,CS0111441,Grocery,High,715726,32.049029,72.724161,Phase 3
13,Sargodha,2027,CS0111437,Pharmacy,High,711199,32.055946,72.658842,Phase 3
13,Sargodha,2027,CS0111182,Bakery,High,694610,32.001764,72.69807,Phase 3
13,Sargodha,2027,CS0110674,Bakery,High,692845,32.091752,72.992597,Phase 3
13,Sargodha,2027,CS0110753,Grocery,High,689902,32.005984,72.936369,Phase 3
13,Sargodha,2027,CS0111189,Petro Mart,High,679428,32.319748,72.733977,Phase 3
13,Sargodha,2027,CS0111409,Bakery,High,679137,32.04444,72.812759,Phase 3
13,Sargodha,2027,CS0111836,Grocery,High,669644,31.788254,72.500857,Phase 3
13,Sargodha,2027,CS0111426,Grocery,High,664054,31.835665,72.576512,Phase 3
13,Sargodha,2027,CS0111020,Grocery,High,660407,31.69403,72.409489,Phase 3
13,Sargodha,2027,CS0111209,Grocery,High,655966,32.2488,72.845086,Phase 3
13,Sargodha,2027,CS0111861,Supermarket,High,654721,32.256205,72.68871,Phase 3
13,Sargodha,2027,CS0112172,Grocery,High,653788,32.040241,72.808773,Phase 3
13,Sargodha,2027,CS0111780,Petro Mart,High,643335,32.05132,72.683599,Phase 3
13,Sargodha,2027,CS0111900,Grocery,High,638128,32.266801,72.76764,Phase 3
13,Sargodha,2027,CS0111649,Pharmacy,High,636054,32.364189,72.615509,Phase 3
13,Sargodha,2027,CS0111007,Grocery,High,628031,32.14144,72.597844,Phase 3
14,Khanewal,2025,CS0090238,Bakery,High,1856243,30.437058,71.760439,Phase 3
14,Khanewal,2025,CS0091238,Grocery,High,1763235,30.294342,72.145251,Phase 3
14,Khanewal,2025,CS0090677,Grocery,High,1728359,30.44929,72.204,Phase 3
14,Khanewal,2025,CS0090763,Grocery,High,1487169,30.212065,72.025311,Phase 3
14,Khanewal,2025,CS0090128,Bakery,High,1447830,30.248433,72.090469,Phase 3
14,Khanewal,2025,CS0091233,Grocery,High,1362927,30.402552,71.982921,Phase 3
14,Khanewal,2025,CS0090170,Supermarket,High,1317461,30.585037,71.883876,Phase 3
14,Khanewal,2025,CS0090225,Grocery,High,1291034,30.295448,72.124124,Phase 3
14,Khanewal,2025,CS0090849,Grocery,High,1290215,30.668411,72.10663,Phase 3
14,Khanewal,2025,CS0090178,Pharmacy,High,1282119,30.374409,72.008132,Phase 3
14,Khanewal,2025,CS0090895,Pharmacy,High,1276195,30.282592,72.137231,Phase 3
14,Khanewal,2025,CS0090254,Petro Mart,High,1268344,30.343558,71.951573,Phase 3
14,Khanewal,2025,CS0090958,Grocery,High,1181874,30.365305,72.084657,Phase 3
14,Khanewal,2025,CS0090709,Grocery,High,1180059,30.575519,72.046778,Phase 3
14,Khanewal,2025,CS0090981,Grocery,High,1176121,30.120082,71.955137,Phase 3
14,Khanewal,2025,CS0090976,Bakery,High,1128167,30.468897,72.008315,Phase 3
14,Khanewal,2025,CS0090265,Grocery,High,1125336,30.517994,72.008734,Phase 3
14,Khanewal,2025,CS0090650,Petro Mart,High,1055322,30.333167,72.027277,Phase 3
14,Khanewal,2025,CS0091299,Grocery,High,1047896,30.433431,71.759547,Phase 3
14,Khanewal,2025,CS0090918,Grocery,High,1047314,30.293698,71.881018,Phase 3
14,Khanewal,2025,CS0089744,Grocery,High,1036120,30.315642,71.907064,Phase 3
14,Khanewal,2025,CS0091062,Pharmacy,High,1034206,30.363728,72.08781,Phase 3
14,Khanewal,2025,CS0091221,Grocery,High,1027631,30.519263,72.138964,Phase 3
14,Khanewal,2025,CS0090602,Grocery,High,1016570,30.244705,72.023661,Phase 3
14,Khanewal,2025,CS0090307,Bakery,High,1004538,30.63252,71.935538,Phase 3
14,Khanewal,2025,CS0091178,Grocery,High,1001804,30.246965,71.997387,Phase 3
14,Khanewal,2025,CS0090561,Grocery,High,990239,30.41552,72.016776,Phase 3
14,Khanewal,2025,CS0090081,Bakery,High,984423,30.554411,71.74218,Phase 3
14,Khanewal,2025,CS0090626,Supermarket,High,982611,30.484866,72.098817,Phase 3
14,Khanewal,2025,CS0091074,Pharmacy,High,972479,30.314209,72.057275,Phase 3
14,Khanewal,2025,CS0091251,Grocery,High,970067,30.471521,71.86561,Phase 3
14,Khanewal,2026,CS0091160,Pharmacy,High,942876,30.263266,71.928619,Phase 3
14,Khanewal,2026,CS0089882,Grocery,High,927327,30.33617,72.175581,Phase 3
14,Khanewal,2026,CS0091218,Grocery,High,924302,30.397953,72.118906,Phase 3
14,Khanewal,2026,CS0090859,Bakery,High,915362,30.282864,72.08743,Phase 3
14,Khanewal,2026,CS0090977,Grocery,High,900989,30.64278,71.923532,Phase 3
14,Khanewal,2026,CS0090341,Grocery,High,900352,30.389866,72.151544,Phase 3
14,Khanewal,2026,CS0090432,Grocery,High,884146,30.031215,71.86228,Phase 3
14,Khanewal,2026,CS0090032,Grocery,High,849981,30.467239,72.231905,Phase 3
14,Khanewal,2026,CS0090376,Bakery,High,847731,30.28615,72.070275,Phase 3
14,Khanewal,2026,CS0091190,Bakery,High,841947,30.307341,72.05566,Phase 3
14,Khanewal,2026,CS0091186,Grocery,High,840348,30.360336,71.909059,Phase 3
14,Khanewal,2026,CS0090668,Bakery,High,840316,30.530089,71.892545,Phase 3
14,Khanewal,2026,CS0091246,Bakery,High,839410,30.431188,72.166075,Phase 3
14,Khanewal,2026,CS0090475,Grocery,High,835671,30.370869,72.072132,Phase 3
14,Khanewal,2026,CS0091255,Pharmacy,High,826888,30.419237,71.991167,Phase 3
14,Khanewal,2026,CS0091092,Grocery,High,815698,30.4084,72.144957,Phase 3
14,Khanewal,2026,CS0090911,Pharmacy,High,814604,30.317674,72.071964,Phase 3
14,Khanewal,2026,CS0090229,Grocery,High,806345,30.1607,71.877862,Phase 3
14,Khanewal,2026,CS0091285,Supermarket,High,804588,30.317171,71.969737,Phase 3
14,Khanewal,2026,CS0090509,Grocery,High,804146,30.362984,71.905302,Phase 3
14,Khanewal,2026,CS0090011,Grocery,High,804084,30.545569,72.202099,Phase 3
14,Khanewal,2026,CS0090136,Bakery,High,802394,30.633255,71.921136,Phase 3
14,Khanewal,2026,CS0090008,Supermarket,High,790496,30.588483,71.767076,Phase 3
14,Khanewal,2026,CS0090192,Grocery,High,782201,30.311323,72.017645,Phase 3
14,Khanewal,2026,CS0090349,Grocery,High,774221,30.40189,72.007583,Phase 3
14,Khanewal,2026,CS0089848,Petro Mart,High,771592,30.456948,72.096744,Phase 3
14,Khanewal,2026,CS0090283,Grocery,High,771186,30.293142,72.111675,Phase 3
14,Khanewal,2026,CS0091027,Grocery,High,770627,30.317058,72.079012,Phase 3
14,Khanewal,2026,CS0090312,Pharmacy,High,765123,30.57535,71.78501,Phase 3
14,Khanewal,2026,CS0090336,Grocery,High,759852,30.360438,72.071112,Phase 3
14,Khanewal,2026,CS0089904,Grocery,High,758021,30.628205,71.965863,Phase 3
14,Khanewal,2027,CS0090442,Grocery,High,752985,30.642557,72.066985,Phase 3
14,Khanewal,2027,CS0091108,Pharmacy,High,751757,30.23667,72.060274,Phase 3
14,Khanewal,2027,CS0089760,Grocery,High,731349,30.31471,72.039634,Phase 3
14,Khanewal,2027,CS0090072,Grocery,High,731256,30.440043,72.050079,Phase 3
14,Khanewal,2027,CS0090497,Grocery,High,720418,30.647884,71.827376,Phase 3
14,Khanewal,2027,CS0091052,Grocery,High,719439,30.160626,72.040744,Phase 3
14,Khanewal,2027,CS0090543,Bakery,High,718678,30.306259,72.047281,Phase 3
14,Khanewal,2027,CS0090299,Pharmacy,High,718467,30.303956,72.120631,Phase 3
14,Khanewal,2027,CS0090048,Pharmacy,High,714466,30.202246,72.005168,Phase 3
14,Khanewal,2027,CS0090242,Grocery,High,709713,30.586449,71.857341,Phase 3
14,Khanewal,2027,CS0091248,Grocery,High,707572,30.519828,71.635166,Phase 3
14,Khanewal,2027,CS0091289,Grocery,High,706852,30.528398,71.742939,Phase 3
14,Khanewal,2027,CS0090080,Pharmacy,High,705620,30.516319,72.257414,Phase 3
14,Khanewal,2027,CS0090142,Bakery,High,705115,30.61191,71.900765,Phase 3
14,Khanewal,2027,CS0090027,Bakery,High,703951,30.28253,71.717481,Phase 3
14,Khanewal,2027,CS0089743,Supermarket,High,696614,30.275267,72.134129,Phase 3
14,Khanewal,2027,CS0089993,Supermarket,High,693707,30.659316,72.008721,Phase 3
14,Khanewal,2027,CS0090755,Pharmacy,High,686330,30.451887,72.165131,Phase 3
14,Khanewal,2027,CS0091005,Bakery,High,676704,30.705272,72.033446,Phase 3
14,Khanewal,2027,CS0091036,Supermarket,High,675776,30.295833,72.034879,Phase 3
14,Khanewal,2027,CS0089783,Grocery,High,670802,30.259565,72.012402,Phase 3
14,Khanewal,2027,CS0090597,Supermarket,High,665228,30.133173,72.060035,Phase 3
14,Khanewal,2027,CS0091018,Grocery,High,653329,30.49263,72.020558,Phase 3
14,Khanewal,2027,CS0090300,Grocery,High,651477,30.506394,72.287146,Phase 3
14,Khanewal,2027,CS0090309,Grocery,High,639017,30.669178,71.987391,Phase 3
14,Khanewal,2027,CS0090260,Grocery,High,636462,30.337996,71.967889,Phase 3
15,Tando Allahyar,2025,CS0059205,Pharmacy,High,1568479,25.46477,68.794323,Phase 3
15,Tando Allahyar,2025,CS0059259,Bakery,High,1336084,25.254736,68.784831,Phase 3
15,Tando Allahyar,2025,CS0059168,Grocery,High,1166251,25.342567,68.762125,Phase 3
15,Tando Allahyar,2025,CS0059228,Grocery,High,1104825,25.179448,68.863317,Phase 3
15,Tando Allahyar,2026,CS0059106,Bakery,High,1052261,25.5711,68.812023,Phase 3
15,Tando Allahyar,2026,CS0059092,Grocery,High,1027052,25.29461,68.901948,Phase 3
15,Tando Allahyar,2026,CS0059095,Pharmacy,High,803679,25.50893,68.773599,Phase 3
15,Tando Allahyar,2026,CS0059235,Grocery,High,690030,25.254943,68.933447,Phase 3
15,Tando Allahyar,2027,CS0059249,Grocery,High,651279,25.505089,68.83219,Phase 3
15,Tando Allahyar,2027,CS0059211,Grocery,High,648767,25.298413,68.898551,Phase 3
15,Tando Allahyar,2027,CS0059107,Pharmacy,High,614241,25.318135,68.771196,Phase 3
16,Muzaffargarh,2025,CS0078957,Grocery,High,1767008,30.27837,70.962046,Phase 3
16,Muzaffargarh,2025,CS0079297,Grocery,High,1739340,29.761299,70.941858,Phase 3
16,Muzaffargarh,2025,CS0080413,Pharmacy,High,1595335,29.74366,71.110919,Phase 3
16,Muzaffargarh,2025,CS0080557,Grocery,High,1540756,30.611462,71.233178,Phase 3
16,Muzaffargarh,2025,CS0078394,Petro Mart,High,1521475,29.939733,70.821123,Phase 3
16,Muzaffargarh,2025,CS0078852,Grocery,High,1503092,29.70582,70.906667,Phase 3
16,Muzaffargarh,2025,CS0080548,Supermarket,High,1439077,29.987146,70.805483,Phase 3
16,Muzaffargarh,2025,CS0078412,Pharmacy,High,1432420,30.635731,71.171168,Phase 3
16,Muzaffargarh,2025,CS0079654,Grocery,High,1425940,29.83945,70.980857,Phase 3
16,Muzaffargarh,2025,CS0078218,Grocery,High,1423040,30.634361,71.11974,Phase 3
16,Muzaffargarh,2025,CS0079733,Grocery,High,1394611,29.941344,71.089119,Phase 3
16,Muzaffargarh,2025,CS0079521,Petro Mart,High,1386816,29.979798,70.953735,Phase 3
16,Muzaffargarh,2025,CS0078143,Grocery,High,1368425,30.624154,71.099752,Phase 3
16,Muzaffargarh,2025,CS0078729,Grocery,High,1363847,29.674996,71.032114,Phase 3
16,Muzaffargarh,2025,CS0079698,Grocery,High,1358000,30.592463,71.09697,Phase 3
16,Muzaffargarh,2025,CS0078005,Grocery,High,1349548,29.755228,70.977621,Phase 3
16,Muzaffargarh,2025,CS0079218,Grocery,High,1346604,30.538832,70.887331,Phase 3
16,Muzaffargarh,2025,CS0079182,Grocery,High,1338129,30.208097,71.066396,Phase 3
16,Muzaffargarh,2025,CS0078398,Grocery,High,1329275,30.530344,71.247715,Phase 3
16,Muzaffargarh,2025,CS0080344,Bakery,High,1327133,29.877799,71.122393,Phase 3
16,Muzaffargarh,2025,CS0080203,Grocery,High,1316663,29.705777,70.957993,Phase 3
16,Muzaffargarh,2025,CS0079198,Pharmacy,High,1307837,29.84118,70.877738,Phase 3
16,Muzaffargarh,2025,CS0079043,Grocery,High,1290440,30.620076,71.206032,Phase 3
16,Muzaffargarh,2025,CS0080100,Grocery,High,1280875,29.836823,71.125661,Phase 3
16,Muzaffargarh,2025,CS0078525,Pharmacy,High,1229682,30.612476,71.067983,Phase 3
16,Muzaffargarh,2025,CS0080398,Pharmacy,High,1220430,30.41812,70.918,Phase 3
16,Muzaffargarh,2025,CS0079200,Grocery,High,1219745,30.04521,71.104183,Phase 3
16,Muzaffargarh,2025,CS0080069,Petro Mart,High,1219004,30.185695,70.983359,Phase 3
16,Muzaffargarh,2025,CS0079976,Grocery,High,1199788,30.23224,71.008812,Phase 3
16,Muzaffargarh,2025,CS0080608,Grocery,High,1185463,29.968495,71.020853,Phase 3
16,Muzaffargarh,2025,CS0078749,Supermarket,High,1177106,30.390621,71.166278,Phase 3
16,Muzaffargarh,2025,CS0078362,Grocery,High,1161319,30.035681,71.058544,Phase 3
16,Muzaffargarh,2025,CS0078037,Pharmacy,High,1150313,30.698158,71.212074,Phase 3
16,Muzaffargarh,2025,CS0080430,Grocery,High,1124368,30.029234,71.056474,Phase 3
16,Muzaffargarh,2025,CS0079740,Grocery,High,1115708,29.806894,71.021826,Phase 3
16,Muzaffargarh,2025,CS0079422,Grocery,High,1104958,29.881645,71.11992,Phase 3
16,Muzaffargarh,2025,CS0079262,Grocery,High,1097202,30.586068,71.035675,Phase 3
16,Muzaffargarh,2025,CS0079022,Grocery,High,1096574,30.574537,70.936435,Phase 3
16,Muzaffargarh,2025,CS0079506,Bakery,High,1090214,30.37795,71.037771,Phase 3
16,Muzaffargarh,2025,CS0079938,Grocery,High,1067234,29.723841,71.066664,Phase 3
16,Muzaffargarh,2025,CS0078945,Grocery,High,1064513,29.881295,70.925504,Phase 3
16,Muzaffargarh,2025,CS0079388,Pharmacy,High,1056318,29.993922,70.920827,Phase 3
16,Muzaffargarh,2025,CS0078205,Grocery,High,1054436,30.491218,71.156519,Phase 3
16,Muzaffargarh,2025,CS0079051,Grocery,High,1051209,30.491043,71.079531,Phase 3
16,Muzaffargarh,2025,CS0079264,Grocery,High,1046830,29.85726,70.926899,Phase 3
16,Muzaffargarh,2026,CS0080502,Grocery,High,1046576,29.889402,71.044517,Phase 3
16,Muzaffargarh,2026,CS0079695,Petro Mart,High,1039782,30.316152,71.186321,Phase 3
16,Muzaffargarh,2026,CS0080302,Grocery,High,1037639,29.908437,70.876268,Phase 3
16,Muzaffargarh,2026,CS0079590,Grocery,High,1033481,29.794091,70.856821,Phase 3
16,Muzaffargarh,2026,CS0078647,Grocery,High,1028725,29.700667,70.93023,Phase 3
16,Muzaffargarh,2026,CS0080322,Grocery,High,1026946,30.034974,70.955294,Phase 3
16,Muzaffargarh,2026,CS0077954,Pharmacy,High,1025607,29.934078,71.178592,Phase 3
16,Muzaffargarh,2026,CS0079821,Pharmacy,High,1022896,30.000171,71.006392,Phase 3
16,Muzaffargarh,2026,CS0080612,Grocery,High,1012292,30.399429,71.121522,Phase 3
16,Muzaffargarh,2026,CS0079020,Grocery,High,1005989,29.808763,70.990732,Phase 3
16,Muzaffargarh,2026,CS0080279,Grocery,High,999391,29.851685,71.027663,Phase 3
16,Muzaffargarh,2026,CS0080337,Pharmacy,High,998969,29.819522,71.091283,Phase 3
16,Muzaffargarh,2026,CS0078946,Supermarket,High,981030,30.593135,71.020237,Phase 3
16,Muzaffargarh,2026,CS0078178,Pharmacy,High,978402,29.704466,71.058336,Phase 3
16,Muzaffargarh,2026,CS0079059,Grocery,High,975006,29.796463,70.838048,Phase 3
16,Muzaffargarh,2026,CS0079080,Grocery,High,974392,30.41462,70.999816,Phase 3
16,Muzaffargarh,2026,CS0079950,Grocery,High,972662,29.821134,70.862683,Phase 3
16,Muzaffargarh,2026,CS0080681,Grocery,High,972651,29.77145,70.94107,Phase 3
16,Muzaffargarh,2026,CS0078015,Supermarket,High,968281,30.297816,71.105724,Phase 3
16,Muzaffargarh,2026,CS0079208,Bakery,High,967642,30.022027,71.041827,Phase 3
16,Muzaffargarh,2026,CS0078327,Grocery,High,957163,30.041975,70.943113,Phase 3
16,Muzaffargarh,2026,CS0079317,Grocery,High,953259,30.620535,70.983141,Phase 3
16,Muzaffargarh,2026,CS0078916,Pharmacy,High,946904,30.287416,70.964423,Phase 3
16,Muzaffargarh,2026,CS0080082,Bakery,High,946815,30.499623,71.109077,Phase 3
16,Muzaffargarh,2026,CS0078085,Grocery,High,942190,30.603331,71.129027,Phase 3
16,Muzaffargarh,2026,CS0079060,Grocery,High,941760,29.96446,70.864046,Phase 3
16,Muzaffargarh,2026,CS0079203,Grocery,High,941714,30.510531,71.095541,Phase 3
16,Muzaffargarh,2026,CS0080286,Grocery,High,925584,30.583296,70.998321,Phase 3
16,Muzaffargarh,2026,CS0079324,Grocery,High,922397,29.65934,71.003168,Phase 3
16,Muzaffargarh,2026,CS0078177,Grocery,High,918403,29.745796,70.955989,Phase 3
16,Muzaffargarh,2026,CS0078090,Grocery,High,914714,29.87171,70.863172,Phase 3
16,Muzaffargarh,2026,CS0078878,Supermarket,High,908030,30.218824,71.080708,Phase 3
16,Muzaffargarh,2026,CS0078236,Grocery,High,903011,30.563422,71.026127,Phase 3
16,Muzaffargarh,2026,CS0079143,Bakery,High,897428,30.302665,71.094282,Phase 3
16,Muzaffargarh,2026,CS0079234,Bakery,High,897201,29.853895,70.960295,Phase 3
16,Muzaffargarh,2026,CS0079228,Grocery,High,883429,29.753997,70.987438,Phase 3
16,Muzaffargarh,2026,CS0077952,Grocery,High,878093,29.813051,70.809441,Phase 3
16,Muzaffargarh,2026,CS0079861,Bakery,High,877250,30.023435,71.040832,Phase 3
16,Muzaffargarh,2026,CS0078261,Grocery,High,874606,30.307355,71.015172,Phase 3
16,Muzaffargarh,2026,CS0080261,Pharmacy,High,866198,29.899838,71.043751,Phase 3
16,Muzaffargarh,2026,CS0078971,Bakery,High,864718,30.420242,71.185696,Phase 3
16,Muzaffargarh,2026,CS0079408,Grocery,High,856713,30.201235,71.145237,Phase 3
16,Muzaffargarh,2026,CS0080304,Bakery,High,855450,30.062024,71.005344,Phase 3
16,Muzaffargarh,2026,CS0078800,Grocery,High,854103,29.742333,70.899158,Phase 3
16,Muzaffargarh,2026,CS0078613,Grocery,High,853166,29.759218,71.055729,Phase 3
16,Muzaffargarh,2027,CS0080303,Pharmacy,High,848330,29.774765,71.090863,Phase 3
16,Muzaffargarh,2027,CS0080256,Grocery,High,845173,29.705391,70.921467,Phase 3
16,Muzaffargarh,2027,CS0078136,Grocery,High,844001,29.764943,70.986302,Phase 3
16,Muzaffargarh,2027,CS0079762,Bakery,High,835362,30.010435,70.827742,Phase 3
16,Muzaffargarh,2027,CS0079930,Supermarket,High,834359,29.968216,71.047404,Phase 3
16,Muzaffargarh,2027,CS0078120,Pharmacy,High,828995,29.648295,70.812601,Phase 3
16,Muzaffargarh,2027,CS0079628,Petro Mart,High,824977,29.871438,71.043598,Phase 3
16,Muzaffargarh,2027,CS0078623,Grocery,High,821372,29.733197,70.818064,Phase 3
16,Muzaffargarh,2027,CS0078959,Bakery,High,816779,30.586578,71.172187,Phase 3
16,Muzaffargarh,2027,CS0078422,Bakery,High,813494,30.053965,71.04776,Phase 3
16,Muzaffargarh,2027,CS0078290,Grocery,High,810147,30.712597,71.145325,Phase 3
16,Muzaffargarh,2027,CS0078032,Grocery,High,807631,30.614038,71.072059,Phase 3
16,Muzaffargarh,2027,CS0079090,Grocery,High,792867,30.657832,71.212525,Phase 3
16,Muzaffargarh,2027,CS0078819,Grocery,High,792321,29.91555,71.061143,Phase 3
16,Muzaffargarh,2027,CS0078220,Pharmacy,High,786639,30.227724,70.970763,Phase 3
16,Muzaffargarh,2027,CS0079935,Grocery,High,785371,30.529782,71.018737,Phase 3
16,Muzaffargarh,2027,CS0078608,Grocery,High,783404,29.864895,71.0646,Phase 3
16,Muzaffargarh,2027,CS0078076,Grocery,High,782507,29.888853,70.848373,Phase 3
16,Muzaffargarh,2027,CS0079739,Grocery,High,780027,29.819611,70.952148,Phase 3
16,Muzaffargarh,2027,CS0077950,Pharmacy,High,779261,29.723915,70.895544,Phase 3
16,Muzaffargarh,2027,CS0080269,Bakery,High,772982,29.831338,70.917307,Phase 3
16,Muzaffargarh,2027,CS0078804,Bakery,High,771856,29.903449,71.10249,Phase 3
16,Muzaffargarh,2027,CS0079796,Petro Mart,High,771129,30.391373,70.94363,Phase 3
16,Muzaffargarh,2027,CS0078914,Grocery,High,770161,30.538857,70.96797,Phase 3
16,Muzaffargarh,2027,CS0078950,Grocery,High,767660,29.805784,71.127935,Phase 3
16,Muzaffargarh,2027,CS0079609,Supermarket,High,765076,30.217602,71.080919,Phase 3
16,Muzaffargarh,2027,CS0078473,Grocery,High,759871,29.792723,70.861626,Phase 3
16,Muzaffargarh,2027,CS0078146,Grocery,High,759265,29.892764,70.843493,Phase 3
16,Muzaffargarh,2027,CS0080601,Bakery,High,756812,29.938252,71.133612,Phase 3
16,Muzaffargarh,2027,CS0080014,Grocery,High,753120,29.826177,71.093356,Phase 3
16,Muzaffargarh,2027,CS0079652,Grocery,High,750149,29.906991,70.955041,Phase 3
16,Muzaffargarh,2027,CS0078109,Grocery,High,747910,30.360368,71.151862,Phase 3
16,Muzaffargarh,2027,CS0079497,Pharmacy,High,747288,30.102791,71.195724,Phase 3
16,Muzaffargarh,2027,CS0078111,Grocery,High,746562,29.764262,71.084963,Phase 3
16,Muzaffargarh,2027,CS0079016,Grocery,High,740457,30.573672,71.060435,Phase 3
16,Muzaffargarh,2027,CS0079869,Supermarket,High,732579,29.880171,71.020214,Phase 3
16,Muzaffargarh,2027,CS0080157,Pharmacy,High,729713,29.782264,70.916333,Phase 3
17,Nowshera,2025,CS0161102,Grocery,High,1356228,33.753105,71.946695,Phase 3
17,Nowshera,2025,CS0160879,Bakery,High,1134919,33.808013,72.011318,Phase 3
17,Nowshera,2025,CS0160652,Grocery,High,1111296,33.888949,72.082572,Phase 3
17,Nowshera,2025,CS0160724,Grocery,High,1101339,34.033849,72.091444,Phase 3
17,Nowshera,2025,CS0160807,Grocery,High,1041464,33.897234,72.015356,Phase 3
17,Nowshera,2025,CS0161107,Grocery,High,1007123,33.981513,71.884875,Phase 3
17,Nowshera,2025,CS0161106,Pharmacy,High,999544,33.774146,71.916386,Phase 3
17,Nowshera,2025,CS0160867,Supermarket,High,981878,34.010464,71.743002,Phase 3
17,Nowshera,2025,CS0160819,Grocery,High,967754,34.043325,71.938225,Phase 3
17,Nowshera,2025,CS0160995,Grocery,High,907952,33.984003,72.131959,Phase 3
17,Nowshera,2026,CS0160939,Pharmacy,High,895900,34.013979,71.740834,Phase 3
17,Nowshera,2026,CS0160969,Supermarket,High,844037,34.050259,71.924695,Phase 3
17,Nowshera,2026,CS0160782,Grocery,High,839121,33.905915,71.978661,Phase 3
17,Nowshera,2026,CS0161232,Grocery,High,830591,33.862645,71.884659,Phase 3
17,Nowshera,2026,CS0160851,Grocery,High,829893,33.822659,71.988528,Phase 3
17,Nowshera,2026,CS0161069,Petro Mart,High,824992,33.889957,72.204385,Phase 3
17,Nowshera,2026,CS0160993,Grocery,High,788262,34.082085,71.957798,Phase 3
17,Nowshera,2026,CS0160776,Petro Mart,High,749914,33.809568,71.923908,Phase 3
17,Nowshera,2026,CS0161054,Grocery,High,723525,33.98072,72.117381,Phase 3
17,Nowshera,2027,CS0160726,Grocery,High,680791,33.788724,71.895866,Phase 3
17,Nowshera,2027,CS0161207,Grocery,High,676065,33.968786,71.814841,Phase 3
17,Nowshera,2027,CS0160893,Pharmacy,High,664080,33.802664,72.003578,Phase 3
17,Nowshera,2027,CS0161068,Grocery,High,640167,33.936265,72.067425,Phase 3
17,Nowshera,2027,CS0160787,Grocery,High,637504,33.935776,71.884314,Phase 3
17,Nowshera,2027,CS0161108,Pharmacy,High,602472,33.816081,72.110792,Phase 3
17,Nowshera,2027,CS0160793,Grocery,High,599424,33.813572,72.039449,Phase 3
17,Nowshera,2027,CS0160712,Grocery,High,598318,33.821637,72.079669,Phase 3
18,Attock,2025,CS0094248,Pharmacy,High,1557552,33.508329,72.201099,Phase 3
18,Attock,2025,CS0094251,Bakery,High,1483381,33.600848,72.453989,Phase 3
18,Attock,2025,CS0094550,Grocery,High,1474817,33.517239,72.348797,Phase 3
18,Attock,2025,CS0094235,Grocery,High,1286567,33.253771,71.747571,Phase 3
18,Attock,2025,CS0094663,Bakery,High,1252590,33.463909,72.461207,Phase 3
18,Attock,2025,CS0094559,Grocery,High,1252512,33.504466,72.441424,Phase 3
18,Attock,2025,CS0094315,Pharmacy,High,1199100,33.389092,72.458031,Phase 3
18,Attock,2025,CS0094417,Grocery,High,1196276,33.329611,71.965125,Phase 3
18,Attock,2025,CS0094330,Bakery,High,1188427,33.297659,72.044442,Phase 3
18,Attock,2025,CS0094336,Grocery,High,1070559,33.108441,71.891438,Phase 3
18,Attock,2025,CS0094585,Grocery,High,1058672,33.273716,71.991917,Phase 3
18,Attock,2025,CS0094720,Pharmacy,High,1057427,33.33416,72.105065,Phase 3
18,Attock,2025,CS0094822,Grocery,High,993227,33.294113,72.106355,Phase 3
18,Attock,2025,CS0094331,Supermarket,High,960824,33.56546,72.268964,Phase 3
18,Attock,2025,CS0094545,Grocery,High,948853,33.165834,71.884001,Phase 3
18,Attock,2026,CS0094475,Grocery,High,941275,33.177029,72.087511,Phase 3
18,Attock,2026,CS0094441,Grocery,High,921400,33.396105,71.945644,Phase 3
18,Attock,2026,CS0094488,Grocery,High,894261,33.338949,72.013136,Phase 3
18,Attock,2026,CS0094806,Grocery,High,871248,33.455463,72.324115,Phase 3
18,Attock,2026,CS0094538,Grocery,High,861791,33.040719,71.839493,Phase 3
18,Attock,2026,CS0094848,Grocery,High,856795,33.332568,72.526017,Phase 3
18,Attock,2026,CS0094426,Grocery,High,843743,33.510369,72.521875,Phase 3
18,Attock,2026,CS0094240,Bakery,High,836977,33.542849,72.386409,Phase 3
18,Attock,2026,CS0094243,Grocery,High,827965,33.417118,72.584286,Phase 3
18,Attock,2026,CS0094439,Grocery,High,819300,33.495896,72.519825,Phase 3
18,Attock,2026,CS0094800,Pharmacy,High,785267,33.234804,72.004218,Phase 3
18,Attock,2026,CS0094788,Pharmacy,High,782312,33.520698,72.4002,Phase 3
18,Attock,2026,CS0094719,Pharmacy,High,776263,33.422586,72.448202,Phase 3
18,Attock,2026,CS0094421,Grocery,High,774888,33.179993,72.020278,Phase 3
18,Attock,2027,CS0094551,Pharmacy,High,766944,33.018712,71.763477,Phase 3
18,Attock,2027,CS0094567,Grocery,High,766778,33.537906,72.483354,Phase 3
18,Attock,2027,CS0094407,Pharmacy,High,754435,33.166534,71.88887,Phase 3
18,Attock,2027,CS0094741,Petro Mart,High,727794,33.514207,72.364947,Phase 3
18,Attock,2027,CS0094234,Grocery,High,727614,33.515159,72.475729,Phase 3
18,Attock,2027,CS0094823,Grocery,High,711820,33.210382,72.029385,Phase 3
18,Attock,2027,CS0094404,Pharmacy,High,707411,33.23477,72.357273,Phase 3
18,Attock,2027,CS0094732,Grocery,High,699185,33.50978,72.141268,Phase 3
18,Attock,2027,CS0094431,Grocery,High,698529,33.387307,72.381791,Phase 3
18,Attock,2027,CS0094445,Bakery,High,675230,33.516022,72.504978,Phase 3
18,Attock,2027,CS0094369,Bakery,High,671749,33.462634,72.479392,Phase 3
18,Attock,2027,CS0094795,Pharmacy,High,667569,33.502708,72.260162,Phase 3
19,Jamshoro,2025,CS0052871,Pharmacy,High,1321659,26.321958,67.749257,Phase 3
19,Jamshoro,2025,CS0052611,Grocery,High,1313839,26.46958,67.729239,Phase 3
19,Jamshoro,2025,CS0052998,Grocery,High,1225543,26.369087,67.716861,Phase 3
19,Jamshoro,2025,CS0052791,Grocery,High,1184231,25.63438,67.770939,Phase 3
19,Jamshoro,2025,CS0052906,Pharmacy,High,1149715,25.935936,67.948225,Phase 3
19,Jamshoro,2026,CS0052697,Petro Mart,High,1137563,26.347677,67.839832,Phase 3
19,Jamshoro,2026,CS0052742,Grocery,High,1088315,26.313873,67.787348,Phase 3
19,Jamshoro,2026,CS0052730,Pharmacy,High,1078422,25.831921,67.731652,Phase 3
19,Jamshoro,2026,CS0053050,Pharmacy,High,1069104,25.799776,67.982828,Phase 3
19,Jamshoro,2027,CS0052678,Grocery,High,1010955,26.272081,67.689843,Phase 3
19,Jamshoro,2027,CS0053190,Bakery,High,1007100,26.258802,67.658346,Phase 3
19,Jamshoro,2027,CS0053086,Pharmacy,High,996641,25.442722,67.84362,Phase 3
19,Jamshoro,2027,CS0053257,Grocery,High,992475,25.565423,67.837906,Phase 3
20,Abbottabad,2025,CS0166958,Grocery,High,1300491,34.280257,73.346717,Phase 3
20,Abbottabad,2025,CS0167075,Grocery,High,1159465,34.127759,73.362545,Phase 3
20,Abbottabad,2026,CS0167195,Pharmacy,High,1090121,34.171647,73.378708,Phase 3
20,Abbottabad,2026,CS0167004,Grocery,High,948689,34.236547,73.267661,Phase 3
20,Abbottabad,2027,CS0167053,Grocery,High,947701,34.178587,73.192544,Phase 3
20,Abbottabad,2027,CS0167067,Bakery,High,871087,34.076672,73.312104,Phase 3
21,Toba Tek Singh,2025,CS0117032,Supermarket,High,1639551,30.979995,72.609752,Phase 3
21,Toba Tek Singh,2025,CS0117245,Grocery,High,1454537,30.777517,72.621687,Phase 3
21,Toba Tek Singh,2025,CS0117408,Grocery,High,1422537,31.197395,72.542634,Phase 3
21,Toba Tek Singh,2025,CS0117147,Grocery,High,1376840,30.856953,72.651295,Phase 3
21,Toba Tek Singh,2025,CS0117565,Grocery,High,1190346,31.116734,72.638168,Phase 3
21,Toba Tek Singh,2025,CS0117214,Petro Mart,High,1116009,31.154566,72.539224,Phase 3
21,Toba Tek Singh,2025,CS0117501,Grocery,High,1053839,30.993282,72.479379,Phase 3
21,Toba Tek Singh,2025,CS0117435,Bakery,High,1051648,31.120416,72.552346,Phase 3
21,Toba Tek Singh,2025,CS0117126,Petro Mart,High,1043231,30.988196,72.499375,Phase 3
21,Toba Tek Singh,2025,CS0117494,Grocery,High,1028052,31.017459,72.375981,Phase 3
21,Toba Tek Singh,2025,CS0117085,Bakery,High,1011422,30.958969,72.382959,Phase 3
21,Toba Tek Singh,2026,CS0117027,Grocery,High,994712,30.732232,72.519345,Phase 3
21,Toba Tek Singh,2026,CS0117540,Bakery,High,979611,31.139435,72.543367,Phase 3
21,Toba Tek Singh,2026,CS0117358,Supermarket,High,929976,30.862465,72.50868,Phase 3
21,Toba Tek Singh,2026,CS0117399,Grocery,High,918476,30.794137,72.62641,Phase 3
21,Toba Tek Singh,2026,CS0117617,Grocery,High,847443,30.90393,72.593018,Phase 3
21,Toba Tek Singh,2026,CS0117623,Grocery,High,828898,30.868446,72.334424,Phase 3
21,Toba Tek Singh,2026,CS0117516,Grocery,High,764826,31.002169,72.637552,Phase 3
21,Toba Tek Singh,2026,CS0117345,Grocery,High,743475,30.876606,72.579624,Phase 3
21,Toba Tek Singh,2026,CS0117072,Grocery,High,734836,30.972053,72.496077,Phase 3
21,Toba Tek Singh,2026,CS0117490,Grocery,High,715356,30.992886,72.510943,Phase 3
21,Toba Tek Singh,2027,CS0117632,Grocery,High,706832,30.956139,72.659783,Phase 3
21,Toba Tek Singh,2027,CS0117003,Grocery,High,694768,31.245717,72.78366,Phase 3
21,Toba Tek Singh,2027,CS0117695,Grocery,High,685107,30.884465,72.256118,Phase 3
21,Toba Tek Singh,2027,CS0117174,Grocery,High,672822,30.979193,72.468564,Phase 3
21,Toba Tek Singh,2027,CS0117569,Grocery,High,671170,31.04303,72.542845,Phase 3
21,Toba Tek Singh,2027,CS0116989,Bakery,High,665305,30.772365,72.613981,Phase 3
21,Toba Tek Singh,2027,CS0117400,Grocery,High,660411,31.008833,72.351514,Phase 3
21,Toba Tek Singh,2027,CS0117669,Grocery,High,651853,31.243604,72.686698,Phase 3
21,Toba Tek Singh,2027,CS0117049,Pharmacy,High,648657,30.779206,72.381323,Phase 3
22,Jhelum,2025,CS0106605,Grocery,High,1596526,32.831245,73.360964,Phase 3
22,Jhelum,2025,CS0106583,Pharmacy,High,1084907,32.839748,73.36458,Phase 3
22,Jhelum,2025,CS0106368,Pharmacy,High,1054684,32.592259,72.951073,Phase 3
22,Jhelum,2025,CS0106379,Bakery,High,1043481,32.919841,73.410262,Phase 3
22,Jhelum,2025,CS0106778,Pharmacy,High,1037054,32.747781,73.412242,Phase 3
22,Jhelum,2025,CS0106773,Pharmacy,High,1016919,32.480312,72.709798,Phase 3
22,Jhelum,2025,CS0106814,Grocery,High,953326,32.951455,73.367048,Phase 3
22,Jhelum,2025,CS0106836,Grocery,High,932349,32.723786,73.334807,Phase 3
22,Jhelum,2025,CS0106663,Grocery,High,915486,33.022307,73.257895,Phase 3
22,Jhelum,2025,CS0106717,Grocery,High,902391,32.758259,73.352276,Phase 3
22,Jhelum,2025,CS0106790,Grocery,High,887192,32.553068,72.604651,Phase 3
22,Jhelum,2025,CS0106329,Petro Mart,High,878059,32.881806,73.24005,Phase 3
22,Jhelum,2026,CS0106636,Grocery,High,869863,33.017103,73.503599,Phase 3
22,Jhelum,2026,CS0106784,Grocery,High,869779,32.953219,73.315892,Phase 3
22,Jhelum,2026,CS0106470,Grocery,High,866022,32.95398,73.23413,Phase 3
22,Jhelum,2026,CS0106612,Grocery,High,862673,32.516278,72.952641,Phase 3
22,Jhelum,2026,CS0106369,Grocery,High,835506,32.569414,72.824394,Phase 3
22,Jhelum,2026,CS0106825,Grocery,High,827737,32.605182,73.334127,Phase 3
22,Jhelum,2026,CS0106425,Bakery,High,823246,33.072084,73.309129,Phase 3
22,Jhelum,2026,CS0106813,Petro Mart,High,785635,32.606628,73.418095,Phase 3
22,Jhelum,2026,CS0106645,Grocery,High,776180,32.508236,72.801873,Phase 3
22,Jhelum,2026,CS0106798,Grocery,High,756190,32.992422,73.25887,Phase 3
22,Jhelum,2026,CS0106878,Grocery,High,731355,32.814074,73.178755,Phase 3
22,Jhelum,2027,CS0106708,Bakery,High,720445,33.096199,73.573824,Phase 3
22,Jhelum,2027,CS0106422,Bakery,High,709373,32.57295,73.001207,Phase 3
22,Jhelum,2027,CS0106615,Grocery,High,707289,32.944632,73.207031,Phase 3
22,Jhelum,2027,CS0106755,Grocery,High,700928,32.686646,73.334568,Phase 3
22,Jhelum,2027,CS0106584,Supermarket,High,700470,32.829139,73.19248,Phase 3
22,Jhelum,2027,CS0106509,Grocery,High,695982,32.741841,73.169632,Phase 3
22,Jhelum,2027,CS0106723,Grocery,High,688079,32.804861,73.345401,Phase 3
22,Jhelum,2027,CS0106842,Pharmacy,High,682724,33.068629,73.411585,Phase 3
22,Jhelum,2027,CS0106758,Pharmacy,High,657395,32.694353,73.269953,Phase 3
22,Jhelum,2027,CS0106475,Grocery,High,642815,32.84534,73.575254,Phase 3
23,Bhakkar,2025,CS0092436,Pharmacy,High,1540772,31.908507,71.25503,Phase 3
23,Bhakkar,2025,CS0092651,Grocery,High,1321913,31.73007,71.229226,Phase 3
23,Bhakkar,2025,CS0093173,Grocery,High,1168138,32.062621,71.351362,Phase 3
23,Bhakkar,2025,CS0092789,Supermarket,High,1160819,31.528388,71.324739,Phase 3
23,Bhakkar,2025,CS0092541,Grocery,High,1121042,31.91905,71.188482,Phase 3
23,Bhakkar,2025,CS0093195,Grocery,High,1111586,31.88001,71.364174,Phase 3
23,Bhakkar,2025,CS0092399,Pharmacy,High,1092901,31.755262,71.062578,Phase 3
23,Bhakkar,2025,CS0093185,Pharmacy,High,1083994,31.773692,71.171549,Phase 3
23,Bhakkar,2025,CS0093120,Grocery,High,1046428,31.641647,71.376147,Phase 3
23,Bhakkar,2025,CS0092759,Grocery,High,1040516,32.13818,71.356512,Phase 3
23,Bhakkar,2025,CS0092832,Pharmacy,High,991274,31.781727,71.309369,Phase 3
23,Bhakkar,2025,CS0092513,Pharmacy,High,980448,31.890407,71.474941,Phase 3
23,Bhakkar,2025,CS0092722,Petro Mart,High,976979,31.534674,71.413807,Phase 3
23,Bhakkar,2025,CS0092821,Grocery,High,966038,31.72653,71.399912,Phase 3
23,Bhakkar,2025,CS0093089,Grocery,High,964942,32.140315,71.231524,Phase 3
23,Bhakkar,2025,CS0093233,Grocery,High,960578,31.601873,71.295605,Phase 3
23,Bhakkar,2025,CS0092512,Grocery,High,950792,31.619158,71.31439,Phase 3
23,Bhakkar,2025,CS0093244,Grocery,High,940604,31.684627,71.095908,Phase 3
23,Bhakkar,2025,CS0092475,Supermarket,High,932977,31.781421,71.27343,Phase 3
23,Bhakkar,2026,CS0093079,Petro Mart,High,903842,31.584799,71.186724,Phase 3
23,Bhakkar,2026,CS0092975,Pharmacy,High,903665,31.615066,71.314019,Phase 3
23,Bhakkar,2026,CS0092934,Bakery,High,901519,31.97394,71.548663,Phase 3
23,Bhakkar,2026,CS0093286,Grocery,High,888447,31.991194,71.226905,Phase 3
23,Bhakkar,2026,CS0092467,Petro Mart,High,867205,31.892074,71.253372,Phase 3
23,Bhakkar,2026,CS0092944,Grocery,High,853880,32.08,71.28144,Phase 3
23,Bhakkar,2026,CS0093104,Grocery,High,852033,31.610603,71.244506,Phase 3
23,Bhakkar,2026,CS0093083,Petro Mart,High,850822,31.671417,71.19282,Phase 3
23,Bhakkar,2026,CS0092842,Bakery,High,844101,31.508258,71.401098,Phase 3
23,Bhakkar,2026,CS0093243,Bakery,High,838480,31.592287,71.527182,Phase 3
23,Bhakkar,2026,CS0092927,Grocery,High,830563,31.837577,71.095402,Phase 3
23,Bhakkar,2026,CS0092593,Pharmacy,High,823265,32.128142,71.547804,Phase 3
23,Bhakkar,2026,CS0093216,Grocery,High,818503,31.777042,71.422057,Phase 3
23,Bhakkar,2026,CS0093188,Grocery,High,803647,31.548282,71.443212,Phase 3
23,Bhakkar,2026,CS0093242,Bakery,High,799673,31.550975,71.253699,Phase 3
23,Bhakkar,2026,CS0093225,Grocery,High,785630,32.105518,71.418177,Phase 3
23,Bhakkar,2026,CS0092644,Pharmacy,High,776326,31.831277,71.425037,Phase 3
23,Bhakkar,2026,CS0092511,Grocery,High,765573,31.68859,71.465797,Phase 3
23,Bhakkar,2027,CS0093143,Grocery,High,761979,32.021181,71.215463,Phase 3
23,Bhakkar,2027,CS0092804,Grocery,High,753597,31.605231,71.36794,Phase 3
23,Bhakkar,2027,CS0092723,Petro Mart,High,751258,31.627102,70.999189,Phase 3
23,Bhakkar,2027,CS0092924,Bakery,High,744679,32.051874,71.338292,Phase 3
23,Bhakkar,2027,CS0093129,Grocery,High,737380,31.685116,71.107976,Phase 3
23,Bhakkar,2027,CS0093237,Grocery,High,727994,31.441693,71.55839,Phase 3
23,Bhakkar,2027,CS0092993,Supermarket,High,713504,31.504909,71.156287,Phase 3
23,Bhakkar,2027,CS0092881,Grocery,High,704460,31.890758,71.212567,Phase 3
23,Bhakkar,2027,CS0092562,Bakery,High,695376,31.711174,71.193042,Phase 3
23,Bhakkar,2027,CS0093109,Grocery,High,686527,31.544524,71.375518,Phase 3
23,Bhakkar,2027,CS0092907,Grocery,High,674928,31.638172,71.2785,Phase 3
23,Bhakkar,2027,CS0092485,Pharmacy,High,674732,31.686734,70.952482,Phase 3
23,Bhakkar,2027,CS0092947,Petro Mart,High,673622,31.543107,71.384967,Phase 3
23,Bhakkar,2027,CS0092747,Grocery,High,669954,31.872707,71.265905,Phase 3
23,Bhakkar,2027,CS0092788,Grocery,High,648462,31.690089,71.362378,Phase 3
24,Chakwal,2025,CS0105805,Pharmacy,High,1774602,32.646132,72.812637,Phase 3
24,Chakwal,2025,CS0106188,Grocery,High,1426471,32.831611,72.398051,Phase 3
24,Chakwal,2025,CS0105291,Petro Mart,High,1268255,32.835587,72.583848,Phase 3
24,Chakwal,2025,CS0105184,Grocery,High,1263466,32.594697,72.639226,Phase 3
24,Chakwal,2025,CS0106075,Supermarket,High,1246914,32.899479,72.381917,Phase 3
24,Chakwal,2025,CS0105313,Bakery,High,1226679,32.64282,72.393087,Phase 3
24,Chakwal,2025,CS0105817,Supermarket,High,1199350,32.790054,72.467874,Phase 3
24,Chakwal,2025,CS0105107,Grocery,High,1193961,33.13635,72.606995,Phase 3
24,Chakwal,2025,CS0105846,Grocery,High,1138874,32.767971,72.504326,Phase 3
24,Chakwal,2025,CS0105400,Bakery,High,1130624,32.997986,72.847708,Phase 3
24,Chakwal,2025,CS0106217,Bakery,High,1125019,32.970582,72.38895,Phase 3
24,Chakwal,2025,CS0106137,Grocery,High,1113137,32.968009,72.434944,Phase 3
24,Chakwal,2025,CS0105495,Pharmacy,High,1098031,32.720556,72.517799,Phase 3
24,Chakwal,2025,CS0105210,Grocery,High,1062301,32.571175,72.52346,Phase 3
24,Chakwal,2025,CS0105718,Pharmacy,High,1048680,32.809804,72.397068,Phase 3
24,Chakwal,2025,CS0106278,Grocery,High,1036707,32.916278,72.449203,Phase 3
24,Chakwal,2025,CS0105920,Grocery,High,1030487,32.636517,72.692432,Phase 3
24,Chakwal,2025,CS0105075,Grocery,High,994926,33.012779,72.823603,Phase 3
24,Chakwal,2025,CS0106194,Bakery,High,990646,32.940501,72.665217,Phase 3
24,Chakwal,2025,CS0106307,Grocery,High,990204,32.698905,73.007968,Phase 3
24,Chakwal,2025,CS0105490,Grocery,High,985921,32.626363,72.93512,Phase 3
24,Chakwal,2025,CS0105498,Grocery,High,985671,32.719071,72.851049,Phase 3
24,Chakwal,2025,CS0105093,Grocery,High,983899,32.932445,72.689883,Phase 3
24,Chakwal,2025,CS0106208,Grocery,High,963882,32.86436,72.227521,Phase 3
24,Chakwal,2025,CS0105298,Grocery,High,943807,32.837947,72.611409,Phase 3
24,Chakwal,2025,CS0105968,Bakery,High,942181,32.723749,72.455943,Phase 3
24,Chakwal,2025,CS0105827,Grocery,High,938634,33.009854,72.73488,Phase 3
24,Chakwal,2026,CS0106221,Bakery,High,937446,32.992329,72.328577,Phase 3
24,Chakwal,2026,CS0105736,Bakery,High,924029,32.715842,72.446897,Phase 3
24,Chakwal,2026,CS0105588,Grocery,High,919494,32.797593,72.47066,Phase 3
24,Chakwal,2026,CS0105557,Pharmacy,High,908279,32.795462,72.441215,Phase 3
24,Chakwal,2026,CS0105137,Grocery,High,903316,32.770153,72.5989,Phase 3
24,Chakwal,2026,CS0105606,Grocery,High,896278,32.966779,72.558728,Phase 3
24,Chakwal,2026,CS0105937,Grocery,High,893885,33.057195,72.371069,Phase 3
24,Chakwal,2026,CS0105141,Grocery,High,890504,32.801244,72.462119,Phase 3
24,Chakwal,2026,CS0105177,Bakery,High,868453,32.650744,72.522347,Phase 3
24,Chakwal,2026,CS0105506,Grocery,High,847623,32.705897,72.772226,Phase 3
24,Chakwal,2026,CS0105658,Grocery,High,841216,33.051553,72.596962,Phase 3
24,Chakwal,2026,CS0105253,Pharmacy,High,836930,32.922297,72.912268,Phase 3
24,Chakwal,2026,CS0105438,Pharmacy,High,819291,32.671141,72.83067,Phase 3
24,Chakwal,2026,CS0105181,Grocery,High,809638,32.637926,72.984782,Phase 3
24,Chakwal,2026,CS0106130,Supermarket,High,802685,33.104087,72.745527,Phase 3
24,Chakwal,2026,CS0105493,Grocery,High,800605,32.712268,72.879241,Phase 3
24,Chakwal,2026,CS0105071,Pharmacy,High,797271,32.804045,72.409446,Phase 3
24,Chakwal,2026,CS0105288,Grocery,High,793848,32.916303,72.594236,Phase 3
24,Chakwal,2026,CS0106166,Pharmacy,High,787005,33.031675,72.633281,Phase 3
24,Chakwal,2026,CS0106063,Bakery,High,777793,32.980468,72.527783,Phase 3
24,Chakwal,2026,CS0105541,Grocery,High,771972,32.635051,72.59452,Phase 3
24,Chakwal,2026,CS0106129,Grocery,High,767540,32.750493,72.395725,Phase 3
24,Chakwal,2026,CS0105799,Supermarket,High,760462,32.937618,72.523471,Phase 3
24,Chakwal,2026,CS0106165,Grocery,High,758025,32.743304,72.428825,Phase 3
24,Chakwal,2026,CS0106183,Bakery,High,757200,32.574108,72.559095,Phase 3
24,Chakwal,2026,CS0105751,Grocery,High,748746,32.664785,72.357291,Phase 3
24,Chakwal,2026,CS0105252,Grocery,High,746779,32.607776,72.778207,Phase 3
24,Chakwal,2027,CS0106279,Grocery,High,746061,32.809906,72.592673,Phase 3
24,Chakwal,2027,CS0105277,Petro Mart,High,728308,33.054268,72.425881,Phase 3
24,Chakwal,2027,CS0105746,Grocery,High,722914,32.792619,72.623424,Phase 3
24,Chakwal,2027,CS0105599,Grocery,High,718340,32.611953,72.855666,Phase 3
24,Chakwal,2027,CS0105812,Grocery,High,709054,32.614616,72.848712,Phase 3
24,Chakwal,2027,CS0105186,Supermarket,High,693043,32.849905,72.504496,Phase 3
24,Chakwal,2027,CS0105275,Grocery,High,692793,32.876273,72.520076,Phase 3
24,Chakwal,2027,CS0106142,Grocery,High,687348,33.050744,72.564243,Phase 3
24,Chakwal,2027,CS0105552,Pharmacy,High,680777,32.748876,72.462163,Phase 3
24,Chakwal,2027,CS0105629,Bakery,High,668805,32.745864,72.504825,Phase 3
24,Chakwal,2027,CS0105163,Grocery,High,665906,32.805362,72.527441,Phase 3
24,Chakwal,2027,CS0105331,Grocery,High,659360,32.796453,72.464995,Phase 3
24,Chakwal,2027,CS0105826,Grocery,High,638055,32.975478,72.388417,Phase 3
24,Chakwal,2027,CS0105469,Bakery,High,636692,32.603452,72.724553,Phase 3
24,Chakwal,2027,CS0106247,Grocery,High,629301,32.904778,72.697388,Phase 3
24,Chakwal,2027,CS0106167,Bakery,High,616994,32.793945,72.43642,Phase 3
24,Chakwal,2027,CS0106168,Grocery,High,616786,32.915456,72.818499,Phase 3
24,Chakwal,2027,CS0106113,Bakery,High,616028,32.629024,72.993312,Phase 3
24,Chakwal,2027,CS0106004,Pharmacy,High,597802,32.898397,72.535609,Phase 3
24,Chakwal,2027,CS0105725,Supermarket,High,592971,32.814846,72.710425,Phase 3
24,Chakwal,2027,CS0105856,Supermarket,High,590534,32.676258,72.811588,Phase 3
24,Chakwal,2027,CS0105193,Grocery,High,582136,32.868467,72.604073,Phase 3
24,Chakwal,2027,CS0105477,Grocery,High,580824,32.792505,72.679769,Phase 3
25,Matiari,2025,CS0060766,Grocery,High,1564462,25.857202,68.363973,Phase 3
25,Matiari,2025,CS0060598,Supermarket,High,1449712,25.758054,68.421406,Phase 3
25,Matiari,2025,CS0060600,Grocery,High,1244986,25.692823,68.352123,Phase 3
25,Matiari,2025,CS0060672,Grocery,High,1202295,25.944655,68.384826,Phase 3
25,Matiari,2026,CS0060635,Grocery,High,1050706,25.776088,68.435351,Phase 3
25,Matiari,2026,CS0060715,Grocery,High,968399,25.894108,68.480416,Phase 3
25,Matiari,2026,CS0060720,Grocery,High,953716,25.746921,68.459444,Phase 3
25,Matiari,2026,CS0060614,Pharmacy,High,849799,25.743751,68.416122,Phase 3
25,Matiari,2027,CS0060646,Grocery,High,765319,25.767755,68.448471,Phase 3
25,Matiari,2027,CS0060735,Grocery,High,749726,25.783545,68.420237,Phase 3
25,Matiari,2027,CS0060738,Grocery,High,744949,25.846942,68.395913,Phase 3
25,Matiari,2027,CS0060679,Grocery,High,695691,25.828593,68.382281,Phase 3
26,Sahiwal,2025,CS0118202,Grocery,High,1590638,30.624894,73.153879,Phase 3
26,Sahiwal,2025,CS0118225,Bakery,High,1312547,30.698902,73.157624,Phase 3
26,Sahiwal,2025,CS0117843,Supermarket,High,1281601,30.506977,72.714523,Phase 3
26,Sahiwal,2025,CS0117792,Grocery,High,1167932,30.638509,72.930223,Phase 3
26,Sahiwal,2025,CS0118100,Grocery,High,1088799,30.49089,72.737634,Phase 3
26,Sahiwal,2025,CS0118147,Grocery,High,978920,30.561822,72.623641,Phase 3
26,Sahiwal,2025,CS0117760,Bakery,High,962769,30.640843,72.985483,Phase 3
26,Sahiwal,2025,CS0118017,Pharmacy,High,913060,30.587098,73.22029,Phase 3
26,Sahiwal,2025,CS0118258,Pharmacy,High,883562,30.703358,72.979377,Phase 3
26,Sahiwal,2025,CS0118278,Bakery,High,878409,30.470657,72.665306,Phase 3
26,Sahiwal,2026,CS0118000,Supermarket,High,872789,30.508283,72.77169,Phase 3
26,Sahiwal,2026,CS0118257,Supermarket,High,871684,30.580797,72.746901,Phase 3
26,Sahiwal,2026,CS0117822,Grocery,High,850507,30.534037,72.752482,Phase 3
26,Sahiwal,2026,CS0118267,Grocery,High,847055,30.5256,72.993693,Phase 3
26,Sahiwal,2026,CS0117768,Bakery,High,833116,30.563672,73.084381,Phase 3
26,Sahiwal,2026,CS0118002,Grocery,High,827378,30.609007,72.869174,Phase 3
26,Sahiwal,2026,CS0117770,Pharmacy,High,758878,30.716029,73.083499,Phase 3
26,Sahiwal,2026,CS0118205,Pharmacy,High,749677,30.438698,72.964646,Phase 3
26,Sahiwal,2026,CS0117993,Bakery,High,745707,30.534109,72.824354,Phase 3
26,Sahiwal,2026,CS0117979,Pharmacy,High,730659,30.772527,73.282272,Phase 3
26,Sahiwal,2027,CS0117734,Grocery,High,717911,30.437091,72.878601,Phase 3
26,Sahiwal,2027,CS0117931,Bakery,High,716795,30.613158,72.957258,Phase 3
26,Sahiwal,2027,CS0117964,Grocery,High,708792,30.676779,73.245794,Phase 3
26,Sahiwal,2027,CS0118135,Bakery,High,677042,30.63297,72.995359,Phase 3
26,Sahiwal,2027,CS0118028,Pharmacy,High,666309,30.579118,73.042407,Phase 3
26,Sahiwal,2027,CS0118107,Grocery,High,643571,30.346706,72.614382,Phase 3
26,Sahiwal,2027,CS0117972,Pharmacy,High,630726,30.632586,73.184276,Phase 3
26,Sahiwal,2027,CS0118001,Grocery,High,594482,30.677161,73.114255,Phase 3
27,Malakand,2025,CS0161989,Bakery,High,808159,34.521207,71.828433,Phase 3
28,Rahim Yar Khan,2025,CS0073455,Grocery,High,1905223,28.340687,69.86591,Phase 3
28,Rahim Yar Khan,2025,CS0072026,Grocery,High,1779316,28.251842,70.310137,Phase 3
28,Rahim Yar Khan,2025,CS0072752,Pharmacy,High,1435982,28.361763,70.501924,Phase 3
28,Rahim Yar Khan,2025,CS0072485,Grocery,High,1420440,28.195501,69.937566,Phase 3
28,Rahim Yar Khan,2025,CS0073651,Supermarket,High,1417952,28.511096,70.389503,Phase 3
28,Rahim Yar Khan,2025,CS0073527,Grocery,High,1414046,28.516363,70.21438,Phase 3
28,Rahim Yar Khan,2025,CS0073071,Bakery,High,1411598,28.347603,70.095792,Phase 3
28,Rahim Yar Khan,2025,CS0075222,Petro Mart,High,1395245,28.459718,70.68668,Phase 3
28,Rahim Yar Khan,2025,CS0073355,Grocery,High,1378243,28.229907,70.201268,Phase 3
28,Rahim Yar Khan,2025,CS0074831,Grocery,High,1353136,28.528381,70.597861,Phase 3
28,Rahim Yar Khan,2025,CS0074434,Bakery,High,1344896,28.124329,70.230788,Phase 3
28,Rahim Yar Khan,2025,CS0072405,Grocery,High,1319679,28.332512,70.305981,Phase 3
28,Rahim Yar Khan,2025,CS0073495,Pharmacy,High,1308123,28.185203,70.543526,Phase 3
28,Rahim Yar Khan,2025,CS0072226,Grocery,High,1291024,28.561129,70.341284,Phase 3
28,Rahim Yar Khan,2025,CS0073083,Supermarket,High,1273074,28.33074,70.396128,Phase 3
28,Rahim Yar Khan,2025,CS0072782,Grocery,High,1258391,28.639689,70.395836,Phase 3
28,Rahim Yar Khan,2025,CS0075215,Supermarket,High,1246100,28.552808,70.442289,Phase 3
28,Rahim Yar Khan,2025,CS0073511,Grocery,High,1232594,28.314926,70.586579,Phase 3
28,Rahim Yar Khan,2025,CS0072315,Grocery,High,1209624,28.447496,70.449157,Phase 3
28,Rahim Yar Khan,2025,CS0072962,Bakery,High,1197278,28.135483,70.582613,Phase 3
28,Rahim Yar Khan,2025,CS0073075,Grocery,High,1191304,28.442415,70.582791,Phase 3
28,Rahim Yar Khan,2025,CS0072255,Grocery,High,1185059,28.379143,69.915058,Phase 3
28,Rahim Yar Khan,2025,CS0072147,Grocery,High,1174356,28.462455,70.345018,Phase 3
28,Rahim Yar Khan,2025,CS0073221,Grocery,High,1172971,28.456989,70.42488,Phase 3
28,Rahim Yar Khan,2025,CS0072873,Supermarket,High,1167871,28.306188,70.431068,Phase 3
28,Rahim Yar Khan,2026,CS0072626,Petro Mart,High,1159311,28.24761,70.231972,Phase 3
28,Rahim Yar Khan,2026,CS0073378,Grocery,High,1157003,28.387235,70.803313,Phase 3
28,Rahim Yar Khan,2026,CS0072716,Pharmacy,High,1155946,28.395232,70.01068,Phase 3
28,Rahim Yar Khan,2026,CS0073102,Grocery,High,1152359,28.545752,70.402055,Phase 3
28,Rahim Yar Khan,2026,CS0072036,Bakery,High,1147801,28.329039,70.42431,Phase 3
28,Rahim Yar Khan,2026,CS0073279,Bakery,High,1145084,28.053989,69.895645,Phase 3
28,Rahim Yar Khan,2026,CS0072905,Grocery,High,1140126,28.429653,70.343183,Phase 3
28,Rahim Yar Khan,2026,CS0072292,Bakery,High,1136063,28.553257,70.299338,Phase 3
28,Rahim Yar Khan,2026,CS0074016,Grocery,High,1127529,28.162799,70.243297,Phase 3
28,Rahim Yar Khan,2026,CS0074681,Grocery,High,1125296,28.413993,70.235581,Phase 3
28,Rahim Yar Khan,2026,CS0075221,Pharmacy,High,1116966,28.422043,70.248301,Phase 3
28,Rahim Yar Khan,2026,CS0071978,Grocery,High,1116878,28.470231,70.339338,Phase 3
28,Rahim Yar Khan,2026,CS0074430,Grocery,High,1113592,28.469823,70.221699,Phase 3
28,Rahim Yar Khan,2026,CS0073779,Grocery,High,1098523,28.416824,70.234911,Phase 3
28,Rahim Yar Khan,2026,CS0073460,Bakery,High,1092040,28.048463,70.01414,Phase 3
28,Rahim Yar Khan,2026,CS0074028,Grocery,High,1089721,28.397734,70.525302,Phase 3
28,Rahim Yar Khan,2026,CS0073777,Petro Mart,High,1081233,28.567101,70.318621,Phase 3
28,Rahim Yar Khan,2026,CS0072817,Grocery,High,1076775,28.260973,70.086209,Phase 3
28,Rahim Yar Khan,2026,CS0074939,Grocery,High,1072128,28.210365,70.253616,Phase 3
28,Rahim Yar Khan,2026,CS0072496,Bakery,High,1066352,28.073858,69.99828,Phase 3
28,Rahim Yar Khan,2026,CS0074879,Grocery,High,1052358,28.49774,70.244667,Phase 3
28,Rahim Yar Khan,2026,CS0072576,Grocery,High,1048541,28.235261,70.340191,Phase 3
28,Rahim Yar Khan,2026,CS0072416,Petro Mart,High,1047151,28.394763,70.452726,Phase 3
28,Rahim Yar Khan,2026,CS0074156,Bakery,High,1040394,28.27741,70.22392,Phase 3
28,Rahim Yar Khan,2026,CS0075079,Grocery,High,1030551,28.427853,70.421722,Phase 3
28,Rahim Yar Khan,2027,CS0075117,Supermarket,High,1021567,28.562974,70.30265,Phase 3
28,Rahim Yar Khan,2027,CS0074163,Pharmacy,High,1014053,28.468288,70.422055,Phase 3
28,Rahim Yar Khan,2027,CS0073962,Grocery,High,1009243,28.608773,70.503981,Phase 3
28,Rahim Yar Khan,2027,CS0072381,Pharmacy,High,1008991,28.320342,70.429897,Phase 3
28,Rahim Yar Khan,2027,CS0075434,Grocery,High,1006085,28.375871,70.538995,Phase 3
28,Rahim Yar Khan,2027,CS0075480,Grocery,High,994876,28.406476,70.416929,Phase 3
28,Rahim Yar Khan,2027,CS0073792,Petro Mart,High,989861,28.520698,70.687192,Phase 3
28,Rahim Yar Khan,2027,CS0074115,Grocery,High,982906,28.398812,70.559055,Phase 3
28,Rahim Yar Khan,2027,CS0072743,Grocery,High,977902,28.364028,70.389817,Phase 3
28,Rahim Yar Khan,2027,CS0072769,Pharmacy,High,970708,28.50018,70.322552,Phase 3
28,Rahim Yar Khan,2027,CS0072507,Grocery,High,965287,28.432321,70.587445,Phase 3
28,Rahim Yar Khan,2027,CS0073526,Grocery,High,961640,28.375015,69.931509,Phase 3
28,Rahim Yar Khan,2027,CS0072471,Grocery,High,956873,28.470077,70.456958,Phase 3
28,Rahim Yar Khan,2027,CS0073947,Grocery,High,953625,28.515272,70.546079,Phase 3
28,Rahim Yar Khan,2027,CS0074692,Grocery,High,950572,28.36827,70.514419,Phase 3
28,Rahim Yar Khan,2027,CS0074484,Grocery,High,941777,28.406918,70.561298,Phase 3
28,Rahim Yar Khan,2027,CS0074286,Bakery,High,940061,28.603201,70.307643,Phase 3
28,Rahim Yar Khan,2027,CS0073375,Grocery,High,937467,28.44979,70.208884,Phase 3
28,Rahim Yar Khan,2027,CS0074091,Grocery,High,932309,28.061307,69.996329,Phase 3
28,Rahim Yar Khan,2027,CS0074876,Grocery,High,930161,28.318109,70.253588,Phase 3
28,Rahim Yar Khan,2027,CS0072668,Grocery,High,928619,28.359386,69.993751,Phase 3
29,Lasbela,2025,CS0016775,Pharmacy,High,1206996,25.995406,66.710169,Phase 3
29,Lasbela,2025,CS0016607,Grocery,High,1176211,26.170254,66.796951,Phase 3
29,Lasbela,2025,CS0016845,Grocery,High,1151275,25.526067,66.634426,Phase 3
29,Lasbela,2025,CS0016686,Grocery,High,1086852,25.766082,66.720686,Phase 3
29,Lasbela,2025,CS0016738,Bakery,High,1079742,25.835739,66.818755,Phase 3
29,Lasbela,2025,CS0016611,Grocery,High,1023131,25.785613,66.772054,Phase 3
29,Lasbela,2025,CS0016688,Grocery,High,980729,26.047955,66.717467,Phase 3
29,Lasbela,2025,CS0016767,Grocery,High,969440,25.907525,66.694035,Phase 3
29,Lasbela,2026,CS0016707,Grocery,High,922674,25.847069,66.772209,Phase 3
29,Lasbela,2026,CS0016604,Grocery,High,860025,25.705217,66.700942,Phase 3
29,Lasbela,2026,CS0016816,Grocery,High,859198,25.811912,66.562203,Phase 3
29,Lasbela,2026,CS0016619,Grocery,High,843374,25.786951,66.757402,Phase 3
29,Lasbela,2026,CS0016839,Grocery,High,835689,25.632179,66.518911,Phase 3
29,Lasbela,2026,CS0016843,Grocery,High,797568,26.203659,66.844565,Phase 3
29,Lasbela,2026,CS0016630,Grocery,High,770568,26.085763,66.668064,Phase 3
29,Lasbela,2026,CS0016971,Supermarket,High,727720,26.087073,66.741913,Phase 3
29,Lasbela,2027,CS0016670,Grocery,High,726170,26.169711,66.518199,Phase 3
29,Lasbela,2027,CS0016883,Grocery,High,718705,25.949633,66.6095,Phase 3
29,Lasbela,2027,CS0016897,Bakery,High,692726,26.035947,66.865078,Phase 3
29,Lasbela,2027,CS0016967,Bakery,High,670244,25.812641,66.690488,Phase 3
29,Lasbela,2027,CS0016821,Grocery,High,612229,25.607236,66.727412,Phase 3
29,Lasbela,2027,CS0016625,Bakery,High,608284,26.034099,66.875047,Phase 3
29,Lasbela,2027,CS0016583,Grocery,High,607283,25.989042,66.810872,Phase 3
30,Nawabshah,2025,CS0061224,Grocery,High,1403346,26.289272,68.412642,Phase 3
30,Nawabshah,2025,CS0061139,Grocery,High,1385872,26.05148,68.470324,Phase 3
30,Nawabshah,2025,CS0060912,Grocery,High,1319394,26.310604,68.338486,Phase 3
30,Nawabshah,2025,CS0061973,Pharmacy,High,1281260,26.38395,68.299854,Phase 3
30,Nawabshah,2025,CS0060834,Grocery,High,1269284,26.246338,68.395678,Phase 3
30,Nawabshah,2025,CS0061350,Grocery,High,1260636,26.243325,68.331615,Phase 3
30,Nawabshah,2025,CS0061706,Bakery,High,1257367,26.491955,68.650608,Phase 3
30,Nawabshah,2025,CS0061341,Pharmacy,High,1233057,26.222368,68.079092,Phase 3
30,Nawabshah,2025,CS0061400,Supermarket,High,1196390,26.285382,68.256814,Phase 3
30,Nawabshah,2025,CS0061707,Grocery,High,1191451,26.454659,68.565344,Phase 3
30,Nawabshah,2025,CS0061995,Bakery,High,1164508,26.357952,68.033594,Phase 3
30,Nawabshah,2025,CS0061765,Grocery,High,1128288,26.099332,68.238083,Phase 3
30,Nawabshah,2025,CS0061087,Grocery,High,1113985,26.281329,68.371152,Phase 3
30,Nawabshah,2025,CS0061346,Grocery,High,1090350,26.31188,68.290729,Phase 3
30,Nawabshah,2025,CS0061673,Grocery,High,1077709,26.284913,68.409845,Phase 3
30,Nawabshah,2025,CS0061210,Grocery,High,1072991,26.511111,68.73077,Phase 3
30,Nawabshah,2025,CS0061196,Petro Mart,High,1066836,26.294346,68.28911,Phase 3
30,Nawabshah,2025,CS0061887,Grocery,High,1054106,26.441176,68.398496,Phase 3
30,Nawabshah,2026,CS0061683,Bakery,High,1037558,26.257396,68.464441,Phase 3
30,Nawabshah,2026,CS0060968,Grocery,High,1030976,26.274537,68.21817,Phase 3
30,Nawabshah,2026,CS0061250,Grocery,High,1019000,26.435737,68.236706,Phase 3
30,Nawabshah,2026,CS0060813,Grocery,High,986307,26.227891,67.970419,Phase 3
30,Nawabshah,2026,CS0061063,Grocery,High,983546,26.292197,68.102845,Phase 3
30,Nawabshah,2026,CS0061917,Grocery,High,975546,26.388917,68.056425,Phase 3
30,Nawabshah,2026,CS0061124,Grocery,High,975146,26.348557,68.049908,Phase 3
30,Nawabshah,2026,CS0061692,Grocery,High,952887,26.224466,68.481829,Phase 3
30,Nawabshah,2026,CS0061034,Grocery,High,945712,26.23458,68.411918,Phase 3
30,Nawabshah,2026,CS0061823,Supermarket,High,940389,26.040288,68.361428,Phase 3
30,Nawabshah,2026,CS0060990,Pharmacy,High,931205,26.343657,68.337726,Phase 3
30,Nawabshah,2026,CS0061023,Bakery,High,914615,26.38653,68.738899,Phase 3
30,Nawabshah,2026,CS0061780,Grocery,High,903584,26.221963,68.326419,Phase 3
30,Nawabshah,2026,CS0061785,Grocery,High,885614,26.363686,68.706411,Phase 3
30,Nawabshah,2026,CS0061810,Grocery,High,870057,26.276241,68.282752,Phase 3
30,Nawabshah,2026,CS0061628,Grocery,High,864936,26.209369,68.29632,Phase 3
30,Nawabshah,2026,CS0060921,Supermarket,High,860375,26.470209,68.679932,Phase 3
30,Nawabshah,2026,CS0061517,Supermarket,High,860249,26.212071,68.237598,Phase 3
30,Nawabshah,2027,CS0061897,Pharmacy,High,855156,26.100787,68.354453,Phase 3
30,Nawabshah,2027,CS0061295,Grocery,High,855053,26.195053,68.342308,Phase 3
30,Nawabshah,2027,CS0061553,Bakery,High,849475,26.179437,68.14328,Phase 3
30,Nawabshah,2027,CS0061898,Grocery,High,839632,26.228,68.372275,Phase 3
30,Nawabshah,2027,CS0060986,Bakery,High,827235,26.263899,68.463978,Phase 3
30,Nawabshah,2027,CS0060976,Grocery,High,824195,26.162209,68.203075,Phase 3
30,Nawabshah,2027,CS0061852,Pharmacy,High,803386,26.320459,68.499953,Phase 3
30,Nawabshah,2027,CS0060932,Bakery,High,786471,26.469548,68.748113,Phase 3
30,Nawabshah,2027,CS0061256,Grocery,High,785777,26.050207,68.321115,Phase 3
30,Nawabshah,2027,CS0061963,Grocery,High,770568,26.158848,68.196338,Phase 3
30,Nawabshah,2027,CS0061933,Pharmacy,High,750555,26.335135,68.425223,Phase 3
30,Nawabshah,2027,CS0061049,Bakery,High,748574,26.103612,68.224911,Phase 3
30,Nawabshah,2027,CS0061746,Grocery,High,747800,26.437802,68.359402,Phase 3
30,Nawabshah,2027,CS0061775,Grocery,High,741684,26.459759,68.526183,Phase 3
30,Nawabshah,2027,CS0061943,Grocery,High,738251,26.189313,68.198101,Phase 3
31,Layyah,2025,CS0092316,Bakery,High,1529653,30.894547,70.887577,Phase 3
31,Layyah,2025,CS0091349,Bakery,High,1500545,30.822189,71.307715,Phase 3
31,Layyah,2025,CS0091579,Grocery,High,1465419,30.948721,70.869085,Phase 3
31,Layyah,2025,CS0091564,Pharmacy,High,1399517,30.940348,71.210377,Phase 3
31,Layyah,2025,CS0092196,Grocery,High,1378570,30.955428,71.14312,Phase 3
31,Layyah,2025,CS0091382,Grocery,High,1348211,30.894107,71.352692,Phase 3
31,Layyah,2025,CS0091528,Grocery,High,1249273,30.953975,71.241504,Phase 3
31,Layyah,2025,CS0091534,Supermarket,High,1225994,31.015828,71.472271,Phase 3
31,Layyah,2025,CS0092029,Grocery,High,1161861,30.868396,71.123055,Phase 3
31,Layyah,2026,CS0091867,Bakery,High,1139906,30.959236,71.326101,Phase 3
31,Layyah,2026,CS0091808,Pharmacy,High,1131161,30.84797,70.796864,Phase 3
31,Layyah,2026,CS0091514,Pharmacy,High,1097764,30.955908,71.392151,Phase 3
31,Layyah,2026,CS0092087,Bakery,High,1093748,30.921891,71.108615,Phase 3
31,Layyah,2026,CS0091859,Grocery,High,1088318,30.940224,71.258475,Phase 3
31,Layyah,2026,CS0092276,Grocery,High,1080878,30.859842,70.779969,Phase 3
31,Layyah,2026,CS0091358,Petro Mart,High,1029464,30.926597,71.326088,Phase 3
31,Layyah,2026,CS0091644,Bakery,High,1028747,30.792899,71.233792,Phase 3
31,Layyah,2027,CS0092311,Grocery,High,1027360,30.99703,71.289254,Phase 3
31,Layyah,2027,CS0091726,Bakery,High,980586,31.04435,71.462608,Phase 3
31,Layyah,2027,CS0091848,Grocery,High,980291,30.837348,70.802082,Phase 3
31,Layyah,2027,CS0091480,Pharmacy,High,979613,30.794655,71.290393,Phase 3
31,Layyah,2027,CS0092298,Grocery,High,977839,31.028356,71.403852,Phase 3
31,Layyah,2027,CS0091328,Grocery,High,974590,30.921898,71.280252,Phase 3
31,Layyah,2027,CS0091737,Grocery,High,965462,31.028881,71.408519,Phase 3
32,Thatta,2025,CS0051109,Grocery,High,1752909,24.481962,67.746203,Phase 3
32,Thatta,2025,CS0050855,Pharmacy,High,1424975,24.458001,67.852752,Phase 3
32,Thatta,2025,CS0050690,Grocery,High,1393906,24.662018,67.809007,Phase 3
32,Thatta,2025,CS0050672,Grocery,High,1166142,24.060353,67.376635,Phase 3
32,Thatta,2025,CS0050735,Pharmacy,High,1115794,24.831413,67.716176,Phase 3
32,Thatta,2025,CS0050962,Grocery,High,1104765,24.729755,67.859535,Phase 3
32,Thatta,2025,CS0050926,Grocery,High,1008780,24.517591,67.739837,Phase 3
32,Thatta,2025,CS0051055,Pharmacy,High,994736,24.639375,67.884266,Phase 3
32,Thatta,2026,CS0050789,Pharmacy,High,957751,24.205565,67.554117,Phase 3
32,Thatta,2026,CS0050715,Grocery,High,951726,24.636085,67.819188,Phase 3
32,Thatta,2026,CS0050995,Petro Mart,High,900582,24.40491,67.76124,Phase 3
32,Thatta,2026,CS0050918,Grocery,High,851890,24.053787,68.086608,Phase 3
32,Thatta,2026,CS0050810,Grocery,High,849736,24.679817,67.901216,Phase 3
32,Thatta,2026,CS0050820,Grocery,High,788182,24.113247,67.50982,Phase 3
32,Thatta,2026,CS0050824,Grocery,High,787165,24.175726,68.050733,Phase 3
32,Thatta,2026,CS0050872,Grocery,High,776327,24.565171,67.935144,Phase 3
32,Thatta,2027,CS0051066,Grocery,High,767555,24.266536,67.75564,Phase 3
32,Thatta,2027,CS0050753,Grocery,High,764795,24.081529,68.073539,Phase 3
32,Thatta,2027,CS0051140,Grocery,High,741786,24.627872,67.909047,Phase 3
32,Thatta,2027,CS0051013,Grocery,High,711173,24.631589,67.92221,Phase 3
32,Thatta,2027,CS0050757,Grocery,High,680765,23.954556,68.074166,Phase 3
32,Thatta,2027,CS0050782,Grocery,High,680520,24.491455,67.835647,Phase 3
32,Thatta,2027,CS0051139,Grocery,High,656566,24.856896,67.814247,Phase 3
33,Mohmand,2025,CS0153322,Pharmacy,High,915742,34.312414,71.475138,Phase 3
33,Mohmand,2025,CS0153293,Grocery,High,783882,34.293892,71.202698,Phase 3
33,Mohmand,2026,CS0153309,Grocery,High,770517,34.347726,71.310567,Phase 3
33,Mohmand,2027,CS0153278,Grocery,High,672873,34.317476,71.528616,Phase 3
34,Badin,2025,CS0059873,Bakery,High,1614543,24.787121,68.861272,Phase 3
34,Badin,2025,CS0059912,Grocery,High,1466660,24.343605,68.849638,Phase 3
34,Badin,2026,CS0060234,Grocery,High,1249603,24.365826,68.652431,Phase 3
34,Badin,2026,CS0060171,Grocery,High,1248876,24.681218,68.731786,Phase 3
34,Badin,2027,CS0059838,Pharmacy,High,1178510,24.482641,69.118364,Phase 3
34,Badin,2027,CS0059411,Pharmacy,High,1129407,24.513733,69.005699,Phase 3
35,Rajanpur,2025,CS0069755,Grocery,High,1506867,29.344934,70.464104,Phase 3
35,Rajanpur,2026,CS0070074,Bakery,High,1365887,29.244724,70.09786,Phase 3
35,Rajanpur,2027,CS0069924,Grocery,High,1363375,29.142101,69.956045,Phase 3
36,Mandi Bahauddin,2025,CS0112339,Grocery,High,1526379,32.373257,73.464049,Phase 3
36,Mandi Bahauddin,2026,CS0112393,Grocery,High,1414134,32.62885,73.535144,Phase 3
37,Orakzai,2025,CS0153734,Grocery,High,1245652,33.707622,71.168239,Phase 3
38,Dera Ismail Khan,2025,CS0152333,Grocery,High,1601297,31.941484,70.824302,Phase 3
38,Dera Ismail Khan,2025,CS0152833,Bakery,High,1377677,31.884002,70.43039,Phase 3
38,Dera Ismail Khan,2025,CS0152928,Grocery,High,1340654,31.807813,70.894705,Phase 3
38,Dera Ismail Khan,2025,CS0153238,Bakery,High,1271969,31.769918,70.53883,Phase 3
38,Dera Ismail Khan,2025,CS0152972,Grocery,High,1237870,32.088135,70.890445,Phase 3
38,Dera Ismail Khan,2025,CS0152521,Grocery,High,1232981,31.609269,70.78888,Phase 3
38,Dera Ismail Khan,2025,CS0153068,Grocery,High,1226840,31.760158,70.689436,Phase 3
38,Dera Ismail Khan,2025,CS0153090,Supermarket,High,1151550,31.92241,70.732125,Phase 3
38,Dera Ismail Khan,2025,CS0152763,Pharmacy,High,1139513,31.959314,70.531215,Phase 3
38,Dera Ismail Khan,2025,CS0152175,Bakery,High,1128108,31.505587,70.696559,Phase 3
38,Dera Ismail Khan,2025,CS0152537,Supermarket,High,1127638,31.621752,70.369181,Phase 3
38,Dera Ismail Khan,2025,CS0152441,Grocery,High,1071499,31.743584,70.389051,Phase 3
38,Dera Ismail Khan,2025,CS0153182,Grocery,High,1069163,31.783422,70.537923,Phase 3
38,Dera Ismail Khan,2025,CS0153111,Grocery,High,1047955,31.81209,70.765208,Phase 3
38,Dera Ismail Khan,2025,CS0152974,Grocery,High,1037363,31.665228,70.790255,Phase 3
38,Dera Ismail Khan,2025,CS0153015,Grocery,High,1030381,31.781679,70.884272,Phase 3
38,Dera Ismail Khan,2025,CS0152453,Grocery,High,1021213,31.663721,70.720533,Phase 3
38,Dera Ismail Khan,2025,CS0152670,Grocery,High,998313,31.698007,70.814558,Phase 3
38,Dera Ismail Khan,2025,CS0152891,Grocery,High,985562,31.684159,70.752449,Phase 3
38,Dera Ismail Khan,2025,CS0152385,Grocery,High,965865,32.085341,70.672214,Phase 3
38,Dera Ismail Khan,2025,CS0152403,Grocery,High,928590,31.759737,70.778263,Phase 3
38,Dera Ismail Khan,2026,CS0152298,Grocery,High,919757,31.793253,70.6178,Phase 3
38,Dera Ismail Khan,2026,CS0153069,Bakery,High,918510,31.870296,70.611506,Phase 3
38,Dera Ismail Khan,2026,CS0153171,Pharmacy,High,918199,31.921784,70.525727,Phase 3
38,Dera Ismail Khan,2026,CS0152756,Grocery,High,912443,31.58061,70.779935,Phase 3
38,Dera Ismail Khan,2026,CS0152582,Pharmacy,High,906886,31.738493,70.920318,Phase 3
38,Dera Ismail Khan,2026,CS0153140,Petro Mart,High,887388,31.942457,70.771652,Phase 3
38,Dera Ismail Khan,2026,CS0152700,Grocery,High,881496,31.943342,70.531019,Phase 3
38,Dera Ismail Khan,2026,CS0152495,Bakery,High,876854,31.812167,70.717895,Phase 3
38,Dera Ismail Khan,2026,CS0152619,Grocery,High,845494,31.885678,70.608037,Phase 3
38,Dera Ismail Khan,2026,CS0152866,Grocery,High,827745,31.844296,70.666587,Phase 3
38,Dera Ismail Khan,2026,CS0152306,Grocery,High,820552,31.749659,70.909823,Phase 3
38,Dera Ismail Khan,2026,CS0152690,Bakery,High,815348,31.896678,70.580613,Phase 3
38,Dera Ismail Khan,2026,CS0152614,Grocery,High,815019,32.132262,70.726479,Phase 3
38,Dera Ismail Khan,2026,CS0152820,Petro Mart,High,812613,31.866175,70.599603,Phase 3
38,Dera Ismail Khan,2026,CS0152485,Pharmacy,High,804167,31.973804,70.591353,Phase 3
38,Dera Ismail Khan,2026,CS0152997,Grocery,High,795240,31.738425,70.797991,Phase 3
38,Dera Ismail Khan,2026,CS0152731,Supermarket,High,793727,31.767009,70.71453,Phase 3
38,Dera Ismail Khan,2026,CS0152173,Grocery,High,787043,31.959329,70.484605,Phase 3
38,Dera Ismail Khan,2026,CS0152854,Grocery,High,748692,31.923059,70.672493,Phase 3
38,Dera Ismail Khan,2026,CS0152818,Pharmacy,High,744558,31.578132,70.646151,Phase 3
38,Dera Ismail Khan,2026,CS0152238,Grocery,High,742441,31.838615,70.350773,Phase 3
38,Dera Ismail Khan,2027,CS0152644,Grocery,High,735786,31.558677,70.476403,Phase 3
38,Dera Ismail Khan,2027,CS0152579,Grocery,High,732189,31.911632,70.685373,Phase 3
38,Dera Ismail Khan,2027,CS0152200,Grocery,High,721208,31.839409,70.751191,Phase 3
38,Dera Ismail Khan,2027,CS0153044,Grocery,High,721006,31.607659,70.51763,Phase 3
38,Dera Ismail Khan,2027,CS0152387,Pharmacy,High,720119,31.706481,70.38996,Phase 3
38,Dera Ismail Khan,2027,CS0152503,Petro Mart,High,710667,31.651155,70.776406,Phase 3
38,Dera Ismail Khan,2027,CS0152844,Petro Mart,High,704055,31.726256,70.410441,Phase 3
38,Dera Ismail Khan,2027,CS0152967,Grocery,High,699566,31.802376,70.509691,Phase 3
38,Dera Ismail Khan,2027,CS0153052,Pharmacy,High,691073,31.221399,70.77439,Phase 3
38,Dera Ismail Khan,2027,CS0152968,Grocery,High,687414,31.427274,70.633467,Phase 3
38,Dera Ismail Khan,2027,CS0152507,Grocery,High,672724,31.496396,70.601341,Phase 3
38,Dera Ismail Khan,2027,CS0152532,Grocery,High,672145,31.950735,70.341608,Phase 3
38,Dera Ismail Khan,2027,CS0153220,Grocery,High,666059,31.804266,70.641596,Phase 3
38,Dera Ismail Khan,2027,CS0152661,Grocery,High,662178,31.762382,70.476151,Phase 3
38,Dera Ismail Khan,2027,CS0152510,Grocery,High,660824,31.785618,70.907616,Phase 3
38,Dera Ismail Khan,2027,CS0152681,Pharmacy,High,652421,32.070002,70.678144,Phase 3
38,Dera Ismail Khan,2027,CS0152497,Pharmacy,High,651531,31.689932,70.596871,Phase 3
39,Bajaur,2025,CS0154146,Petro Mart,High,1053138,34.80053,71.49806,Phase 3
39,Bajaur,2025,CS0154127,Grocery,High,851608,34.808653,71.401587,Phase 3
39,Bajaur,2026,CS0154183,Bakery,High,664562,34.670202,71.490037,Phase 3
39,Bajaur,2027,CS0154178,Pharmacy,High,650083,34.724214,71.504231,Phase 3
40,Hangu,2025,CS0154914,Grocery,High,1098837,33.3286,70.833586,Phase 3
40,Hangu,2025,CS0154911,Bakery,High,912670,33.252534,70.670527,Phase 3
40,Hangu,2025,CS0154990,Pharmacy,High,853738,33.363278,70.883778,Phase 3
40,Hangu,2026,CS0154889,Grocery,High,728858,33.338022,70.65647,Phase 3
40,Hangu,2026,CS0154877,Grocery,High,710624,33.4537,71.008269,Phase 3
40,Hangu,2026,CS0154975,Bakery,High,689530,33.399237,70.935176,Phase 3
40,Hangu,2027,CS0154898,Supermarket,High,657351,33.330994,71.107112,Phase 3
40,Hangu,2027,CS0154955,Grocery,High,602268,33.483622,70.829021,Phase 3
41,Kohistan,2025,CS0163957,Grocery,High,1342675,35.251969,73.028263,Phase 3
41,Kohistan,2026,CS0163985,Grocery,High,718703,35.413643,73.182564,Phase 3
42,Dera Bugti,2025,CS0015556,Grocery,High,1100651,29.194533,69.56252,Phase 3
42,Dera Bugti,2025,CS0015446,Pharmacy,High,1020682,28.914668,68.878881,Phase 3
42,Dera Bugti,2026,CS0015554,Grocery,High,903246,28.688604,69.148276,Phase 3
42,Dera Bugti,2027,CS0015533,Grocery,High,812433,29.093872,68.822091,Phase 3
43,Shangla,2025,CS0167441,Grocery,High,1329004,34.819683,72.706743,Phase 3
43,Shangla,2026,CS0167462,Grocery,High,1003975,34.842564,72.877916,Phase 3
43,Shangla,2027,CS0167471,Grocery,High,953255,34.836439,72.900222,Phase 3
44,South Waziristan,2025,CS0153372,Grocery,High,1234660,32.453915,69.372624,Phase 3
